PC1,PC2,PC3,PC4,PC5,PC6,PC7,PC8,PC9,PC10,PC11,PC12,PC13,PC14,PC15,PC16,PC17,PC18,PC19,PC20,PC21,PC22,label
-2.0386749969730045,6.67605545346715,-0.7107492653492327,0.5274839497158961,-0.09391559088845093,-0.46557156262101745,-0.20305524333405295,-0.4690028350180345,-0.28376786850282326,1.4072103445115405,0.5666666420317753,0.016798674125039416,-0.5380837671721078,-0.41201363748043435,-0.5056330711685985,0.5294301332131195,-0.6634132056963887,-0.3561190667596934,-0.4638798857830573,0.17509159646715194,-0.4244106412036706,-0.36296388390774237,0
1.7154788436216049,2.1472812042166183,-1.8088822618096339,1.1998136146823202,-1.550387002189563,-1.3913811304498185,0.07868434393241716,-1.010128085547836,-0.3310937181394978,0.5310621241399373,0.421383599134832,0.05854927242765348,0.33515211093158026,0.2107170658484569,-0.14463451641867986,-0.014834975256331059,-0.21995715272159816,0.0005754742592215649,0.05890673902894294,-0.035720841484927664,0.16686220170109103,0.03027142687866447,0
-1.9718049882128403,6.172167211152361,-0.4594088780515833,-0.013397004143548837,-0.1837042001349,-0.5107906121038378,-0.17952811534152704,-0.6049935875429878,-0.23297509418133258,1.2843436352839308,0.44213189481717924,0.06314832722617436,-0.7590874596539224,-0.2405313769443375,-0.6874641765469761,0.5564861580775466,0.07130733968499124,-0.6047810866030443,-0.46349596696862805,0.2696691996048094,-0.4845533178615499,-0.43871857565830297,0
1.6518588644948886,1.9386071639446527,-1.5044242505794498,0.6819474444539266,-1.5939117528069369,-1.4688013785399558,0.10148076780502427,-1.0957018064383734,-0.21773454071691303,0.39392275643572255,0.22316657800692358,0.04106049097032269,0.2083083474676562,0.4091141218605525,-0.3291967004714374,-0.024787111080787065,0.5619110682158782,-0.19639078561656995,0.08519729342458264,0.0737441696150854,0.05716710158387211,-0.03357215251637507,0
-2.0261552799535694,5.795505188665002,-0.1899236854534279,-0.7102959788087904,-0.19835664096522307,-0.3240366196908899,-0.06676374113412638,-0.6066612040368885,-0.12503064525972388,1.2183231623940742,0.5351478169946281,-0.15287181648586645,-0.6051343409824577,-0.21779281527015718,-0.46944714504103674,0.5449875370844739,-0.6226182596550687,-0.47566470321762405,-0.6747452643551834,0.31026841611781086,-0.2694513954432072,-0.4470386330533467,0
1.508240691048915,1.6375358838930034,-1.1643508072756281,0.017584470335297333,-1.7190137704003703,-1.387016763630045,0.25958030489365547,-1.1394039416398272,-0.10132495802656559,0.22784731959212634,0.3380810870866351,-0.16152270025491738,0.3624343549606024,0.4441694886640416,-0.0996988300766062,-0.03862644657625561,-0.14520369310495174,-0.05246074687602383,-0.08193450949819932,0.0480507155018025,0.3332339226661088,0.025377963922721576,0
1.5362440243641549,1.8478958909846466,-1.3916811485992004,0.503827067926903,-1.8062263218674426,-1.4938175815678574,0.39760314038304967,-1.2035079667675643,-0.19163294632456193,0.33997974751148907,0.06653247302028976,0.3010799017270625,7.903291956155047e-05,-0.3879190347055225,0.6288115459757543,-0.12300603098981362,-0.32454730083339145,0.2614869472610789,0.42800049388152506,-0.16513255310349068,-0.11907179808601884,-0.19740880002827918,0
-2.02001339835296,6.068851066098579,-0.41704014760980146,-0.23730498122269816,-0.191961570737383,-0.408489030774411,0.14347907133701135,-0.5655939071637601,-0.15337541635122406,1.2137440741292773,0.2093481991571287,0.2647070258218294,-0.9009904681503943,-1.0137487439074657,0.24902188588312804,0.4327222390199735,-0.7381219334681884,-0.11737928668856783,-0.0905651045405942,0.04977410365698858,-0.6856974237319908,-0.6253172833950109,0
-1.625822153008543,6.9519844202441465,-0.6401391749299077,0.7299774762959623,-0.09622443478006408,-0.7131411012980634,0.015112524741835035,-0.5452386080634694,-0.360285145842304,1.364101611546013,0.8260256251707955,0.05982740415812543,-0.9098271785250037,-0.7082392259164113,-0.35716419901580765,0.45370905865305716,-0.8103425719192671,-0.30033388826255436,-0.45079138756628956,0.11807307343608475,-0.4249687206073988,-0.6353884837089797,0
1.9742955688308057,2.6812433804421096,-1.6579478680638724,1.4755159855390136,-1.6312994560028462,-1.726679178897499,0.2912791862386483,-1.100739266758569,-0.3832497370411211,0.46612370733480485,0.6341913729651716,0.08118947743792727,0.018482217364919513,-0.06499424828164296,0.02826457510838263,-0.14414911083057305,-0.31850396992489977,0.11410773638236772,0.13662604047857763,-0.1357789579339917,0.21259156223985207,-0.1818654609344408,0
0.2202671253908512,5.836827172050211,0.43957128857534206,-0.2892501357971905,-1.8384201445468424,0.9569646288664514,-0.10801665043213347,-0.7525713819545216,-0.07759677144889722,0.28462991833009105,0.002682734139673444,0.5855999759186052,-0.20956437468900044,-0.11041940638588776,-0.639260153575394,1.9758228949101906,-0.2286252412555549,-1.2109990865619114,-1.3758246651436805,0.5727779273158206,0.513787396942494,1.1246870709544516,0
3.5355167798720633,2.1584261599764414,-0.533242152262063,0.25137615854861395,-2.968465651923508,0.14577562282650355,0.1432608996181101,-1.1960698615454604,-0.0162937001529234,-0.3965825354404851,-0.19288611715425608,0.5938416736106578,0.5674779799278813,0.44497956610632594,-0.4283195659754709,1.5177900389233034,0.17375085264733575,-0.8563771023135406,-0.8353439610680282,0.4775829718195409,0.7478870400539279,1.5233386117065297,0
3.28283462030804,-0.1883476197899601,-0.3613768178958999,-2.1853297605059407,-0.20235808637015676,-3.0946698207997794,1.941462616304037,-1.3739567091363027,0.24560775019293404,0.0862078218550758,-2.573883696310238,1.7354804632686702,-0.9458985550435813,-2.2880570382157868,3.8870773632540683,-0.23847645751428995,2.149123628558499,0.7108295674533432,-0.696879139335295,1.5216314690022605,-2.007734386387188,2.1818929765525374,0
1.9234329109218593,2.537006327830018,-1.723863584461602,1.4359392388039516,-1.5083698094738427,-1.7023504526423865,0.008924873022142796,-1.1028968240743873,-0.4314630178539962,0.6408048810291689,0.5351778168842624,0.11129789178995114,-0.00028171928762354395,-0.08088879996360038,0.11925851151217451,-0.3643542904229863,-0.13826650077619668,0.14497693006385856,0.06867495192772298,0.01238333600913027,0.13108698964688306,-0.1486897080765865,0
-1.9158218242747198,7.377514892146628,-0.6573435803217896,0.954138298927201,-0.27691391118363357,-0.4915855528374968,-0.2438778631249369,-0.5632220904870369,-0.41436590364905956,1.6538310024469722,0.6459805404765788,0.07673427818055505,-0.5016616648527329,-0.3276617468975799,-0.7613453078112101,0.7819532962661363,-0.433444141430672,-0.6454982380246632,-0.8104598028967502,0.46131012465044224,-0.7060777103773441,-0.3318143284132841,0
2.033773107250438,2.655605127381123,-1.8010260996375993,1.7214278748429253,-1.7853574847717129,-1.423643677525018,0.017133212206444103,-1.0699433476416416,-0.4855703613476049,0.7385638866610519,0.4582603850806743,0.09554472115684753,0.45354738668834266,0.33353187856475514,-0.31589944236169065,0.14113021897617264,0.0742606685363527,-0.2290494039457048,-0.26009294425923013,0.19042410870071907,0.06089346996382377,0.10257023668076679,0
1.5632257497339885,1.7360006315456866,-1.3860155657147264,0.47590316994570925,-1.9191690124781282,-1.4299039235159585,0.166220323118286,-1.2929703005999613,-0.2275846847226544,0.4960687325026658,0.0018716434189325456,0.18100909781909774,0.37278347537230405,0.19660070903088184,0.15639594183316388,0.12637381775849083,0.19214182270289543,-0.05770813155603218,-0.20567187825389457,0.251124215534334,-0.14896130465682,0.09147452419539723,0
1.3554534882323972,1.6917665901691117,-1.3562936714403455,0.4850599378876489,-1.7583900300463657,-1.7541483444697092,0.08263057539849974,-1.3662672993216114,-0.23876411921748328,0.31632783659230085,-0.148087909848565,0.5387708160505439,-0.11386052288538763,-0.5178705108875564,0.8648189615177762,-0.15031475353575532,0.06226500439193621,0.2788710865001352,0.34789110406372464,-0.09036703251036515,-0.3275004828423085,0.09784851819841564,0
-2.239920441936515,5.943468252746872,-0.40463588718633636,-0.23462716837496966,-0.14501999209748156,-0.6705008311492773,-0.23451702688891773,-0.7379987756992071,-0.20886050721032215,1.2684734034791256,-0.017890920394926804,0.4599729030482705,-0.9394394611964262,-1.1133398282228333,0.49163077486838147,0.3622754619603592,-0.3305270846342851,-0.07191011648716579,-0.18464437392365815,0.16754737015859852,-0.9605536924603049,-0.352478511447165,0
1.6534078661199765,2.776071891519037,-1.7161273789437053,1.6950956287686705,-1.7442782542790292,-1.642121353890601,-0.18804863868089086,-1.1344737483436982,-0.390339079868835,0.3139658247038755,0.6322329997226438,0.17475675548100128,0.17429642021968983,-0.041639084805550106,-0.07939218013889071,0.030792047657466487,-0.35773514707899573,-0.04605253457507121,0.18037692416096535,-0.1815247865080783,0.1739391119293793,-0.04644657131807927,0
1.0836329078443,1.1063346653528712,-1.289348587830475,-0.21419013701654135,-1.4658297443003323,-1.5123002724055776,-0.1558736650464639,-1.2530632600390816,-0.060048854259683516,0.05112260907537448,0.053140322042734854,0.17302129358119925,0.08970699888479607,0.31391939681746434,0.011200462687693693,-0.08176865152918115,0.24886679788257815,-0.05148582320083441,-0.11601787793747055,0.16973968352399835,0.018274549309246057,0.25293279425465937,0
1.1718470629387225,0.7871251257004216,-1.1008707624850913,-0.6574158452125305,-1.767566963182276,-1.2467609582237857,0.3605695246898895,-1.222543288183001,0.02798540754192826,-0.01040210142265518,-0.0007807447065561903,0.11397215987388121,0.01130467247420375,0.3081880604030906,0.07576363388205579,-0.14145767193857242,0.045269367770878595,-0.03739130258515346,-0.05815529272455367,0.10852333236164602,0.2089763964702998,0.10438469436644623,0
-2.0891212622051167,4.579504977417335,-0.31540162740228533,-1.3569769604825448,-0.07067377884051242,-0.00877537928232372,0.11698857588232321,-0.460221693953504,0.0703995474947294,0.7995694000198191,0.05949002523270371,0.07738552677585074,-0.8331071257600201,-0.30317579513223936,-0.2537057441904499,0.2974599307149163,-0.29808696832722714,-0.3380735402710876,-0.4934569405202345,0.2910463483260582,-0.21326096428130875,-0.24858556131446682,0
-2.0387661778031534,4.074576226669407,-0.5059841508375322,-1.4574004164305103,0.08559492966415691,0.2563111436730956,-0.09509838358292294,-0.3021767600174713,0.16798701266147675,0.5364325765406031,0.06780796469322149,0.01891681537820023,-0.628205708221098,-0.1823830652039635,-0.3435222953292741,0.3853964292518293,-0.35040058893411946,-0.22580611479784926,-0.04933259192930229,0.0045509919626126,0.10871582832296399,0.2457294688478832,0
1.2668826601993286,0.22580021110977486,-1.1982708820359773,-0.7855627557478123,-1.7165524531290477,-1.0572616455045944,0.04486870719399294,-1.1909661844512007,0.02624812621723756,-0.13657160469461108,0.07763900626663674,0.06682178582890724,0.14431188954824614,0.37980501895284363,0.06440003584398066,-0.020000779790678734,-0.08011511291191,-0.028470460928298153,0.13161741364556465,-0.09408487092533657,0.5279968293189345,0.3230069337681395,0
1.5538709849862047,0.6385924874904382,-1.3899025072297444,-0.32768251971931805,-1.4452040925815972,-1.0703190259517614,-0.09690501866742085,-1.0802971745037662,-0.02900478384481429,-0.08520105267486079,0.006011830360214366,0.2895547965640281,-0.08439484330705527,-0.11577862133570072,0.48546085704931274,-0.25867066009336837,-0.3228453889480548,0.23092724600246448,0.1890581910584639,-0.0050782517984771566,0.11679704755778736,0.29869666938529643,0
-2.027572915560731,5.8431054234847455,-0.7330327115790077,-0.019834471775427413,0.12139699899841316,-0.47607791133040506,-0.11799575227824276,-0.407076196873819,-0.14864661160686712,1.1769687076408104,0.28207038550308605,0.07862368672243435,-0.6787759922702821,-0.5808211898908076,-0.13410998464654836,0.2781039671957334,-0.42888131540177077,-0.12975742918898844,-0.1082685732224118,0.10455248734004013,-0.697234454753354,-0.3996454972806899,0
1.6646674940734267,1.541351832129736,-1.7164832083103627,0.6533680068641503,-1.3982758149579737,-1.4141157473219796,0.030538531568702443,-1.045707038727344,-0.24984288502542448,0.43317904012350456,0.2204146388836961,0.1514895919445476,0.09071691190100385,-0.02289114132169741,0.2368196833766403,-0.20883432878537708,-0.07817052704488812,0.17448721114572463,0.31331893921062937,-0.07645915533455205,-0.15352139729604064,-0.042285262203121725,0
1.9637384127672655,2.348934496867267,-1.9445120032267345,1.7734598309672795,-1.5723461613823826,-1.5015699724647922,-0.41703255221212054,-1.0879532067972921,-0.4880727115654524,0.4568806872043835,0.7274439655492951,0.1550737251106583,0.09803208383048474,0.04339756956731297,-0.22809437264423454,-0.044996895471573845,-0.2524737212305746,-0.04805022720405485,0.24849084621632642,-0.23901595502553602,0.3256166860826606,-0.12102746688821822,0
-1.9269140437205552,6.9801070816021245,-0.8495345219709416,1.068996044044278,-0.09637445373307411,-0.6146128883049419,-0.6411278465859274,-0.5595960135453201,-0.40115447173853236,1.324845140096583,0.8637291463034189,0.11495894470525644,-0.7584973101963787,-0.5658196118327616,-0.642083672170802,0.5411689622869872,-0.7066405250291625,-0.4007920975860971,-0.2343117783609823,-0.0072359921940208845,-0.3889732995841603,-0.4898701340132721,0
-1.8558447807309262,6.3479559375701715,-0.5365818040503414,0.2727853347044257,-0.141074906962742,-0.5971316737534459,-0.3874964039857876,-0.6699151477743461,-0.30350097999551984,1.2831271920520995,0.48985984542581545,0.28340026923998174,-0.9813279940547741,-0.4725765603857683,-0.5709511479739475,0.5551255807756653,-0.10452417529852358,-0.6248531740304155,-0.6065491277996531,0.3272807253931273,-0.5689905875293026,-0.34081315315151917,0
1.8699034243335668,2.034722771346072,-1.581822772024487,0.9369467481332495,-1.4919774450498267,-1.501707152368925,-0.10579244428431377,-1.1254336684183504,-0.30596888638572667,0.37075076590457257,0.30598210486543753,0.27198261156846415,-0.06521654576044084,0.1569911110998221,-0.1987992043274797,0.001471219830084501,0.3655079789810244,-0.24097547614435863,-0.08934752620225568,0.1157408453543845,-0.012830503265851478,0.06455212048729142,0
1.6222426408963007,1.5365396432091,-1.3756779329954343,0.5383216587017292,-1.8784562445074535,-1.6357422052436306,-0.10903501835056495,-1.3359193697482323,-0.26608360275550125,0.25845012569897374,0.23077564532227318,0.16597875209805824,0.25187339579986134,0.10961282539858261,0.19668540690842365,-0.05936473102172253,-0.11036928867716793,-0.05325353827589915,-0.16235694766604788,0.164694446713444,0.06787545102514611,0.06747242880289706,0
-2.0887282497092152,5.986900843021575,-0.405020421883168,-0.26167128905766374,-0.09789260940912888,-0.4186004473384731,-0.34630591902694763,-0.6059050684308587,-0.17180424176495615,1.143641100998272,0.35270919760940384,0.1491360508646805,-0.7246722184859029,-0.54479259463871,-0.2583572994952974,0.5164968139977939,-0.5257904605007546,-0.39262763189362854,-0.5565990030472193,0.3472537344801434,-0.5643734305203366,-0.21025596100063373,0
1.4409238848209223,1.7954544397982366,-1.5052455033336607,0.6882433728771782,-1.8612879628023626,-1.5835787344480405,0.16632523981495595,-1.2601280946437612,-0.2662043513907439,0.35439341271954705,0.4234682280596013,0.0620199070701509,0.1767692754287462,0.0718544352435053,0.14710641490476253,-0.09689729108289098,-0.3710691535687409,0.08997013584655135,0.09340180656982887,-0.04131675739367397,0.030669146488554646,-0.06573936036509763,0
-2.0708337243144075,5.9726521066258735,-0.5911655847595758,-0.041006357204382234,-0.14966959900079546,-0.36890578727856416,-0.05585164640586251,-0.5191934951080971,-0.20407326891325392,1.1783792765483447,0.5202554110396733,0.0603645123435341,-0.7505621995465712,-0.5659312638452689,-0.23827059555136995,0.44171537392981036,-0.727587818509789,-0.23336142766677778,-0.2842126076484708,0.08353182868126408,-0.4346631820180334,-0.33327868748187317,0
-1.5893903399662324,6.745934293162744,-0.7804189289147776,0.9003241959155405,-0.12024792362990225,-0.6040539492770203,-0.330051445103666,-0.5382395816490457,-0.3445832484878036,1.2824012282036146,0.48016721656006817,0.3095625666256911,-0.7425859159071336,-0.8670725453351532,-0.2098357313283626,0.6023502743089457,-0.5713868061941441,-0.3219036477440289,-0.22083999335615115,0.07817579442319111,-0.4486081275818992,-0.4717948943565334,0
2.068855368737372,2.46636639391178,-1.768149634423473,1.5894533209545536,-1.6090265877504313,-1.5729289178866466,-0.0868830097344805,-1.1098067740206619,-0.4021295037301398,0.4159534393492015,0.3850796816638669,0.34850660456960597,0.06816217945961496,-0.2684451701430859,0.15448595560389242,0.06463576111436636,-0.17073797323412038,0.024819795686246548,0.2735877884348168,-0.1537400822745108,0.14873945885346235,-0.08790939460817158,0
1.8260856482752956,2.1091296165040148,-1.840300582801654,1.387693697279977,-1.5691804450248747,-1.545907070200514,-0.006454463605045817,-1.079671223605111,-0.34857388929288097,0.30606556835367316,0.44574703659205556,0.2295422989989205,0.10631307142918452,0.36647576958227673,-0.5559720575899678,0.17725110031178118,0.4206056351311089,-0.32710324302017546,-0.07870472215137743,0.05234218877137691,0.30744201357585577,0.22481106314314572,0
-1.7101528864721793,6.260045843897382,-0.8835023194754134,0.7048320278231588,-0.07538200042320238,-0.48070775929818627,-0.2770205028863697,-0.49625743716178616,-0.3239561565187416,1.1539278860305688,0.6101907393872642,0.23800818993786862,-0.8191653544671189,-0.2792853693795099,-0.9174573512076626,0.7073446193072425,-0.0422567785108572,-0.6655484355704602,-0.5306230188733435,0.2221979504346872,-0.2163158677009241,-0.08568538346136505,0
1.53395301004951,0.8106059622586786,-1.2794445766659555,-0.2975591862267948,-1.7051389222328552,-1.47401783027723,0.560213889857083,-1.2334014882434874,-0.11551023997777819,0.1817566883933539,0.1593670396007503,0.10869775322055886,-0.07798598989354424,0.37935685014769366,-0.05755854299570137,-0.07364293031464982,0.39544652976198386,-0.15216812532345556,-0.06485665102299333,0.11955955332867446,0.17480068050990008,0.1709509167747804,0
-1.6461833007241655,4.522939280131158,-0.5653735561709197,-0.9126271560002311,-0.017223179591758293,-0.2072311363321234,0.3313540023172476,-0.3721205917657183,-0.026861169143983354,0.8849786689482254,0.1453272370249634,-0.017808103282853573,-0.7379932053269089,-0.1477755893677331,-0.3619244767628835,0.21425524527914602,0.13658562486647838,-0.334568292339537,-0.3944876490207302,0.2701739883472321,-0.14246360974756456,-0.05898637848048547,0
1.2408689263352106,0.5828096551441811,-1.4149065355460249,-0.4763678928729298,-1.691222923849938,-1.157631777685896,0.6731314173712152,-1.0701626484840931,-0.059408514569989725,0.35199773253032973,0.05030928160890887,-0.0836200791591451,0.2833212273137479,0.35001919783960006,0.18941287697433193,-0.11808959933550069,-0.007772929350648713,0.120994741833607,0.3170829820876442,-0.0933630724029676,0.10883121544642178,0.03016937526485975,0
1.5444803488663235,0.8001028017075975,-1.520484760049524,-0.09719791246776428,-1.5909578332214447,-1.089701752125821,0.2930371776352896,-1.0344263378683898,-0.12223706524619367,0.2463803045605313,0.17197832246697603,0.031919195126077195,0.06198976230292726,0.26260243363347685,0.11706222944619685,-0.26593793680510297,0.048507794734884674,0.13453059396777797,0.3030310706834695,-0.08667371730570217,0.04128654377573986,0.10604731230659928,0
1.9044381326305333,1.1473327874164132,-1.255408313040577,-0.14186138262960565,-1.8299401383751175,-0.996141555209865,0.6002371439528781,-1.007672428558188,-0.12342189494592622,0.3597142588244575,0.3165810453637635,-0.23826021442387077,0.40527678640311554,0.496070754262917,-0.01789212066450211,-0.04030846825692283,-0.20651231150163735,0.04424956500828666,0.09086675502885543,-0.07494687039940584,0.37066480586910727,0.032525988576098126,0
-1.5217924334611703,5.023465247902081,-0.39584209299106077,-0.7004653058946679,-0.3956967017035135,0.010234241208560653,0.4336128735309342,-0.3219076825914299,-0.051446949511219815,0.9638994590659098,0.34886291180798135,-0.2815874822968451,-0.3148455789077911,-0.04323384365694731,-0.32525215141301766,0.3505071880267941,-0.4933044533975411,-0.21677136843102127,-0.23619966564895858,0.005757905972478878,0.13419671981125864,-0.19541951211050465,0
2.7122605839348313,0.3102938603606299,-0.5611921281842673,-1.6326023247560733,-1.240510377438045,-1.5358265247849725,0.8208949875049484,-1.1548322035174916,0.3545037563256568,-0.508178396612144,-0.7479865519829121,0.24480769618055845,-0.3440603476880576,-0.19743339283823072,1.2851634965079082,-0.5933214244374331,1.0348352554106064,0.5127129797788038,0.0014232852525922365,0.5741075546914801,-1.5594833820572083,0.44349909275500354,0
-0.5455574025943998,3.8127163941594646,0.17770180853205234,-2.115354137331071,0.21248770922065222,-0.6001860389315378,0.6995074134822091,-0.33043462082519004,0.4984460317319404,-0.21194204458175137,-0.8303435072054962,0.07793316582978592,-0.78320588423503,-0.5945264567422233,1.080551895148829,-0.3698005192318351,0.904047593528733,0.3731162683998679,-0.2194831286862137,0.5661588704427218,-1.7201905137546092,0.20352285324848832,0
-1.7246320305239016,6.135202195972994,-0.3936357511051839,0.02690555847215328,-0.4138697743633172,-0.8327503961532905,0.8159661562010435,-0.7029440794706439,-0.27480494599754846,1.2709052563957588,-0.1373628639930377,0.7448200605856382,-1.7707392004999412,-1.289620530991896,0.6788388906358823,-0.1275993882631368,0.3468914594031508,-0.05493607169308159,-0.2998220437592072,0.33564121132682134,-1.3093345858377285,-0.2576685473832092,0
1.9674029011292218,1.964006981548718,-1.4386842696980817,0.6937590485999243,-1.8009538104404,-1.6842919590980703,1.0987681112332441,-1.1608555662643396,-0.2434870046684339,0.41297546826110487,-0.3588629935465209,0.7371600989269556,-0.9080814841234844,-0.7020786994695682,1.0438618980264196,-0.7924570125721855,0.8316116470556448,0.406373767782468,0.28669639809168096,0.18694060037851656,-0.8716954643955106,0.24802081204898133,0
2.112617021273118,2.4018917031680385,-1.6622761958841188,1.3979252165952127,-1.6463614832313862,-1.5136597219387755,-0.1400390598122184,-1.1304214635864367,-0.4552722906502694,0.6363811068774003,0.5497639842466829,0.10352041938518972,0.17361574138570424,0.22394026745398338,-0.19905752314993194,-0.09863992622004387,0.006073958733554017,-0.09475458393602605,-0.1317559280520785,0.10982658606376555,0.21289152585750382,0.11284897741303493,0
-1.814745174910523,7.074416955283197,-0.5688357627675547,0.6701567082925133,-0.12116924099980383,-0.5907486515780844,-0.3564743858382502,-0.5755660770977327,-0.35333729442030504,1.4946589855046575,0.6740258914668653,0.06398462816613787,-0.6936925713953395,-0.40610895162006694,-0.6244267083453869,0.5080629070814429,-0.4529774836245315,-0.4602686769282363,-0.621996596128813,0.36091807318998875,-0.5214101143202617,-0.26428565759048944,0
2.012195828177874,1.9713184912821282,-1.4091450391716476,0.650837893519862,-1.8380590235151968,-1.10597578951904,0.36592387217188665,-1.049814096131163,-0.2238223065479796,0.5040080010076456,0.041317591952527134,0.1514421323893412,0.45425838440992655,0.3212912992833638,-0.2249475964316024,0.4282551721787628,0.32044857339842425,-0.2981999108349134,0.06837064481455211,0.013988628594785052,0.21381913256020194,0.1534437106773904,0
-1.6413995806335182,6.184050309933567,-0.4067387992516821,-0.004782350345972622,-0.4563826812717058,-0.15838554241733377,0.12758013243302288,-0.5218303581589167,-0.20806922634534938,1.369853172119758,0.2023902812124943,0.11650939316732736,-0.41403250544877096,-0.27765387047723433,-0.5783895063618065,0.8902236963070641,-0.09767896330758592,-0.6236368069759963,-0.4074985245500744,0.2088977992635962,-0.2746767059603948,-0.20549729138159692,0
-2.2728678185244515,5.633031838465846,-0.29504204680187646,-0.8298518147147126,0.11066250237982778,-0.4874668659712634,-0.1272329378881752,-0.6444935398005203,-0.13276108638386855,1.2440690867854591,0.4788758772806096,0.0056302905489801144,-0.8461176763514078,-0.5024101429712949,-0.17350649231401416,0.38999801982669124,-0.7703944952017091,-0.24504007435601968,-0.6427326302177253,0.360115618694542,-0.3862383426664265,-0.31060567935383737,0
1.279354905779582,1.4498520497405885,-1.1968403384603925,-0.03341213363729107,-1.6066557455240096,-1.7372078653869616,0.12698857082077594,-1.3129168723060152,-0.16325490822627622,0.2861082460815981,0.3037730152322009,-0.022470866139831965,0.17448249276904898,0.15824196396447898,0.29545502567014426,-0.22375691587368787,-0.34713694421264607,0.14939741033524065,-0.21697114162293565,0.1664341286268695,0.21285511130540863,-0.0017361737446055985,0
-2.188568032506467,6.779213012429145,-0.8378006384237683,0.8758267943985925,-0.25125470921277576,-0.5677522740564421,-0.3267000387600674,-0.6399307148759202,-0.3769078540977643,1.3196907323247355,0.5020838789959894,0.4223144200714677,-0.9483326770517168,-0.9221693272113654,-0.16069047071465534,0.5213575311753031,-0.6713448378892831,-0.26006915475728454,-0.2374005215958759,0.11742358565839367,-0.8853181731101831,-0.3491689630627127,0
1.5114096443881215,2.417234980031159,-1.8584082780251543,1.6506959986581429,-1.8937612686403966,-1.6231271999038266,-0.06899375812625953,-1.2375347223616127,-0.40486937631879216,0.3761804741060875,0.35236505479341856,0.41717816111120554,-0.005130631685708064,-0.2589377493822868,0.2180471939565721,-0.1330784132985753,-0.22485782141058214,0.1461612397318555,0.30067605496384475,-0.09179726946124511,-0.25581208794264665,0.09983915274941543,0
-1.8691899002136976,7.2609057251751485,-0.7980178942908928,1.1743623347251175,-0.10998059230776863,-0.6619452820456279,-0.6053190339793026,-0.664310910958415,-0.4683245098926345,1.4530344732054932,0.8529188614585427,0.309916372710992,-0.9557194524933271,-0.6278996440547813,-0.7848640073556538,0.8096251879262993,-0.5731858458282824,-0.6474116463446222,-0.5506467057064741,0.12948394278130304,-0.45936128903029355,-0.538504087009497,0
1.886130430468625,2.825805143140604,-1.9122999186165193,1.9506002074834485,-1.5289909130381623,-1.613589957684998,-0.2796784278631839,-1.069796895777799,-0.43210464982816144,0.39205570658596295,0.5782191230174331,0.2686236459286038,0.1003948408995254,0.06461391059629143,-0.3812079333108234,0.130836075001225,-0.006047786868414531,-0.1787144482284224,0.0883662518009,-0.14222896830435466,0.2839963111155761,-0.04104578965565813,0
-2.9199065916897804,3.588417767188873,4.02315174989265,2.0144145849911888,1.326583241091565,0.7052736643837253,0.17385671869213362,-0.7635342631307115,-0.5683972757858484,1.0505343308265267,1.1468919962335122,-0.07460846688654903,0.34032478279120076,-0.6587835116031223,-1.4637686012036168,0.2569746347972634,0.11695960144796043,-0.6165122478821508,-0.21663106272136382,1.4748722427838277,-0.22581599584167383,-0.433887399294563,1
0.5862318593567747,-0.8007485252644438,3.4292606909719177,2.941218663562133,-0.5463919459767598,-0.6721583197356181,0.2490619426939476,-1.0336368936956992,-0.22993925830073803,0.5200961529988467,0.4691987498288434,-0.8315314568011034,0.8114602247631739,-0.5608259954201544,-1.5451876905126647,-0.08542878921904394,0.36986632594699953,-0.3343541642080661,0.12385557882708273,1.158162242983661,0.2672692536986215,-0.041859258566964985,1
0.34369934638898386,-1.1782346876248369,3.1719333664119747,1.2031710190757732,-0.24059857710084934,-0.426521117948306,0.9466935981733954,-2.7920177736075686,0.5824120185143825,0.3638430308740041,-0.1464811329053119,-1.2769236770394756,0.5961592195436357,-0.8151937505976147,-1.1733575417799293,-0.08271083310895334,0.12340200463397183,1.1841052312594753,-0.4195796291578278,-0.19339198611890793,-0.16536328768373,-0.024148066752008215,0
0.7593009406356407,0.674241117054303,-0.4312969416443825,-1.744571057851917,-1.766111432232264,-1.3826052572222225,0.2399655785355895,-1.3666826611282683,0.20118043649492165,0.006836803919854285,-0.0681780358031951,-0.27254925552348525,0.33823513290860285,0.5441239803885187,0.23577543550115757,-0.012419143564979382,0.31908348845034973,-0.016910337063841697,0.2902344472355834,-0.03242219457478441,0.0035138553398602833,0.04786716124771535,0
0.8226823047611898,0.2553470801327503,-0.3593378527307297,-2.0172970088884394,-1.8283573503551775,-1.1928495060192839,-0.2748014864629863,-1.4860301342026025,0.16316957459803616,0.06612746841744968,-0.08136098943342675,-0.26656474452202994,0.2986578357683335,0.5297027118419247,0.5541370798087087,-0.43366439246911787,-0.04768139817675675,0.2645546786178027,0.04972405807320126,0.08617258347455092,0.06425894072061039,0.10948534201948032,0
-2.7223856487923523,4.259872565763908,0.5032403714422488,-2.7003016607919865,-0.19362598551907748,-0.08654694877986159,-0.5490947215977572,-0.8282650046735631,0.13512061019939148,1.0592746004199889,0.03956069772267729,-0.317317091225008,-0.5491465387554227,-0.04981534275177035,0.22769475970960387,0.043571100956355156,-0.39120682489511405,-0.07311486691867931,-0.4373798495308213,0.2766990363623805,-0.42043940451373657,-0.330352203927212,0
1.4776004834062562,0.9759336365895063,-0.5663751217331281,-1.151730850500036,-1.6145001277502042,-1.4079049015650522,-0.3686178764238733,-1.4094643692248452,-0.031606595176228526,0.43401188687759357,-0.04971687714868218,-0.1758173062325556,0.41729551974718065,0.5166345366978101,0.31507230878476933,-0.17173747869353012,0.4534634869698652,0.0426989664745658,0.047841042171869096,0.08233923168245089,0.1625634740623005,0.09475991493235861,0
1.6024650701031036,1.0130018818800661,-0.774200996983183,-0.5909486184577126,-1.8518449433160018,-1.5918104712975547,-0.6205326940772957,-1.5485540618419784,-0.14329451010927494,0.38903149467388404,-0.0031328942827130325,-0.03469338137401763,0.38336082339744637,0.24198496996579277,0.5962223825927673,-0.3208580197019082,0.2603399443142643,0.22666528147560552,0.24118675951513657,-0.04272574530191104,0.05443987039266689,-0.04882913833971613,0
-2.3398483973677635,5.6268248503662655,0.18242439565575166,-1.348938964686428,-0.013082898425538952,-0.3901310849031927,-0.8558235257176389,-0.8290366618134066,-0.08488494856669367,1.397172709474038,0.1603448634930413,-0.011366641427502442,-0.6413660350523683,-0.36981003699456677,0.09814048657149374,0.32967564569037766,-0.10825015215850863,-0.0892416281963865,0.01814321462571418,-0.005251060973130833,-0.5901920007529953,-0.20228050385956672,0
4.08689440032005,1.4318612418150687,0.20252167479896047,-0.823029472659021,-2.9085063125350334,0.6282526539606502,-3.1539045352138513,-1.6857352163631476,0.2907515262807672,-1.0851101931650458,-0.29283732607126356,0.5929560099239142,0.8056387726091752,1.0393300633149338,-0.24494539859865763,1.8764674186625023,1.7004477956582118,-0.5749077745770587,1.5238752127543933,-1.3736518505818127,-2.036744451693833,0.21841932415981194,0
2.6932373834353274,-6.7615747364367875,-4.6520708268499344,-3.498977760937875,12.91681703431485,-12.9673543163467,-1.6818378462070835,-0.47856309467700997,-0.04471403919721934,0.017694972193920862,3.112033525208852,-2.5862153417168874,4.768357480805841,-1.146741767523848,1.782456430083774,6.1703693029102995,-2.6083579585346777,-0.5513395055824329,1.3898225911094315,-1.5459875745027856,0.49739565288519383,1.3699585454319914,0
0.311132192746911,-3.767914469262822,-4.1329932040263015,-3.7718166973826013,14.435610734446216,-11.715285550472649,-1.7627863866971454,0.6435702142500025,0.17013430581258898,0.09004097950309936,3.009464405558291,-2.8027066273095,4.470006183853447,-1.2583879651039511,1.4923979067594992,6.029881923264832,-2.44253175720972,-0.23363468066806278,1.945061106569244,-2.0821053400322933,1.1030165454079632,2.157523849769441,0
-27.04850395751787,-5.9880552718210325,-11.843814859225516,2.050929567293276,-1.1830202199804556,3.197840308705745,-0.991839299885188,0.5774480783618557,0.2529201801205155,0.13766522281538124,-0.4613520125604527,0.3152005087467148,1.207750996342185,0.6443323974743472,-1.2872075309786042,0.12684482352132423,-2.582844233274593,0.1384108094028755,1.1472215379022017,-0.5102323996948299,0.03428463982246829,0.15646301495190099,0
-25.68492810734336,-8.484659234464278,-12.310589798126603,2.6739228824268495,-2.8341025400849538,2.0869455688940852,-1.3020212566336167,-0.3846551981691022,-0.05453835506257005,0.019894637418386405,0.07046028064539321,-0.22427703443387306,1.9310773610660377,0.4793842509479921,-0.17678844244597375,0.32002161365900544,-2.376104601043845,-0.0798305450784181,0.030211214318511273,0.09469024996854414,0.21435504547890744,-0.9606127882090687,0
1.5733949194372592,-1.0393204898357487,-0.8287888114491417,-2.3277432258953175,-0.9912573421651482,-0.8498903547656429,-0.7453062894106428,-1.1622997299153264,0.5506051150819335,-1.1856913689941886,-0.3246410893669997,0.07753998664015037,-0.08538022360648259,0.7195260436032765,0.07871053348072118,-0.08504507458929471,0.960838103412635,-0.03661937079252272,0.3329415515980788,-0.10390048575329153,-1.0993610730648242,-0.17822709318773694,0
-1.9145884058553126,2.276440120370122,-0.4809872838973908,-2.5492316676536753,0.3156874925729405,-0.0055777300958793,0.33538735251753243,-0.47713524899065207,0.21471524503230452,0.6175214738123119,-1.0674252110178999,0.7615024346425288,-1.5306180087168264,-1.0056413305472114,1.2359482696550859,-0.388882585471479,1.110252523463461,0.18286281657675582,0.23571080704572225,0.09361268449596016,-1.2232816969793656,0.05262165502784567,0
1.0384551310968162,-0.8698967980284061,-0.9616736169065873,-2.085864974545548,-1.2805883102038444,-1.262036832783278,0.7070249288451389,-1.2563451807380523,0.24798267537167953,-0.19885384487401025,-1.1247322941902709,0.8724802906815227,-1.0188306177883102,-0.5962070268680212,1.5438319005149894,-0.7291881344495151,1.3389865891155623,0.39794851169025797,0.5216785020920222,0.04332014851944637,-1.0436906261864014,0.31609108267528235,0
-2.3428449652035472,2.994127088717656,-0.49723816837889806,-2.1523380074120464,0.2898869319491123,0.37577528932924076,-1.0504313502017404,-0.5016180692643755,0.12839257177813973,0.5847376276867621,0.20998483061846318,-0.10786933469556687,-0.567607615628267,0.017940898780684625,-0.19624483986345267,0.21466551690863728,-0.3726678831927621,-0.16059803502506417,-0.033310841930515374,-0.08268535209386907,-0.36788797144162405,-0.02900631005683795,0
0.778176535841942,-0.562047601731313,-1.0893209032874607,-1.5176990509538557,-1.505612537923383,-0.9865407077191749,-0.7324572576788528,-1.3059044147700212,0.13664763382157163,-0.37587416953453584,0.10664853758620171,-0.05312127721670169,0.20148819917975436,0.5545371581867471,0.1812155523937091,-0.23071564861080648,-0.08284424984149595,0.09619545702747435,0.27291476954621585,-0.1965401062512881,0.07772224011567959,0.21470425203946644,0
-2.811837121437598,2.8844948534491377,-0.056573444860656866,-3.052376552981392,0.23623096367338917,0.37989309670965066,-0.6060139363494569,-0.6045422238172555,0.24616635182679916,0.7939809205914503,-0.14602561602868958,-0.1418544882247007,-0.6440527448038146,0.004122668126933502,0.0638867591503767,0.13103273597386003,-0.24091392116416555,-0.12729623781299856,-0.25429959399993685,0.16515297792763975,-0.41236617606910037,-0.2846111404302125,0
0.4179400059113469,-0.7491158231986912,-0.6939797383930036,-2.336648969225424,-1.6041647072139809,-0.9836778736672361,-0.2976695110588047,-1.3769958747036588,0.26730272629787916,-0.21337607570412673,-0.2802613956360445,-0.12278613466179435,0.2323575539766412,0.5813991170289149,0.47459296980658217,-0.4135100341189314,0.10399349615898747,0.2263356429278486,0.14992358651764964,-0.003779024479809773,0.13500383728955104,0.09064278094377384,0
-2.775728267588696,4.742459567525929,-0.0829312327111803,-1.6728011991652971,0.012259354505200118,-0.09877049478278281,-0.8834088906621924,-0.8210803907080761,-0.0928187875367159,1.252596185002758,0.3285622247476732,0.06775001684386442,-0.8595979562391104,-0.40804598169779577,-0.0071555366420041145,0.4302710387125415,-0.5588843304545782,-0.3395020670043556,-0.33995007247291553,0.0955441490216522,-0.6606429790433641,-0.3894518782055653,0
0.6682481340417101,0.7652973344738957,-0.9139936849755887,-0.9523145028018363,-1.6617048264114664,-1.3255145907074364,-0.4851255066907027,-1.4041220558238563,-0.00045213026366206925,0.09034918954658744,0.0698974257094331,0.038980269864165945,0.14718197442059977,0.23973573600408632,0.38892105863770554,-0.2314472181331171,-0.08541182220012437,0.09318012111932779,0.19433997534545444,-0.09334984962135129,-0.012104491062399613,0.042131828047855986,0
1.0111469349609676,0.5858959862223753,-0.8996227162963958,-0.896901403165051,-1.6419043322540299,-1.3066230981794051,-0.6919959401267937,-1.3845264606056635,0.056407689142637905,-0.2235729713393464,-0.012752032759757432,0.0922835094017253,0.21743918001737228,0.3230300050690523,0.21032728157290617,-0.10193910771864108,0.17881361795233813,-0.013767917067706624,0.19754875194119406,-0.15834954517534333,0.2838852505127514,-0.015050819468902623,0
-2.4489599313643113,4.6591522569606685,-0.08799357046577272,-1.6574275666571177,0.18095531255803682,-0.016612438669759096,-1.030936447957991,-0.6746605825543194,0.04576287568757267,0.8591326182033959,0.173938886040855,0.07005480398729824,-0.7393297576763989,-0.29397061848602113,-0.2102609027682916,0.4972789442618137,-0.23232678629495335,-0.3682032578399305,-0.2390160230957359,0.0132822866624071,-0.4068066874387291,-0.38854280784055206,0
0.7521710380786905,0.4942290365887534,-0.8202158627310091,-1.1016375913071452,-1.745352506168728,-1.1228580037954303,-0.7885876815960983,-1.3953281626797163,0.11693584022151507,-0.3067839203518568,-0.168693819980269,0.16201889605721811,0.24423640990840365,0.380737279604957,0.24008293237178405,-0.1513494332087402,0.09147888023240383,-0.03595864848464716,-0.07867749272927317,0.07458498340812353,0.2589580326958702,0.18890389430247703,0
-2.415919501074001,4.492820927456115,0.18817053944847897,-1.8990229697513399,-0.04466029275623773,-0.5310261664323662,-0.7577564759535144,-0.8902345068131474,0.012514313948922846,0.8637757452025409,0.15663223920992916,-0.008235074141905087,-0.8367642796843906,-0.46161930299254667,0.3272429256793986,0.04512616104841773,-0.40823396797161393,-0.1280115354118808,-0.5671068508026652,0.29561805233609423,-0.473867487370275,-0.4160536149970167,0
1.0083002951215818,0.693495550838135,-0.6885054891111975,-1.2341002379813197,-1.5230987991810943,-1.5646137226042465,-0.3648191280686378,-1.4181056719715386,0.10820726650152498,-0.15666286332058765,-0.05057276139418169,0.02929070844961638,0.015723908398823712,0.11453844881040826,0.6285820675424144,-0.4570244442064781,0.008300934428837756,0.2799591294264482,0.05046202336003005,0.07572827119799569,-0.014667542944028616,0.13442996805857496,0
0.8005835867102947,0.9142441916742127,-0.8969481279153005,-0.9196760245852426,-1.6830032359718956,-1.367342596431638,-0.06505165374722964,-1.2801311149535364,0.02862883858950201,0.24968163891664694,-0.12424031364688419,-0.13375306953698013,0.380832359476342,0.48184375104427224,0.2640567562308013,-0.2824831405613146,0.3307348396733527,0.05580573499840582,0.032866721404159714,0.08127227842317952,0.0304507339439444,0.008521837784902073,0
-2.7415367130333044,4.941693999205619,0.02628175763368454,-1.648507898160603,-0.18091744337586055,-0.31037133073586903,-0.40819278647163704,-0.7958873583532194,-0.03531813875821039,1.288208909589905,0.13479910659725267,-0.1014131569573703,-0.5976513357371926,-0.15506057896285697,-0.1462717061808585,0.3671135504735009,-0.16932075505552535,-0.41418098673064246,-0.5493507293526321,0.32216832325691874,-0.5956625645197368,-0.47782978044830066,0
-2.7845823200975195,4.771176315654069,0.3449530507765444,-2.3669210330059713,-0.1586475831632491,-0.1202994145989693,-0.043931720571322636,-0.7120549562572526,0.06907945123534712,1.367750807562158,0.30179271213809367,-0.5346965922332783,-0.35018790933451965,0.19938003036698498,-0.20710019136395078,0.29466648154612674,-0.5103958573424767,-0.306251360914813,-0.5972635003018678,0.3405751546546212,-0.31952625248920197,-0.38796220150495975,0
0.7992318162631445,0.6377409928933887,-0.5564002237155494,-1.663985369096262,-1.7950480454808724,-1.2459835117192364,0.3161623680212516,-1.3263914743709675,0.08020147075349329,0.39488832433074633,0.152360018998314,-0.5313287261316361,0.5570049340242944,0.8350957514148413,0.16273653252877038,-0.2888729216607367,-0.08859536723808296,0.10138784885901071,-0.0737979587983389,0.11523726230621462,0.2717180854538744,0.05203799898210033,0
0.6697290552300944,0.5058712330666242,-0.5621586299792409,-1.6363685167140314,-2.0129914044093904,-1.2320539804090214,0.39849647683204903,-1.389465138915363,0.10106237513250463,0.4129748823817827,-0.3634349355926872,-0.23614521582898249,0.5944686624874458,0.6244415786519573,0.45521355192747626,-0.13047109923587238,0.5691920500231185,0.13012355947198564,0.3886721369489001,-0.056387189909023645,0.01758638228794702,0.17535879054039524,0
-2.8403355941403308,5.052424651251035,0.39021904802352775,-2.1466031297415706,-0.05167479306853939,-0.40093102360373645,-0.372092816908784,-0.7682811296482482,0.08365644898964994,1.2801173464245104,-0.1026474347552485,-0.21113854605266638,-0.5274769348297318,-0.27461378344640436,0.36539603250705,0.055682231287354125,-0.053328836516145686,-0.03378865047177367,-0.2289184991974619,0.22140902834182502,-0.6337135088477195,-0.25044778363257225,0
0.8098157311442136,0.8427093555246992,-0.5316192020310879,-1.476041599473971,-1.6520065277326101,-1.5109320221276095,-0.0028727165288953325,-1.367453753835239,0.10889661058681652,0.2852193542150999,-0.27111784119521487,-0.20466131633705328,0.3788226524110302,0.3522098631863852,0.7387923689210032,-0.5055599187722909,0.3639737561052583,0.3564249018248251,0.26549163310609325,0.024797157565954294,-0.07974589784387764,0.16440302527261488,0
1.0039958695063236,0.8518245697204041,-0.479223041343323,-1.38390005822156,-1.8657760755995814,-1.4464161850394563,-0.081358490152029,-1.4209464117491306,0.07180177153892961,0.25779687361555886,-0.11452326871199835,-0.3324713793860162,0.5804693184177259,0.6134330090093331,0.48599868792109036,-0.41114406008639126,0.2519277506030873,0.2126657565908485,0.026229483793470412,0.11985598409019899,0.130811221015896,0.19965415320493754,0
-2.7557700216322387,5.237700689163657,0.48549926286991535,-2.1600249187555045,-0.13048488587336132,-0.25470238830585434,-0.44915231984812043,-0.7935812486854088,0.0657998200920444,1.2851041180742295,0.1030938902154056,-0.3119835432528056,-0.46636810105253323,-0.05698028606212768,0.03020625603015909,0.22693421562342578,-0.2299556126742634,-0.22381164070006218,-0.47279593019445754,0.33008865903396073,-0.5401346549265028,-0.2080452488128193,0
-2.55625317657308,5.563594085210606,0.4042893367526575,-1.7784065366579556,-0.06396352074960442,-0.339343680097109,-0.5225116930026825,-0.7665668173833075,0.06672860340642763,1.1336737437145656,0.1163012742534316,-0.1434329989202452,-0.6015049414636231,-0.3168938837037302,0.15173589058898543,0.21014005589120904,-0.2791618062364666,-0.053089822967010335,-0.1124290918676651,0.08128087038977355,-0.3568867841516341,-0.03578797200362759,0
1.19640884994298,1.1932214958358325,-0.501131167079419,-1.0697102843248487,-1.812239180933385,-1.523586606917295,-0.18439169116296683,-1.4373179104340998,0.02896975951878968,0.18872399120467376,-0.027513209347304182,-0.18169059074483832,0.3755068457492732,0.34691529104089475,0.5853219411182062,-0.4035191866962541,0.1424937617610844,0.3012917625966102,0.23256545531614467,-0.05059155655718101,0.26926824763013085,0.22182059350980757,0
1.4789606817472292,1.599574766610957,-0.5564985145187669,-0.5866569211940774,-1.5917298438771958,-1.957488952949195,-0.5545859653633557,-1.5576400681964313,-0.04606832469459058,0.05896613043321614,0.04067864742571451,0.12474813985851224,0.0064951628567171465,0.04512190875234168,0.5565447860816864,-0.3331187614420136,0.4306521613050847,0.16018981290558426,0.2764541443577531,-0.0740597442895059,0.18205829002942525,0.16309059871718887,0
-2.2695193947779098,5.931145151679493,0.3084131469086303,-1.2533525423080971,0.18385542154054801,-0.7373187485072497,-0.8637136871728043,-0.8253171852294134,0.0035081406977757372,0.9583124629431852,0.16300334510046824,0.14798168731437833,-0.9187155234723318,-0.5807496176769419,0.11355512810088583,0.24071578534623886,0.0685529424802023,-0.13776380951189424,0.05421970285607277,-0.033606974128522156,-0.31050788057449963,0.015004563068548646,0
-15.214283735617697,-4.027577422767926,-7.619433956920777,-0.9305694228880765,6.8512913189715015,-6.368513194903057,0.04129379667821462,-0.061585381255335456,-0.15478154699704635,0.9508222137716944,-0.05049275865028444,0.536501340260384,-0.6778513489488481,1.1130489424015695,-2.3035860200689955,-0.27567736784975955,1.890917065459288,-0.8914424403616362,0.5091271085186571,0.432486370097727,0.42143275306027417,1.6988833248138882,0
-12.978841955757984,-6.7681405090533175,-8.051450330835353,-0.5501857651411814,5.647996407297512,-7.756691281928435,-0.10520410013976114,-1.009713557699411,-0.48636450349644456,1.159458918843236,0.012456318554114179,0.4350667205958535,-0.14078579486420614,1.3112428044633735,-1.6941095937800978,-0.5192482172820772,1.8480700957327238,-1.0475247295568264,-0.41934800517325677,1.0908664811569941,0.16435554823279336,0.6355655403934511,0
1.8125750819324307,1.6423571575550557,-1.6877063774603238,0.9730040379189236,-1.8545060543775835,-1.4642460668487471,-0.1444468958395868,-1.3294243309411375,-0.5279588240715681,0.9714771673000122,0.35971617285106644,0.13490843028105906,0.21137783588151832,0.11092196614777047,0.19429363737041358,-0.18109036096518963,0.020939626214259807,0.004368544373512541,-0.16208605085650138,0.17483337377044028,0.09543292925947189,-0.06364448787372019,0
-2.163170743973451,6.581112930875979,-0.4733129923652029,0.12619970376196854,-0.146568318822849,-0.37511524001287333,-0.4773927918261665,-0.7914166054304335,-0.5168322629072363,2.0549256644898137,0.6473145358292718,0.20937341331349066,-0.9715684090456644,-0.6171815596686102,-0.29468423687724904,0.6582622780079642,-0.5573568263928116,-0.4871142769359352,-0.7142166521603505,0.3308449323525898,-0.7373909005526513,-0.49606967958513465,0
2.3037572273756166,1.401237641020155,-1.5589686495307442,0.8559364476405014,-2.3075377620128035,-1.0007772260073513,0.11573931493335234,-1.297561709779052,-0.46251200344050303,0.7691675959802352,0.25302321805270267,0.21590678936339355,0.3316026833855371,0.09953857139387637,0.19758942539640265,0.07874024924413264,-0.13741318465911193,-0.09954876041993772,-0.1456495790710761,0.15857168602725843,0.38445692313153385,0.2732237247598735,0
-1.1870453837078987,5.450867734569139,-0.7261839449218237,0.3670110391792627,-0.6792249921789387,0.13092112800405434,0.031286997664552965,-0.345025129161584,-0.26528142253149156,1.0733671431063667,0.18132923064303902,0.11355782194985375,-0.24017094826673874,-0.36488636705346783,-0.08209447242795834,0.40315569586121114,-0.27999611796046514,-0.17410917719383398,-0.15293414449463302,-0.004392311219976247,0.28771658665793653,0.3671572587711006,0
1.95551552453529,0.6657133564179853,-1.5798761199017044,0.14476835993658418,-1.7004667146445123,-1.4888896059456256,0.3659586958672261,-1.217677123060067,-0.25383614184639336,0.55970905315984,-0.050283233627341835,0.1304259486955975,0.35318512198903385,-0.4697368997877191,1.2228674248430191,-0.37953801426606903,-0.5514924112947013,0.5996850116329899,0.5027898886360258,-0.19499719013408784,0.10840036750094263,-0.37836162226582243,0
-1.451017788169201,4.479164552973729,-0.8045227682518109,-0.25608642082679056,-0.13813024388459788,-0.5565538806610953,0.33692504969198905,-0.20378561986344432,-0.018768796824121647,0.7664346841071032,-0.3206840090007104,-0.17128856914412532,0.21798635381159026,-0.7468689767528375,1.067676580406591,-0.21230321423000423,-0.4946390440587493,0.5733089399854394,0.3477327280055713,-0.25892989977568565,0.10264915652016679,-0.555078911553876,0
-2.1064323395631925,5.472790421688349,-1.1959947004306666,0.5451218380714655,0.04546735531748953,-0.48641208724419277,0.06688791498973276,-0.09120553936145967,-0.14513730312991543,1.0381705697773673,0.3436586854461954,-0.3603203973507085,0.0003115357454843761,0.2585676035024376,-0.8472853025785527,0.2388764235101513,0.5984840197818841,-0.3343820699747183,0.2108655792657895,-0.19408814194636498,-0.048795457107272046,-0.08548694940230304,0
1.3739967667895223,1.336830546512293,-1.9976568570604663,0.9973496681936812,-1.5200748156016135,-1.6038005452453188,0.1906425204393959,-1.0199697487049921,-0.3850278354857797,0.6993638032536607,0.4699942528872399,-0.20034543552565662,0.47683875887849797,0.7452040330320524,-0.5794854646706996,0.018289688810191492,0.791942537716183,-0.31699757868424094,0.26851282032631385,-0.19408439384272308,0.20294236220559686,-0.17266013005246494,0
-2.671753332777091,4.670073248215172,-0.5065448542261144,-1.1135847133242034,-0.43063275613672475,0.36280395943646015,0.04561931245834239,-0.0871195940698186,0.18429876968142422,0.8830680786729127,0.07308567142541218,-0.8395913670425748,0.6155283998641831,0.09771050697732345,0.1623000090963189,-0.10216046079573939,-0.8026074562688954,0.34092364358491956,0.6895888372559779,-0.36443676491469473,-0.04334503528811904,-0.3879314293450603,0
0.9702219622143458,0.24385465669460585,-1.2527995986268827,-0.580972034328053,-2.436652691647317,-0.9216279964669192,0.1224778213780109,-1.277460065993417,-0.15166159952330663,0.4923230737906651,0.3619218128101915,-0.5978958292260367,0.9654780011332128,0.5030504252480102,0.5024414130299273,-0.41968412600002014,-0.8081545617518264,0.34876925073558124,0.6517900376920331,-0.32443733769488686,0.33071995410666055,-0.4290331326641919,0
1.5517138840218787,1.0386513623411215,-0.8024546043668118,-0.8380488971763069,-2.0719939673155503,-1.4097406433468305,1.043922485393692,-1.308973422122318,-0.20035515766596232,0.9784397044525861,0.10974165497381237,-0.3910218806702617,0.40549807087324957,0.37801553645452574,0.504363231829099,-0.37901446908673764,0.07895425282149653,0.14783209532842753,0.00043623616396516876,0.11386566709758944,0.43830351883708313,-0.25078735271072217,0
1.4498959012384058,0.2620938258336437,-0.579680796198003,-1.592872988428488,-1.5812749113180997,-1.5766438346478102,0.21625568679694032,-1.4044870456511076,-0.036745067968564284,0.2317407374325609,1.0524485312198444,-0.9588191721295495,0.2732048819559015,0.7629396716268307,0.04217737477947329,-0.6678122164864634,-0.9494281277349808,0.4517703660536355,0.3090079034066493,-0.6531865875225388,1.9056636502619198,-1.3752334592627662,0
1.1484249066377101,1.233133848493796,-0.7296462080253007,-0.3946861061166578,-2.239203585075285,-1.5641657563771298,-0.43303921295826536,-1.6122743458080584,-0.1711493774493791,0.26003391498259987,-0.0015620633420640343,0.05763934795236708,0.40311683996439934,0.31301538886882935,0.46751417595375144,-0.21762504558143794,0.18107915630254368,0.04296029568001144,0.002973119106081516,0.008334142353702828,0.44330217947097306,0.1069192834386676,0
1.3736897972717719,0.6208362620847736,-0.6398835749418257,-0.6792038980934056,-1.8200355158917942,-1.5659849921224052,-1.8930404643390866,-1.755266352503847,0.060328683713772556,-0.7721407381411249,-0.25348384925156514,0.6467802691422386,-0.02674882001964382,0.1464814673833466,0.32652887543075637,0.3701149964146639,1.1263342163852603,-0.2339871563497786,0.690980466424126,-0.5706502879296483,-0.02547133361528148,0.410953925119828,0
-2.2997198830503294,4.933963951324723,0.14330243197574213,-1.2344353721423653,0.02586143732037406,-0.3456437918583399,-2.067871556633618,-0.7469548233393463,0.2910055712268153,-0.24500364017905352,-0.3707107185934346,0.486033025180822,-0.5824011328598477,-0.3158443923629438,-0.013431238995273912,0.6576011297319022,0.946074347287965,-0.25079550260256633,0.6991957740669897,-0.6138253409290941,-0.4661183988630793,0.49553115725941144,0
-0.8842956267141183,-6.2543486215147235,-4.7244550213888035,-3.0469577677370263,9.499936984029116,-11.617636603105595,0.6801682045896013,-0.4958451464543546,-0.026530129338146507,-1.1677945700196635,4.964290455466893,-3.2667303172058104,-0.4836430967795047,0.5073967704262728,-0.09295253987102697,-1.132150664717523,-1.529470184307392,0.2991872320487539,0.2712243584851929,-0.21811393085185776,-0.4760210379815613,-0.3824189837211243,0
-3.2883026300838623,-2.9096063770925484,-4.209087232840073,-3.4155249039883477,11.330803586385493,-9.944032396181461,0.657612045826512,0.8429137239970207,0.2737354636797065,-1.1502164606679348,4.841499914406884,-3.3240742782844817,-1.016912826564623,0.31390565812895216,-0.5485393792774845,-0.9516772273833471,-1.2992294669610212,0.579001961676432,1.179244196867916,-1.0368586194403753,-0.0752654540808913,0.6550337553868494,0
-31.36402172797746,-7.916366716080716,-14.475587753886982,4.9990372074453,-8.615545935247333,6.739030523681306,-0.8066000577952153,-0.22740580081558898,0.7495023404974107,-3.1107421700398454,10.094230548391458,-8.779002988462862,-0.26999313908276484,-4.650791227491726,7.9540285734376885,4.5525941993292545,6.3949671298466,0.10897345419268224,-2.1560561721280163,0.4929965475839298,0.9916343254956861,-0.20577479003852953,0
-31.636062105551343,-5.919395520077399,-13.834956208374004,4.147071670680227,-6.209887585870443,7.255010784990217,-0.5873733120837232,0.6699404148456457,0.8116591430535472,-2.407503779731386,7.844721478067718,-6.635642094845128,-0.7647406319489535,-3.5881724075291754,5.415049048158333,3.5206888241762986,4.594896176384165,0.19946728837200411,-0.7947896445419562,-0.13941657164224702,0.6323768133541067,0.5567117508171067,0
-0.3699975555010288,0.8699161283385372,-1.5153562183861105,-0.1800236364917812,-1.7025284253640132,-1.4226398459949396,-0.838356545513878,-1.5154671022572703,-0.2096188121613832,0.44022411289141133,0.07769520730537295,0.327171147513621,0.13337524120420804,0.3860281584146094,-0.07933502741238688,0.07449293834850565,0.25396336266570135,-0.19818547795548389,0.3114616216351414,-0.17628852573843917,-0.19340557876296616,0.1452070756084354,0
-3.5579251853405633,4.437622840856841,-0.8139573432458027,-0.8676111817140872,-0.030854447825294968,-0.13916497946378859,-1.0766015942948002,-0.7754004487329829,-0.1940044481187803,1.210192075069565,0.22494605962740166,0.3199151346040398,-0.7257613405518698,-0.2352842105623563,-0.43244043762321854,0.6403648958056809,-0.13292735920599572,-0.5517595163762339,-0.11866252407051987,-0.03620659247091657,-0.6062235771971687,-0.15750021138758058,0
-0.2098008755997924,0.5907507970378811,-1.0970438298606262,-1.010599954941216,-1.909411494315264,-1.0134067210241455,-0.4030108046670558,-1.4145784281192286,-0.053621202628015625,0.32966602469325323,0.21810915474886672,-0.04557065366124026,0.2513598212213346,0.5185615851380804,0.1159847782399718,-0.08926035553250404,-0.33254904708418453,0.07568104782050608,0.44969932868565704,-0.30698984197850926,-0.05993229674793205,0.2398668611555375,0
0.8406186530972878,0.49659107462092267,-1.0102379388566898,-0.9428179315767253,-1.7587887032517582,-1.2309500239606639,-0.3060252607855744,-1.4078484442286505,-0.02283583469761059,0.10474910712699936,0.07594331462869809,0.08589440721380964,0.20226287138457177,0.159125499858564,0.5054282750262359,-0.11667444629469904,-0.4253313331064562,0.20700429962537994,0.1138301099939945,-0.0455958363101629,0.10105424870652774,0.29690051280668045,0
1.201153130292587,0.5353385624538025,-0.9328737033347807,-1.0296800228860978,-1.7437121310138282,-1.226596306140428,0.22008986568557096,-1.31785697380509,0.0630732870142079,0.17083763317015713,-0.41214656797317867,0.22039092639606148,0.15042480632390587,0.3333059425176878,0.2218263230023869,0.1451540092490258,0.7244767458629731,-0.1389718159287376,0.17377666126266056,-0.020208150461385303,0.13603469568464666,-0.003479787113129731,0
-2.15241511254768,4.44470363300802,-0.11576969631757661,-1.7205669559223655,-0.0427861029287499,0.007296460022839243,-0.041087631016560405,-0.5477592698547091,0.10533997534222608,0.9986987470324348,-0.34110228192121667,0.15794198357769154,-0.6482143483899206,-0.2482915516960407,-0.11055856863694334,0.6030374206310827,0.39616643062956775,-0.427189798093686,-0.24234355040427882,0.1365527027871149,-0.31570852556945705,-0.32770310280127984,0
1.1406475770659608,0.28315313158477257,-0.8960574887449524,-1.0995167063006932,-1.3587738943922438,-1.5234558220750254,-0.6233451457025988,-1.3291066391083248,0.13112162637121838,-0.4921383973260388,-0.060851104100243476,0.1870051948189948,-0.13479209221908547,0.23364050561787164,0.3807697645985326,-0.47747706368546494,0.2105678943880729,0.09844390902048568,-0.13505026078771518,0.16099725782171095,0.18322110797043872,0.3460673445578021,0
-2.204292845578096,3.9866616362700222,-0.046739893232005475,-1.7418985549511377,0.0936737820843836,-0.47519265340243005,-0.9594917554428262,-0.7491866076402949,0.08043646324659973,0.39396156224732787,0.0641250517472516,0.14780020923114495,-0.939767209286052,-0.35107760171960806,0.10955494204055358,-0.05071899953091892,-0.16554049557955697,-0.27230895187154036,-0.7369587955693846,0.39988931738029265,-0.19582035855918511,-0.16307001869254414,0
-2.2954613792674294,4.016104514098978,0.032333591678981616,-2.032079430999429,-0.22130263508080167,-0.03689063442760943,-0.14998467560981874,-0.5222592038014026,0.15922338696359684,0.6700442003003095,0.047716095188559675,-0.30751650325360874,-0.507765077326692,0.15570191382188514,-0.21940415387085513,-0.015152769003647473,-0.05022495005949955,-0.26860626742242344,-0.466747354010133,0.2856724895981991,-0.027124662043082896,-0.21157085748182633,0
1.0962375229828722,0.16930820273141173,-0.7807234107756396,-1.4060393881097022,-1.8143145375940326,-1.179853959680598,0.08514067229910957,-1.2904686220304975,0.0919293970322089,-0.012820420191818666,0.019920634576883048,-0.21156599087813902,0.21376440043081396,0.7097718776094469,0.08415717606316189,-0.3587742302688379,0.2540310546565633,-0.0006274624959358595,-0.03996179213695628,0.10422035813911817,0.3088555691159097,0.10891205833592557,0
0.9400872400988528,0.5124412033896113,-1.0642254028842528,-1.0634796692730792,-1.7438335892050125,-1.2600393796099663,0.7080284056144728,-1.194254011139055,0.021010201350997532,0.464579858546265,-0.1760862619100264,-0.13550835499673697,0.37698789767369434,0.2884451622825509,0.58428499607672,-0.24072158179508832,-0.03174578756685152,0.33416620606383196,0.38200940137030304,-0.07496425277806029,-0.05536755878804179,0.08318308209939648,0
-2.469950814723452,5.30518865516821,-0.43423828336928827,-0.8729918117710209,-0.04131039142741211,-0.09134238811242297,-0.08882442438838266,-0.37728317078133855,0.06792374891622417,0.8596538477776751,0.1770944540031213,-0.11973001963749837,-0.42729199382142274,-0.38262843216958825,-0.10568575768981424,0.3070389793059775,-0.6787165307992329,-0.0017260102685850872,0.12141658539481075,-0.060239451598444745,-0.45724716535839055,-0.18674411700407023,0
1.1902036706140775,0.9672281395216834,-1.2935404363138707,-0.04805535467137518,-1.9917789823349275,-1.3845794131040092,0.01865138513459395,-1.2595231659421149,-0.13150957855808057,0.19037217023113356,0.14808915357827465,-0.10707121894015836,0.4913180677948425,0.25844015514158586,0.40080135588509325,-0.28171442788502316,-0.305820477132948,0.3008398180370383,0.37636988934103,-0.20361178117531858,0.13247861980317793,-0.039152501985190706,0
-2.121517471674673,6.063538132812295,-0.2903008410234014,-0.4376844733562729,-0.0315658798890693,-0.33327992889801994,-0.32478873113030465,-0.5413095150212168,-0.10256875867221864,1.0362531793147152,0.5208264397323259,-0.027330318675996675,-0.8188006435006493,-0.41445541880128284,-0.39475521749067044,0.3380614819418751,-0.6224874477076056,-0.2662925729503697,-0.35842016114958897,0.1196605414828294,-0.15965577494979089,-0.4401468484321315,0
1.5895520541877024,1.6168039808434367,-1.2889285525723198,0.3477002812719965,-1.755999615479758,-1.4662689939865607,-0.10403732724038382,-1.2462661563610307,-0.20725068138223876,0.19858048063752354,0.4355377344724973,0.001956919514190213,0.09196238344555037,0.22882463583479828,0.027301088390543966,-0.2437052542970112,-0.22807827135666758,0.09003104117832962,0.08913035701382875,-0.09393311782937241,0.5044209892277888,-0.08419749208741263,0
-1.5035695402611255,6.730361334744355,-0.2621951544983448,0.19033379919867763,-0.09658650947883328,-0.773911756228781,-0.03718271149170746,-0.6564001867699532,-0.2811321936465429,1.2358683312869028,0.45577911238399044,0.2985704431772914,-1.0824307687434436,-0.9032223736661033,0.004457549274613135,0.41274255764024187,-0.523856540222414,-0.3072297408257122,-0.6535239459406093,0.3400122635903428,-0.4293662366258721,-0.34526874482426206,0
2.235536832102852,2.2603650856161273,-1.3615603259985785,0.9836028181756774,-1.6586506888726733,-1.7996580920555203,0.2540874790217417,-1.191827584775643,-0.30267490239682043,0.2970082941172408,0.2569700250846227,0.2838750754022783,-0.08136980963894999,-0.21708064923399642,0.4276338465141166,-0.24131318065119553,-0.0191141622561487,0.14990448920945806,-0.052794916830259005,0.08813170988737934,0.21520492606163846,0.14567346417477997,0
1.814324889712046,1.8662780158019479,-1.76949568649605,1.0424143216519746,-1.5745858485597832,-1.5508117946603848,0.5292307762280005,-1.0194826002504462,-0.2901636258836955,0.5028105600802109,0.025214870903458128,0.27789310733385125,0.19476975821290926,0.36594315935761007,-0.33499529505271225,0.25830678524041945,0.9585549612331202,-0.34814456052252185,0.0809774084059146,0.04505932745915541,0.1473937842425312,0.19742103094212907,0
1.541726759895296,1.6636124205890264,-1.3197012670491535,0.3543309553996099,-1.9533476926500934,-1.2444254632872875,0.2394601756047169,-1.2127621079221504,-0.21524187929620595,0.43799576187690475,0.022804692878047386,0.2095199248015018,0.31659436230862237,-0.008445595467805668,0.46383195970865143,-0.008410690853960226,-0.24898819167747432,0.16347434469470903,0.11769976561949615,0.005082796498666881,0.05990860909627143,0.2586645649854122,0
-2.079032227847212,5.999129069155286,-0.3157046385568623,-0.4379077177875794,-0.29570395097718105,-0.10579292554261209,-0.04986443039778565,-0.5889384933890477,-0.18540393036261774,1.3918001542382679,0.18346573318048248,0.1948267897303096,-0.6503112077909876,-0.679451381689532,0.05207002999590724,0.5940020369482454,-0.7148020916807365,-0.2570163418299517,-0.4592978726833713,0.27303904609693125,-0.5944098536931476,-0.2154662339645784,0
1.813433405567404,2.307550182153127,-1.5307050680436833,1.0884509416737826,-1.659769376885165,-1.6400737796358436,0.11249982918745123,-1.1890708111696922,-0.3607808126869321,0.5911057756040958,0.14267191363520318,0.3450317480821781,0.06556152130079453,-0.20599748611227028,0.3583175825658891,0.013126605233458292,0.15438153717036404,0.051447267232315706,0.18958874031449613,-0.024173995144448016,-0.16128527561929584,0.07725798573954337,0
1.9646869365088586,2.3288243622668374,-1.736121441552564,1.4084010011973325,-1.6348595080120119,-1.547488572775961,-0.10428695431545368,-1.1564830106357396,-0.4587123033763201,0.6386480931415487,0.4930235541012948,0.2352856576713709,0.07914231538067919,-0.22224388429445277,0.3235354033193688,-0.16271553148578843,-0.4511670735274128,0.1946247163100735,0.14525303350098479,-0.0638011404090652,0.08363424918110669,0.07899266051575835,0
-2.0136024904282452,6.863693262230389,-0.909349137766006,1.0283995773754933,-0.12982368139164047,-0.46464944837283356,-0.5310953148278894,-0.5239480569728268,-0.4383413561210916,1.5502135493878153,0.6311838560156423,0.11931043011647399,-0.46658543681600073,-0.5140862427970454,-0.43758953953198493,0.5654787732333202,-0.7693391266540685,-0.33908962971314094,-0.5558658477151404,0.22221859779891118,-0.36081622889488496,-0.40105833253033196,0
1.7620851168763163,2.4567192180771813,-1.9803616824612362,1.7635669455300238,-1.6443090101013096,-1.448249502555841,-0.24408202448047867,-1.0791369156633897,-0.46300451661447606,0.6519762463005705,0.4819023671206894,0.15560089132536095,0.40543425422729235,0.12013618763642908,-0.0693369605297193,-0.030815570741666208,-0.33490203212073777,0.0805272322675183,0.0438022388020974,-0.02743148162692927,0.2319798107917119,0.09291977041708901,0
-1.936943234933211,6.851336244991038,-0.6191097256172893,0.7165721317248741,-0.16297416647352175,-0.5878906350214275,-0.49801118088552554,-0.6911127132023311,-0.4344691159341926,1.4331312913328065,0.7023908720662494,0.2870797830301066,-1.0214778840968142,-0.5418026828932634,-0.6385497560723731,0.7145519612778972,-0.22455635669643437,-0.56920245009625,-0.49878369830265434,0.1183585634066398,-0.43071830174590003,-0.431317268049582,0
1.8356578946899917,2.4412644396153738,-1.7062878482377553,1.5171177931716333,-1.7234877902539523,-1.6082454820259005,-0.1850688618507095,-1.2199724628980317,-0.43738802948015665,0.47910101765633123,0.47834949658025,0.2895859058884087,-0.03133202957499385,0.1406597750432712,-0.24452452946815326,0.07956897113134107,0.31539645978976505,-0.12610263019542076,0.13618492919488365,-0.14295238792620873,0.21393088267375793,0.06950813876329132,0
1.989890991208164,1.7862704897433372,-1.4271031898264122,0.6759573946402353,-1.6498952163136666,-1.4554277440608812,-0.0339360408863921,-1.1873879658637299,-0.26078229436712713,0.2873387545388536,0.19371974970151545,0.3024149970215881,-0.06568116864133958,0.05614365148077968,0.132313523764196,-0.142689812708672,0.2040313576242853,-0.02403032519152572,-0.09116446819468384,0.11259474691637467,0.1699744925282365,0.22682727788265114,0
-1.6911679011599285,6.226885289106889,-0.35918282965243964,-0.031697050213211515,-0.10310999204057456,-0.3968076109152352,-0.3732665028634092,-0.5914663666700636,-0.2578901375330181,1.2607681688800219,0.34408114240527177,0.2414172024598458,-0.9455554144013748,-0.5872233136287506,-0.18874335105625312,0.38718656273339314,-0.23805192929041358,-0.389035851546603,-0.6943219803993432,0.3592915987948001,-0.44083161204210514,-0.2562373741585176,0
1.8849590008871473,1.3687709292638022,-1.2472882697971648,0.26345055509317683,-1.5559125266605132,-1.62760093785069,-0.37106679831261635,-1.3018609069397473,-0.2113413253282039,0.09839028870712063,0.25544866813957356,0.1935767571184018,-0.0267928042523142,0.21316480803704935,0.04966673974489414,-0.15196894651442597,0.38529573872345657,-0.0743827808242535,-0.06934074633800415,0.011700071250254013,0.38395681421647326,0.10799039200543906,0
1.522732570230725,1.442449541589583,-1.3373749496362621,0.15471244632490797,-1.7063298594198968,-1.348262218446023,0.06300563933048045,-1.2575407456687189,-0.2136558597316718,0.4767874164282942,0.11725115976486851,0.1931198085422077,0.12779685518991188,0.07452985216912175,0.3296605607383033,-0.028822598698186173,-0.06549246166347607,0.10114333960793893,0.05860999240431524,0.002016368688516118,0.029504933253295198,0.11593790357177688,0
-1.9354569553062309,5.5080930001174435,-0.40533805725329375,-0.5561018526180911,-0.1341918659007263,-0.20613968074738162,-0.262831729200339,-0.6391533880390823,-0.23716671038580314,1.4534488570923196,0.2759106588221225,0.1480557150956545,-0.7295388995656004,-0.5441072945615992,-0.009357586115759967,0.5126101911359531,-0.4793347092169025,-0.2793993779443602,-0.5125514279990107,0.22750966811611562,-0.4916557950215917,-0.3657832656939997,0
1.7255879772561136,1.4302930977073745,-1.3642122748661754,0.18806378558662815,-1.6743021549857864,-1.4963514827794793,0.38211259571484846,-1.2565511394827247,-0.32060937447328147,0.7187350076229712,0.31726699590644813,0.045828085516748135,0.0007949574518683669,0.06586836579356906,0.4422455735247317,-0.44745592514164184,-0.25383256647880914,0.2916852805877255,-0.11824769060620739,0.16550170553712137,0.08481773681402423,0.11042917413559636,0
-2.1264157782049065,6.138030059649272,-1.107658682056145,0.7440434848947681,0.0724475433963219,-0.4329711925428882,-0.49295652220903746,-0.5658867638971028,-0.5146884211854439,1.6897332372071532,0.754838987270086,0.2269500070560421,-0.9198222083356097,-0.4972613330051477,-0.5787931210242613,0.5059407163058837,-0.3503986635170533,-0.41095801762331535,-0.32052457910677123,0.04284326558912776,-0.582601344175001,-0.4480589760426722,0
1.4103688098551543,2.01183730158161,-2.0462004760575,1.5018664890810005,-1.5407159422893422,-1.6055776688372891,-0.14014850397728934,-1.160129337956217,-0.48654922475653084,0.6694220912424115,0.5472942043768078,0.22500355032849303,0.04981389454194214,0.1570877261589247,-0.20714333581103164,-0.09761418739138862,0.10439417784407341,-0.01447459036302644,0.23054833869710953,-0.16790259881318798,0.0679081920320741,-0.019359198406978077,0
0.9516402983612561,2.0301713356034026,-1.875381352628539,1.3240804196649276,-1.8101302542127062,-1.3642887085084658,-0.6715080661025168,-1.3471063356234412,-0.49123414666556253,0.6153546766278161,0.5473145745636391,0.38738806092446804,-0.03220729330419373,0.1837714235925626,-0.2845719121804754,0.028562617665006614,-0.027691812617125524,-0.18343498664238342,0.13739264393994485,-0.09900496276345244,-0.11750809566032752,0.16030093911208618,0
-2.264634536768778,6.145103722992453,-0.9669164407511304,0.5652996553783076,-0.1628880466199521,-0.23247571034997985,-0.6816630720300536,-0.6834416338242576,-0.5562488720420034,1.8920321534437197,0.7762177977118832,0.2265597591507534,-0.6959308888274697,-0.6727213789110792,-0.16917117633558548,0.6096338536954784,-1.0408667414153976,-0.2798648149182261,-0.377206424447201,0.0667589671872949,-0.7018353408621162,-0.2617416418603222,0
1.1482371513783352,2.225923315390286,-1.820260786336827,1.2282928902957102,-1.7079118804512854,-1.3667508730317377,-0.31718693570833273,-1.2821764169699421,-0.5035994641159949,0.865440041088173,0.5992444751561701,0.2919467984469781,0.1221904650767401,-0.07544444821993251,0.14617403202028043,0.09235434941878712,-0.648616803081037,0.08387856103189263,0.20111728443827745,-0.16253333509737006,-0.14520700418409205,0.24091500697032156,0
1.3724339373257144,1.4843238169696165,-1.8699043903657158,0.884891897810687,-1.5979875059930397,-1.3889275718908374,0.03517759787831724,-1.20166210495998,-0.4377588837034758,0.7896045331115742,0.29140449787305894,0.3022800964410276,-0.026031299615948134,0.22671284264443198,-0.05356864181024562,-0.015278784835821393,0.4557938259429811,-0.031221537058761756,0.30160434603017783,-0.21196741286884607,-0.04706978682982214,0.13067301538358886,0
-1.9762873053764027,5.327423749784706,-1.0396818169446322,0.23818590528151215,-0.07227590361103005,-0.24254031326176287,-0.4077331987017656,-0.622756283030293,-0.5199099611500063,1.864721196083305,0.4850641399328421,0.2192726255388676,-0.8121891035771318,-0.36432372266225227,-0.35052517989822596,0.4591041955866076,0.03345583635745947,-0.3899119368045317,-0.32825504485002244,0.06341108936298362,-0.6252489211243961,-0.38403428203838946,0
-1.988466783767261,4.3351759779695,-1.1432036004512267,-0.12467678112998966,-0.013494331373694273,0.12787451948678577,-1.0063571723666287,-0.5046207085538376,-0.34092040659104433,1.197669037718383,0.4414079430958095,0.2283688895882732,-0.7964039870923406,-0.26223394314131176,-0.4512092459600778,0.19083587715928002,-0.08501685977948033,-0.368472826756939,-0.1487194848409474,-0.06431900349343073,-0.12739865177448106,-0.31435802796784396,0
1.1002302404779205,0.8200176868160653,-1.8193177780007093,0.4010086999860858,-1.533235571837543,-1.1073624787540453,-0.6092266677713893,-1.232131235721157,-0.2868221237493584,0.2519796376595767,0.3755378527749627,0.38629272731448655,-0.2114519074177616,0.2527346902107105,-0.2373843186990672,-0.07668193406123298,0.17475804729468997,-0.14995792390710835,0.3543172251287461,-0.2847087677642988,0.23117717592165243,0.09332502838125536,0
1.1999249082496255,0.5459323684040361,-1.6240242246745917,0.08018318122554678,-1.3810146873513836,-1.1357506711745908,-1.0073861865072444,-1.2222407563912543,-0.1334362966137211,-0.2284283647776935,0.3096335966188036,0.3793958113896578,-0.09461187503894229,0.42545319501112877,-0.4033422069010139,0.046787015781849205,0.21107117940198541,-0.29942372332471734,0.13409065008492346,-0.23300824046702,0.4824954214440243,0.2758453813669732,0
-1.8586544462208454,3.9211294297552186,-1.029644220859241,-0.49629668459068843,0.19187951897113542,0.15960760919648145,-1.3639898578377938,-0.5049927525487368,-0.178009561793708,0.7257161801042303,0.39318132447372506,0.29258974669236154,-0.7779241122101461,-0.11918649568490414,-0.7001183957338208,0.38878196465409026,-0.07901774387498707,-0.5615591339929099,-0.30947026217669316,-0.015399840461369501,0.12287023738228857,-0.07416288250009619,0
-2.3328949885346284,2.9666290575611765,-0.7856851069961235,-1.6479435081883775,0.1943607470677425,0.4148845344790474,-1.160842559581822,-0.4325027650935451,0.08491245764818392,0.4552754295133244,0.13815136987034746,0.020555315471894826,-0.5251763501707272,-0.02574543921403065,-0.26592395651366185,0.12538657200680067,-0.3701152961153546,-0.21921033495958317,-0.17918069327934558,0.027987574531112055,-0.22762992255571196,0.06856474280510472,0
0.7168108544339666,-0.40677934809850336,-1.297575803567124,-1.080804265079056,-1.5688850216239771,-0.959909808504752,-0.8848797153070921,-1.3355865557147728,0.034127889870248194,-0.32197241123127607,0.16894627991460037,0.14543060288568288,0.06560833557999003,0.4857903984429164,0.02896664638983338,-0.16656011350836286,-0.1817227852785816,-0.04001545138060183,0.11841256148978639,-0.1241831080562063,0.1089947952291715,0.3211704904847476,0
-2.392481497611734,3.2898192764318375,-0.624641756679657,-1.7445039242672689,0.113333132016665,0.31024778349209525,-0.7559371969402273,-0.5018615192092812,0.029789113192892753,0.805758806949204,0.03665640368865886,0.08680103514723911,-0.6616911956500702,-0.2958724648964623,0.052987616664637006,0.10821982876830481,-0.4926072325629342,-0.1401067883133927,-0.23132494276440554,0.08057733597218764,-0.22626195953961648,-0.11261771508862602,0
0.7178469722273692,-0.2812884312484103,-1.2646308533344248,-1.1165729234987187,-1.6827631377022054,-1.0892475651143039,-0.41664081616757237,-1.3533957809374126,0.03385576063869657,-0.05796179068907412,-0.05552266752150426,0.14502445419577334,0.12050823843875419,0.258484228781009,0.38375256910245703,-0.3334839309360014,-0.21029736658629739,0.12907716084918233,0.12108502494419253,-0.0021560429737982945,0.130194806076182,0.14924801787215639,0
0.5063256809323731,0.07973375885937255,-1.3249218193614176,-0.8877531109474627,-1.5757833607717622,-1.0927274775640987,-0.34927383940931234,-1.3059789617441346,-0.022998747357023407,0.0673081379360004,0.03589934129622014,0.17466032862973696,0.05201849750188685,0.42042257347844203,0.03376526287505558,0.03457043060886957,0.10509942272034932,-0.05601583607791618,0.33024182985550693,-0.30037383134421,0.16090121712594008,0.09175248696103847,0
-2.593817624951001,3.5796949621205116,-0.7365295884810934,-1.5380984971573461,0.1816813526807527,0.26214025896936477,-0.5868398329244107,-0.437585991740466,0.06334509702636816,0.7994841561596859,0.03323898504782607,0.0711307868087129,-0.6102347777300241,-0.13009820168735287,-0.30575979882507787,0.4246182233619334,-0.17871228138920908,-0.2987083898573145,-0.03478851739972017,-0.09130914542845892,-0.30023067025684075,-0.184853854005578,0
0.2324447962878964,0.3959398139264356,-1.2101421974720046,-0.7140461957985336,-1.6019185613437705,-1.1523544737476348,-1.295972612165051,-1.403843629250182,0.036460011038075356,-0.36553093782098023,0.17048322618222383,0.20946783675880273,0.13020722906705665,0.17557486114622084,0.24090451166659646,-0.18231788696361037,-0.47911545879039835,0.12014658547268016,0.45627495312295085,-0.31127843430678886,0.07958837482423194,0.16389128610275164,0
-2.700125208000527,4.206535441055137,-0.3750715509919621,-1.4621463030833044,-0.09979303358285661,0.14498084276856574,-0.8751574849572158,-0.6236076479555632,0.05929408077256217,0.6795281642199995,0.12649004051779933,0.11807439370476022,-0.6218020476803732,-0.18282593201073163,-0.33028884931561436,0.5111314578651229,-0.3726996943641327,-0.3603153988621209,-0.07853965885496068,-0.07586775357102049,-0.1687222493247224,-0.09348698209440114,0
0.5662687509720581,0.6343664009270722,-1.0689701521386008,-0.7696379468061055,-1.7654605053307877,-1.088512089289808,-0.6757828130297413,-1.3957711919093156,0.002797613589894517,-0.050983178464170144,0.06963623221635966,0.17503542780219974,0.14859324560677362,0.3849772509390886,0.00940702534228551,0.07778096197341358,-0.04100991905505878,-0.06573662235730855,0.32760561353673223,-0.2594397530687978,0.2479546472481041,0.2373422068659529,0
-2.549351589308286,4.415299433318528,-0.33648761843722597,-1.5348125629708043,0.22480517785688095,-0.06242818468619716,-0.6919637002218388,-0.5145603558257313,0.09043255477475756,0.779901242410324,0.05138528962558064,0.05303888463545395,-0.6336389247778813,-0.33911142255969706,0.011053356149071705,0.21080872589801164,-0.5350949322008954,-0.15667723054534086,-0.39075391927348524,0.24141966211815274,-0.4651962532319805,-0.024297591475591566,0
0.8220899075783039,0.5314333343260889,-1.1252483220105987,-0.8384972033034642,-1.5015615159031195,-1.3074520960896283,-0.46467375115878773,-1.2978816866747376,0.03303292019466122,-0.01739495071118248,-0.01198343063374553,0.09424956256339698,0.20197705767818575,0.2482904364116043,0.38233505574881177,-0.2701613300070937,-0.21862895766288615,0.1574218136786628,0.004026618073128723,0.09577241955551297,-0.041966232465073396,0.2997955539066777,0
1.0257534486847524,0.6740285614838325,-1.1309289673183016,-0.6165531771750462,-1.7257823441574927,-1.146167357475269,-0.29364734322315333,-1.2840461616825571,-0.02024275275453714,0.006073200198871316,0.08337403572542305,0.09078967432298873,0.1421876491938926,0.407592291184634,0.01420286455480548,-0.022037547170022646,0.11825447024014037,-0.03767953648831154,0.21473859978579343,-0.13006996116880815,0.1670800831890315,0.13859346754606203,0
1.198919995642366,0.15393338843632792,-0.7810450364758279,-1.4059415486386915,-1.71334245223156,-1.1780889701774155,0.09450169530152883,-1.2785220080368507,0.12856369796653094,-0.123303708474229,-0.18718926742608238,0.0441271611648599,0.06843884899824522,0.38150152306045243,0.31718491571055374,-0.217068911774128,0.3177092114715058,0.05107876097857569,0.1336840416256348,0.010475093303002276,0.353628978811558,0.22234544082403554,0
-1.984040060882794,4.802493635068547,-0.09542650873451197,-1.2640650200116785,-0.08919959210900298,-0.35315508675098556,-0.2566773686763746,-0.5765945080391441,0.01711733107325127,0.7478266132527406,0.16335127450079365,-0.0009200162930315735,-0.7228439425997506,-0.5341030922231466,0.25277905864228717,0.16310176161452974,-0.5514587788608708,-0.08044870918246101,-0.2963378312532047,0.10951384906915762,-0.22577767728292203,-0.2590606514705773,0
1.5563521082924123,0.7543064508601219,-1.019976848016939,-0.5814055609629089,-1.6505292709694366,-1.4193580557933574,-0.02420300603569211,-1.2338185614004193,-0.02186444770425101,-0.02225894314589981,0.08042717156625663,0.015937690288771934,0.12703803469543554,0.08820601586564938,0.5809197920367241,-0.3449315800842456,-0.1841183391399906,0.2796673312494685,0.1927214558597578,-0.07220204695229726,0.20724546843357952,0.14541685179982103,0
1.5658568798842079,1.0144371863756056,-1.2094161195123745,-0.2327267333981572,-1.532122400806078,-1.5437050486449837,0.08255206859849842,-1.2261131747469511,-0.06034560827786945,0.09523062780970509,-0.14822013692043212,0.27677887932378636,-0.06954359900428442,-0.13189406582781799,0.6391425596400175,-0.30424656689139906,0.2496637093605589,0.3169305092716992,0.4079078053476654,-0.10233951945551695,-0.03231206138896673,0.20643273886662408,0
1.7445707103793353,1.515305989525229,-1.56772109237871,0.773627783938492,-1.7549143999090309,-1.4202556358101999,-0.3141565692162785,-1.21329510401183,-0.24220928689303875,0.06449939482687361,0.22597539109493575,0.33118590004448045,0.08987707002418806,0.04923929547207104,0.07391525899060317,-0.08303790890355629,-0.10157609954112502,-0.04720800859678561,-0.010450236847146894,0.07071278837484773,0.21237984579456495,0.3289515603390648,0
-1.9487778822896091,5.91452250535715,-0.5855750891893093,0.024449895520720324,-0.05059373735201389,-0.27883585406752126,-0.4921604199354715,-0.457164891375332,-0.10403743772267963,0.7666714365647784,0.27892442192858663,0.2916206483693064,-0.7768874764382352,-0.5795377617470864,-0.3370559138928873,0.44504742115617874,-0.49034130978208096,-0.36063070719857854,-0.3996131133841133,0.24309075241833783,-0.33934183820260544,0.05779484417469228,0
1.9118591278528443,1.8379599160017293,-1.6232346222229295,0.9627436145406604,-1.685871097437148,-1.399602567604714,-0.027043632809869097,-1.1307135589087858,-0.27734030172140695,0.1929007608452184,0.33797555388054995,0.2985312153701352,-0.030054773718638156,-0.036455319332313815,0.06700531963816639,-0.09115877955168532,-0.17144836596107765,0.024522627549822772,0.11706403261884248,-0.005000356475348527,0.20259309663640235,0.21217190963401014,0
-1.7819501894303822,6.261426435186217,-0.6279331667439796,0.21999833695620294,-0.004902528853407784,-0.31094154247047806,-0.17201185559711551,-0.38674843489225574,-0.1265289696457693,0.8876577022730313,0.3674494235823645,0.24498785149186128,-0.8515406458727252,-0.6426879601932681,-0.35023492637902714,0.44293954953985376,-0.5284062700546346,-0.2907330159601299,-0.27567481010448525,0.17248917441286496,-0.3513695330464174,-0.08585853426019684,0
-1.8483110365312616,6.509900506865219,-0.7405010592876806,0.5832414912765609,-0.06705272985362613,-0.6171446579283715,-0.05560543523847344,-0.5447504956042437,-0.29226126354259385,1.2202666746107036,0.3986291894897485,0.3956770972578142,-0.9737011118998402,-0.779878272575718,-0.3368002799493213,0.6085780870174086,-0.3808049418642455,-0.41167262888802764,-0.33077074695785,0.14630789880071227,-0.49950163488679683,-0.32806488686749163,0
1.8862617185366712,1.9847203926559123,-1.8211379325326769,1.372845416230676,-1.7293846390565994,-1.7172685680100785,0.14303983379478605,-1.1834976786353106,-0.36957747973131627,0.4130132417928637,0.2261847662309358,0.34127654700213667,0.06751618738342226,-0.0859031160710994,0.1122300271499592,-0.07829919209886853,0.10701659941554933,-0.01022429998979889,0.09634131284893792,0.02276204743314497,0.07135120577766484,-0.03454333276213361,0
2.18510136691401,2.2366206119420897,-1.598670031971215,1.2436560936465302,-2.0268375548860105,-1.129596156236189,0.1978412164858705,-1.111362385365452,-0.3264174419010592,0.3326392212168765,0.40799813479524955,0.25101297866384076,0.2652630220085392,0.04638617621225796,-0.06128246933394618,0.16951539634238608,-0.5409484968780713,-0.04635349908277633,-0.05764547595163056,0.06741569953383852,0.5043459820903671,0.39407328678858755,0
-1.4943519919536867,6.6418071539474015,-0.550352542389563,0.5106025733296562,-0.4186895840238723,-0.1157581771669841,-0.0501973969977742,-0.43437715871822224,-0.2256500418459085,1.103161132305361,0.45145092919747815,0.1618858712183494,-0.5394899721519376,-0.5772250751033376,-0.38868729164496113,0.6429179132289087,-0.9252245285918914,-0.3796028231303557,-0.6158852952157349,0.3266892431642991,-0.07154717191559856,-0.07252716826045018,0
-1.8939905614153838,6.262538811501489,-0.3209198973648975,-0.2059068626313314,-0.0001299018493933008,-0.6474869199012149,0.037611417764974855,-0.6884434385798774,-0.25072226244726803,1.4264588545402184,0.07857448373505051,0.4791986249570624,-1.1279667865033902,-0.7114444566448671,-0.1602180469741448,0.6777398126426397,0.2707944555992455,-0.5489032600114488,-0.7012298070196284,0.4796656651603671,-0.8138941560237454,-0.17726367698468481,0
1.8394203915992955,1.8226381054742014,-1.3795661120446503,0.6188561288282115,-1.6309823407060475,-1.784350781981971,0.35956097957994243,-1.2519905188481317,-0.26116197176375405,0.4243795049861483,-0.13003077284803102,0.436958743002768,-0.05353925630189991,0.014314802725049107,0.26061990280051195,0.019998559954122443,0.8091620237708067,-0.10684542464079798,-0.11669082333007176,0.21462200972277862,-0.13394691757725202,0.2495216435201081,0
1.685265150081513,1.9534164333776267,-1.4038311352978212,0.8107024539797683,-1.8561053097950229,-1.7070884012184615,-0.07396847115654462,-1.3630297219108962,-0.3314054473670915,0.4195486222749454,0.27216656353294805,0.2737646925252009,0.07613383884402682,-0.1790568565278691,0.4412459184085069,-0.11616553310646256,-0.1947448374896698,0.14796995173125801,0.12172953019743547,0.011315410779164365,-0.00467532485383127,0.05557254279270397,0
-2.1163843348967752,6.575446417430493,-0.3068644425241625,-0.059554128591696905,-0.09496662159200793,-0.5398785352189656,-0.3145402125700146,-0.7251879957544619,-0.2816662282475787,1.386840238662333,0.46232220058670076,0.3147591291225867,-1.0156017333773752,-0.8979787403721785,-0.02241376835714754,0.6371948190464507,-0.6815050774476443,-0.32234088095359004,-0.42559702247046516,0.22932064393413132,-0.7548429269375548,-0.38826502574551636,0
1.9924093103789606,2.019663118306266,-1.4113210771819227,0.948214818909669,-1.8630627803842565,-1.6262347152877565,-0.11157370749850179,-1.271218839844793,-0.3262048394520183,0.391176378734543,0.22715793874616325,0.188964462194423,0.15682414832334063,0.03574603453819655,0.2225381391800639,-0.17304692872754224,0.2038540864704275,0.05707689607850327,0.03514512591595311,0.07864144555131292,0.08862754618827459,0.15125698799668633,0
-1.7374114962536356,6.4600860928419115,-0.35769304501720944,0.15720514176112074,-0.20500761354221914,-0.5271611622642319,-0.34860362448482535,-0.6492567797218862,-0.28292271946711667,1.2792744513228,0.4070989270040885,0.22123932557732331,-0.8573896143817626,-0.6371365565417734,-0.20201185352025677,0.4922546149251246,-0.2691470826132662,-0.348383222226023,-0.4374879507422711,0.23030582698402557,-0.5008952902717024,-0.2103288645044686,0
1.8057651670234347,1.9589930012738281,-1.5979306163199396,1.016628067993792,-1.679199224869211,-1.7030379258134074,-0.028731612033401074,-1.2235100086140558,-0.3243137044885805,0.3764257221174491,0.3713140974596211,0.15611001777833716,0.13936740301679507,-0.007253913386979851,0.21293796666593842,-0.12958838468234238,-0.10685782249411725,0.12510505478674147,0.1458823738441585,-0.09461858262543765,0.10406235716932549,-0.06969944176178323,0
1.9289105623211695,1.8665604116555516,-1.5627076153378452,0.8398627083401935,-1.5929283856424625,-1.7484308184756234,0.20644733987881977,-1.1925469820981578,-0.32581763381732187,0.5753277974022877,0.2587920801213502,0.10366646816871167,0.1890690081092406,0.13669210378733643,0.1432466590346386,-0.13119054284445084,0.22459213352172958,0.01623583328575313,-0.07190302567581504,0.1338631492207628,0.006000514157506514,0.03565248264632443,0
-1.84238616993515,6.481308295545189,-0.4696869338036314,0.08773032496409026,0.0709945485171736,-0.6165835574952541,-0.10552933615758474,-0.5302776469721262,-0.2781579882767089,1.513347033017573,0.39113512326248173,0.06592842969252269,-0.7368445315333049,-0.5272877856051981,-0.23599663269482682,0.4598934270871791,-0.2196609244759718,-0.3530896845908994,-0.6071869299180969,0.34215302301963557,-0.5957089277814734,-0.36737447006064117,0
1.7042536262809858,1.8071097802007383,-1.6837064281887595,0.8255994855685218,-1.827413169878709,-1.4399857989455709,0.6786911922521116,-1.1483943672709065,-0.38395284201348945,0.9188447885163429,0.18809772248953605,0.08837519758610954,0.22419298399008014,0.019366523862446403,0.4154112072149386,-0.16377437851597687,-0.021789166945275714,0.31245230084345516,0.3374593181213046,-0.123293479426755,-0.10700933752032629,0.033648089338273075,0
1.7388200671997105,1.9346849723845954,-1.6216632430140179,1.0475806885094434,-1.7792511207917474,-1.5365964649032462,-0.14613695571626434,-1.2992547005679163,-0.4419251966815104,0.6769026514794726,0.37046918910349796,0.22093245994638397,0.07300209321379615,0.32118290171261693,-0.18212339544460004,-0.07685394744474873,0.3656488863882925,-0.15446201904719667,-0.20576722218378432,0.12045079194017233,0.2679845877412569,0.10000909791086973,0
1.5663811564185741,1.7648417355844706,-1.461321058082688,0.5794593737776375,-1.6744378085932559,-1.484342835866793,0.002012487886131934,-1.24238314992602,-0.33372036522888765,0.6229720583943054,0.3151878736288112,0.11700871529818177,0.08444577344956612,0.350261696110339,-0.12443983957900974,-0.11038447920968454,0.32242572405642644,-0.14862321983442314,-0.13720050650300433,0.0905412781204879,0.2749241292565413,0.01194483460152824,0
-2.0951529982203208,6.104357177756306,-0.3898565878741037,-0.1848817822700085,-0.17669990353456422,-0.43199365608399365,-0.4114127432895033,-0.8051017852973401,-0.432222863098105,1.779256703202525,0.6207578718493881,0.15064549664279242,-0.9633320546329137,-0.3522081107813065,-0.5097425473917273,0.6017993409348258,-0.23921691672042467,-0.6637868446774651,-0.8529198249099159,0.3696640385794974,-0.42859297844464955,-0.5815115665100373,0
-2.3383927760112675,5.989954901754694,-0.4291240618334796,-0.4378386828855837,-0.0911071585824881,-0.3509771712137397,-0.07930141330373482,-0.6694635179689051,-0.35428090629751596,1.8644570559800129,0.5832849447856228,-0.08734238387966797,-0.786545585562996,-0.31479458496445023,-0.2327995165531573,0.3093206247930646,-0.4785922396785612,-0.25590027301555673,-0.6078766644328515,0.2852874622437095,-0.5172696036950767,-0.38541195629888403,0
1.3106631527235078,1.6938780437033605,-1.4162540936646741,0.3222078569125094,-1.7127042622186088,-1.4993634754039886,0.2860879367333973,-1.2736534434704951,-0.3419485835625629,0.8362015998258134,0.4006562538702612,-0.03711590888586759,0.12424418811393813,0.3346757036385422,0.1407800752749088,-0.2765565189873398,-0.02108964441438783,0.16597320690567363,0.028233048378452433,-0.007059070587408128,0.15106902816618595,0.1467436264961691,0
1.4089431285097014,2.2064257067782376,-1.8634266855590957,1.396055403026486,-1.6344009822817205,-1.665774032468024,-0.10432892390131746,-1.3002153104387433,-0.5412235812548518,0.8235888662489579,0.48439697155608946,0.38463301558226193,-0.08458907848714758,-0.08392764414816017,0.22685181416015224,-0.1903023790260094,-0.2294823421026691,0.15218795752123246,-0.06808619200454043,0.025403616770426515,-0.033701090575783445,0.34228487737311664,0
-2.1972562466237244,6.505340745002331,-0.7930658715705856,0.6927093799215409,-0.17925853904060035,-0.644477518949312,-0.5450157735459246,-0.7984733179922308,-0.616852899782016,1.9122884335333905,0.7105155294605903,0.2995041443489868,-0.9619155757419161,-0.7289947796261413,-0.052308644118774866,0.33152123445364307,-0.7087091922144212,-0.2680567750361075,-0.8390062370474778,0.35282714561628814,-0.677763325304783,-0.29486207682415716,0
0.7280185730469273,0.7557759822161226,1.6233746191591538,4.031879012448641,-0.6844744733800404,-0.7206018581863285,0.6164118155285012,-1.3815940471412544,-0.9065913285175552,1.245249656375082,0.8700282666651684,0.40083437078042644,0.18225049830628764,0.053012709106565456,-0.41076269762270234,0.2891086042389983,0.10943881777572238,0.31075599955785654,0.27225198945987733,0.35518268825472593,-0.3033303510053191,-0.312589510647127,0
-3.1726987344649458,4.897164100563228,3.4797441356181604,3.9684285645368047,2.727592518264175,2.045070914073437,1.4703296323370787,-3.3738301591908337,-1.259551358163136,1.179805787071243,3.7400107122255046,3.6751099540019796,1.7754991841521734,0.6615163266940511,0.5423515375109041,-0.3363069757835025,0.4494157613589985,0.2709496484994489,-0.5259334529861633,0.5175192059763013,-1.0018081569189214,-0.7079180746580822,0
-2.30795149921249,6.468416359380106,-1.1387229155081728,1.0973309462738612,-0.12289972580394842,-0.37312592315318954,-0.9448275011393281,-0.7487878615468557,-0.680659967729622,1.8836101971519053,0.8668456169050072,0.4338433086407208,-0.9876273591233531,-0.6319670105846701,-0.4954021639718821,0.6178796335194736,-0.6220949323666476,-0.5068519639290938,-0.5348810275894684,0.15497427851592424,-0.7253408144596895,-0.2970893070215854,0
1.2593597266544547,2.309165644144235,-2.0832583613340123,1.8239832396887907,-1.73037149714986,-1.5183134339259508,-0.5873320108100707,-1.3420283320285593,-0.6356710119287886,0.8424273430200199,0.6479860516471523,0.47019191145861977,-0.08618057241153945,-0.0060807699276463475,-0.12550620012932867,-0.008440406097903799,-0.17006929048809327,-0.0845817872433789,0.07333568178422,-0.06673693667115216,-0.11315742982808483,0.2090106548805383,0
-2.043185245309232,6.225335321493823,-1.0050720309271037,0.8505627547988299,-0.1948422311623633,-0.34241948166320785,-0.8447628048260186,-0.7591242487112767,-0.6579885621084164,1.8801352091165262,0.9376801261276273,0.2528621991616022,-0.9312421075249219,-0.33044847047894454,-0.7110501376424458,0.6222692354878941,-0.29616144661947286,-0.579613734700282,-0.6194008158924698,0.18704391408054266,-0.5513338500642478,-0.17186476254802238,0
1.4177020970164311,2.2166884007194914,-1.8943506475309864,1.4812215192235876,-1.6989068254512822,-1.4659187927456803,-0.4483490019875883,-1.341020672513999,-0.5941671742680874,0.8591863000374801,0.7442428009849711,0.3071984736504674,-0.10615512175641197,0.28102681630850274,-0.4150101307378338,0.11606251424842703,0.117285239805886,-0.2315344233079961,-0.05414999432750962,-0.027683571343736838,-0.0030632901491131404,0.26935501204551643,0
1.320349805027913,1.2570476563101314,-1.8503390452438573,0.7348843704960106,-1.68476034026811,-1.2869500031309904,-0.07457855114379808,-1.2678409093431986,-0.41275542061373227,0.7431959527358067,0.19097804402611296,0.4364427262984585,-0.07046323519765765,-0.03082728228787905,0.17407647723643163,0.017647491774058163,0.2079875411912849,0.04537327386953468,0.545489137214862,-0.3574276834504711,-0.07934054399758855,0.02520576714498652,0
-2.0336867332895885,5.105043865998647,-1.084235001894239,0.06453313288915129,-0.010076458138632038,0.004655602916309406,-0.4765974041947238,-0.56319651726616,-0.4586047065545853,1.8187253953270195,0.32977809589924817,0.35421047075773643,-0.8718805256855905,-0.6058500294414478,-0.149527653864055,0.45345352778567255,-0.13735717241293174,-0.240941282495828,0.06452373069504196,-0.15753286594073784,-0.6092832371857376,-0.36328396046524475,0
-0.8042738273435481,3.7014802401641966,-0.9391678451034219,-0.293198376887596,-0.35167085962582534,0.8815126427893127,-2.146664675591398,-0.2652460520311862,0.04394428481277226,0.06548169764322936,0.13670119135082423,-0.049857005937924206,0.28408709200692667,0.5837292321850062,-0.7549168504746294,0.7944134519658487,0.8824365750265926,-0.5412468747795159,0.6925335944046523,-0.7900643380182165,-1.1283333878963957,-0.28530366410806196,0
2.0665027015313426,0.5926797123171496,-1.4868040458377618,0.03508509443918883,-1.6881411295370126,-0.23401693852627,-1.8327262269386393,-1.0918705542955578,0.01232470277851851,-0.503795702046467,0.25820774400912144,0.21439645140440375,0.5184664741096802,0.9497111656779962,-0.6528222528799379,0.7831752960877291,0.9207227510192263,-0.4744870641387932,1.0331375101614897,-0.9248496232418463,-1.0814092604305967,0.01926344918056761,0
1.7111124721981372,-0.7537057018334112,-1.2037686858011762,-1.6754067903997958,0.042741802459573715,-1.8777683716174431,-1.7200789812883963,-1.4676022050604614,0.12084017672754835,0.5483587586050453,-0.9512345593016762,0.19907935592379758,2.653228972420604,0.08824347502086868,0.8702291998461564,2.3389091017445405,-0.6800707665528922,-0.1657064714889522,-0.11420372117282275,-0.2818906211356981,1.0627977439167462,-0.5052794527953945,0
-1.2177993644704217,2.4033281450899464,-0.6049545977187627,-2.125031667296424,1.4419907285228053,-0.743653047114463,-2.154944705552971,-0.7831549080613225,0.04619642622147765,1.3769352349627657,-0.894057228149824,0.029403190458162847,2.158925187100407,-0.3857757955006705,0.7264649907198631,2.526118279977032,-0.9583187115365326,-0.37446857786613247,-0.6511130481698673,-0.06490253014792685,0.8376545392809753,-0.970062554690172,0
0.7305612473704467,-0.36616608536029505,-1.165583851271563,-1.4755583402919188,-1.4067909099948102,-1.1297507185753732,-0.16227184407232223,-1.3308131452008052,0.02611166630576763,0.12848871878126855,-0.03917642734651287,0.15487020818288852,-0.06498701404016238,0.10406224727839622,0.7275625881794956,-0.26437226190250224,-0.15278253992039087,0.3625265304196424,0.47764604277077755,-0.3104888158474885,-0.20855994744581352,0.24740501675478369,0
-2.3004951316950057,3.070956639540268,-0.591933156160655,-2.0189616114607385,0.2907141286352707,0.2068108194402418,-0.5700658222052185,-0.4920335844445556,0.011059381174975309,1.0503085931356304,-0.026395563404905578,-0.021018021035075225,-0.6236753395803476,-0.38033831944633983,0.48154350496171894,-0.010422364648096307,-0.3640321947762157,0.16367459874181103,0.039331973872473024,-0.09754699164450903,-0.602572354166631,-0.13307228534055351,0
0.11904066647942947,-0.4051666086363619,-1.031056634649966,-1.7845567131940299,-1.6865340543630243,-0.8628359350977879,-0.3281754258568271,-1.4215594131328293,0.07501774873150316,0.26400769369707455,-0.18387217928957666,0.03733388753892378,0.26810525901757026,0.4897503741835233,0.41408740055011295,-0.14875978126062625,-0.10266310274455438,0.19464099543455338,0.24824956160868936,-0.1194676498483272,-0.024884957280975065,0.14646005893137756,0
-2.9836809679173695,3.121523762060919,-0.4080384506621987,-2.4021918903714057,0.03649532548428265,0.46321344912842444,-0.7018943204937068,-0.6066774620950128,0.08057261873230795,1.1553033714726708,-0.1407235999398319,-0.1138884277161746,-0.3630346726290052,-0.035395905146063014,0.11715113682315412,0.22298243516994,-0.39045482433328704,-0.09429897591153398,-0.26647674580517655,0.13536341557507742,-0.5107794865893197,-0.3338180893690476,0
0.5543441416790256,0.967517751288188,-1.2556331099114066,-0.4943829714746577,-1.6229292008167502,-1.3673696190061142,-0.06303678801725067,-1.3462648073893333,-0.17064492482640645,0.5170015707469707,0.232503221626372,0.06484895759331516,0.041380828969447184,0.32392678140734393,0.19000296326232205,-0.14009594105697673,0.04138734834801566,0.036828192703663006,0.25576721068635516,-0.12583072948145663,-0.18977013647573426,0.12429680097310888,0
-2.766286060748877,4.81461942741436,-0.49136795535338834,-1.1814526053173902,0.0656928004771898,-0.1136286969919398,-0.42551220998243905,-0.6348922908330789,-0.17141789479632144,1.4829608973779946,0.34491859863285884,-0.023285435320037913,-0.7441414378289034,-0.2932026358968306,-0.12421318515893769,0.3518906121690788,-0.35108547224529885,-0.3055177231731431,-0.31386467868565404,0.16171169321600656,-0.8134966657879212,-0.34352990448121523,0
0.4147111663136388,0.6860059396785034,-1.1213848867788212,-0.76776077135333,-1.7434933905737728,-1.219117186426618,-0.4266512305785967,-1.4513198731633552,-0.11272205859880628,0.38828232820976855,0.09181172620363039,0.10154237495710758,0.16700172279457826,0.4220346909100037,0.0778589464540563,0.04220407506807382,0.18968600221224888,-0.04549261907413107,0.3756005990783424,-0.27878472018049066,0.1356755727973705,0.00978508963205311,0
-2.9226378124415304,4.543210105557751,-0.3833802960435092,-1.456465397600179,0.041603759607436126,0.06791509128959927,-0.7412300694796684,-0.6498639690816267,-0.07762817762461958,1.2888782563337131,0.1656151773320969,-0.006928613286923576,-0.5757751913631883,-0.15205739767980758,-0.2463815672267,0.5064939342630613,-0.1384626507372954,-0.3297293658637579,-0.08589011109521745,-0.06500030963023234,-0.44522749796429567,-0.3723696712538657,0
0.4613559275059393,0.7767440454897591,-0.9999040909685631,-0.7083529475318784,-1.87983069563503,-1.3346908557713,-0.7866007944940397,-1.5147014734348363,-0.04440096123294166,0.11152617521607161,-0.07509761972325375,0.1546195109859668,0.2866942758345832,0.2796599749171127,0.40375140770156015,-0.2743159312392502,-0.015699987408209003,0.0873998434540131,0.04384816969398083,0.07560857998375176,-0.09128055443474023,0.18977886661340146,0
-2.981731705125944,4.772415390794678,-0.1807709215886625,-1.4042106709542013,-0.11521122239134896,-0.06521546077034755,-1.115264100172654,-0.7755894356026358,-0.050264570240126184,1.054696641838289,0.07522386052462542,0.13087541406027278,-0.5995513728548068,-0.32021800156546365,0.02397810484517566,0.3045147796959463,-0.3554247865685514,-0.2689333163866273,-0.3693166927186209,0.1823981860099088,-0.5661722595291073,-0.17159396072527205,0
-2.812474430187924,4.9049290070711145,-0.041457380138708505,-1.5384987925860663,-0.0732032120980335,-0.1546128799874158,-0.9077448778381096,-0.761599546003753,-0.018428657971156347,1.0450460034356719,0.14372584139967046,0.004953063574208126,-0.654168308210408,-0.16702559952944185,-0.19276491995783,0.3259230203620096,-0.13064225856589926,-0.33324098325388174,-0.42523096253200854,0.2513168458673108,-0.5680495263860762,-0.1161442744899984,0
0.6928906959192688,0.7663263411062649,-0.9388701946826385,-0.7976073311280648,-1.7803573015181962,-1.3694270116082925,-0.5473096882350474,-1.436302171401434,-0.01040427283819682,0.044966977143338326,-0.038819535716009775,0.06198342006942806,0.24940743262195825,0.4555269305473423,0.18898854786164335,-0.21842929286885263,0.31201731228760815,0.044418104450196026,0.12807529590124428,0.011345212328169924,0.04417816987839728,0.33271761690124246,0
0.5354309099535184,0.5921946235218257,-0.7249201912476895,-1.3273531172595339,-1.7878878449897917,-1.2489505418151252,-0.39367334917652613,-1.4055366472386255,0.08026688642036459,0.10438581398629704,-0.06519632196088755,-0.15586984321017944,0.4068198622042664,0.641144808741043,0.17952905634374153,-0.281642538151181,0.1997970752770482,0.02601334053663452,0.03415537838807028,0.08067255232432291,0.15565567565390817,0.17604982530136756,0
-2.989360417944951,4.707494154576823,0.16382131868754393,-2.0474648471110495,-0.09576193214883351,-0.056650866443586086,-0.7607698777493658,-0.7495825541105771,0.05980598397170569,1.1084340458458255,0.10220561041987579,-0.1864872192458025,-0.4932801510819911,0.012041896865951517,-0.1904415770015972,0.2973602710132736,-0.22533685866779807,-0.3749660530641528,-0.5195765871127768,0.308034053597173,-0.44321627167117844,-0.2939385997982903,0
0.6590662640571375,0.5421053367472574,-0.6254607038148368,-1.513088459255943,-1.9390366237157357,-1.2965025448397587,0.017296937314602117,-1.4551217315438814,0.04594054609473016,0.4026544486003004,-0.15544839601508664,-0.2387565360842103,0.5257675461282879,0.5776230865258265,0.5083391852707599,-0.34639910823518016,0.0846990277308473,0.1830997329166449,-0.05352750212633307,0.2211468235832172,-0.024669607592981372,0.28991211081506535,0
-2.99130767098328,4.784558336302331,0.3494680295258548,-2.259944133952534,-0.2733406968350659,-0.15815798723848776,-0.3430111350252004,-0.8638210077985871,0.0035965820880931214,1.3981472976554923,0.06732298682868819,-0.19128911502695042,-0.5062201845896181,-0.0981324701738881,0.11648267458359232,0.3373237653802102,-0.3904851640302571,-0.28899675305322003,-0.6097782956720124,0.40531515708971394,-0.6344832458945618,-0.17517424161123604,0
-2.785789292686725,5.113653372294192,0.46933493906687423,-2.255559238342561,-0.16123255139518283,-0.08396513527261974,-0.2688164986775602,-0.7443604774089703,0.08191088969797186,1.348961232895187,-0.054987494813896455,-0.2163844124268187,-0.5627409289672746,-0.10480974922695208,-0.021830673787798967,0.40582319014687945,0.0887331691216797,-0.28762191241082347,-0.18598690792153136,0.11582630098202085,-0.37967190303254866,-0.3774035497593481,0
0.8996723488925515,0.8111048128654802,-0.4457178827493883,-1.5024146985459228,-1.9427285731104815,-1.3229683022859975,0.09050181339948396,-1.4466835980398483,0.06506231850582052,0.3741146464011038,-0.21163158106324287,-0.21119580899708348,0.40374347472817,0.5496236180916629,0.3860353916587891,-0.1782730719656053,0.5178843175965261,0.08490744198523871,0.26732573607871407,-0.07420909659852926,0.26273213226711717,-0.02481392419252281,0
0.9004017030374152,0.6535427415667194,-0.4472955693460035,-1.5438889262749753,-1.7272523088987746,-1.49157650445569,-0.2984707865805221,-1.4419196835655268,0.08892614271831342,0.13610278213528915,-0.011018786190862507,-0.3188466833289694,0.41511090787291377,0.5389245960287685,0.5296995561172764,-0.5107514505201183,0.11123118738686566,0.28249009255177243,0.14209320870203954,-0.040535185739966346,0.38710499364565026,0.09193287591880608,0
-2.725640012933978,5.3678678069215895,0.5432565834267774,-2.1464282822780434,-0.03136496515054101,-0.25324711851429715,-0.5776678681670723,-0.778237799461633,0.07908247567103913,1.128486587696807,0.2741626390606864,-0.28997983578945924,-0.6861704366907193,-0.12774007759759198,-0.038904476800849956,0.2323634603346912,-0.2835009052440353,-0.21383001525610099,-0.3378411658863787,0.14827783048858462,-0.3353200142404692,-0.22435591917146894,0
1.064979646283357,0.777772482097979,-0.4221916717175155,-1.3237704395428105,-1.9773919658392856,-1.60269616817276,-0.23730295558147693,-1.5137784088224717,0.058510884885009794,0.055261064646011195,0.060891787746799285,-0.3553565172952898,0.4429423902350013,0.568949771976845,0.47068771480062066,-0.5164108931883136,0.16280477087122922,0.1997756126115411,0.011710685836294992,0.05195579130347216,0.3835569790776111,0.04062362092603145,0
0.954948830098414,1.2823994642017125,-0.6285706836929947,-0.7831076226362784,-1.7969403646223414,-1.7069317545320573,-0.4682621070909311,-1.5235637345330868,-0.036507352808425854,0.16136699408873276,-0.024066980221347414,-0.011190727461312508,0.32160833333000993,0.10508617394260025,0.787155988453846,-0.39713248214106256,-0.08686185318119895,0.34314064521157867,0.19866711783524726,-0.04242847266380951,0.08229934437219237,0.17371658789038566,0
-2.866331349425103,5.84366446779951,0.3420353162742687,-1.5840043428475976,0.031316895235673284,-0.48639849837450805,-0.8149769693498087,-0.8449671409821098,0.014735260381882737,1.1889880957299919,0.14060396389297355,-0.011766203657489075,-0.6712238203516798,-0.5549925691089591,0.2950236097269725,0.293757968191194,-0.5293113491197522,-0.07962172837990784,-0.24897630449733724,0.16829268174514753,-0.6930810830744897,-0.21139856835969953,0
0.964534214307883,1.484847164955901,-0.7951322325600365,-0.23974910410570804,-1.9349832274706753,-1.7725770608269995,-0.858278415437944,-1.5918987708488972,-0.10602978071559953,0.03442611240724266,0.05623748531355063,0.09249816997439247,0.35695884597000105,0.2611471822222171,0.38272838087892747,-0.239872861480631,0.21751765751856128,0.07869087127136716,0.14708720173130901,-0.051704795036942315,0.21925900747730756,0.16025482484451367,0
-2.7827908606488583,5.9009931838161975,0.17265081676138075,-1.0046242232871798,-0.2023907351995885,-0.5964054355819608,-1.2152198979660884,-0.964376623994855,-0.10150336173483691,1.0617715854747884,0.2631446821880987,0.10604217047319262,-0.6592815308707028,-0.41385042708112646,-0.05420494162846362,0.41116741126546513,-0.253406909166514,-0.3352050293350034,-0.33161675996336804,0.1463164429863239,-0.4709491523992007,-0.22503188442261038,0
2.1335909214071083,1.0871977576035186,-0.33356905060638364,-0.4869129295090121,-2.6400259482428647,-0.9437811401695088,-1.4560193481459014,-1.7364634753330188,0.11695426505840537,-0.9533813700428849,-0.41019693876823143,0.7315154595824891,0.39498541875869725,0.14038522511285995,0.2666372596538788,0.7227880398231331,0.32468438576324576,-0.4797866698425957,-0.3863866429117856,0.25092761706209454,0.835577740672146,1.3627798374687297,0
-1.4126072693845426,5.095484882621719,0.45302279947766416,-1.0323577509168675,-0.9121514601030649,0.2553070176342333,-1.6457267754194245,-0.8814008327864564,0.21433460640735483,-0.40297169176379727,-0.3348042073324344,0.7616422511885879,-0.42212691304782596,-0.37513593393494865,-0.12556031587055388,1.2226466003581877,0.09089040362364681,-0.6508670040032827,-0.33400456081115404,0.01770260431030851,0.6600711206984048,1.5125497087375768,0
2.160105872106521,-1.4133183081229708,-2.313259739097061,-4.086280712383619,11.551468457150612,-11.259250542113097,4.038078998379002,0.9955948677380028,0.37726898798900227,-2.2368954673750503,6.5083551581307075,-3.609410173684051,-5.64464391399699,-0.5137165083709999,-0.27299647949876565,-4.201743615003516,0.9358006673692801,1.0776226151989956,1.1499046746922195,-0.7519432068347788,-0.404019288842616,-0.9967309105591431,0
4.595799556522603,-4.577325044284439,-2.875086117080383,-3.798169033965231,10.080204676147936,-12.670384663706104,4.1130557984820415,-0.19099044358033088,0.0995764092115897,-2.270310486254158,6.7338901627527274,-3.426246504420739,-5.329865524725684,-0.3700197777210386,0.016677789110336926,-4.071587687659152,0.6520081859733432,0.7258043661178465,0.4571291866730372,-0.13633964597046394,-0.899929682141728,-1.7858858037244205,0
-28.13248574416661,-5.7442789032053305,-12.486245559352074,2.9948974665483443,-2.9224246414050064,4.539145670516168,-0.02485035649107997,0.7431033162457316,0.159974888144997,-0.36822605167500644,1.90320452761056,-1.2065421508430163,-0.46813014406434406,0.41294869285791214,-0.8601570806144647,-0.18064072374160126,-0.36127504538250516,-0.07289483851206409,0.5218829563922288,-0.17894122452694344,-0.2676565520323073,0.7694690057966018,0
-27.281134584501842,-7.803107284259411,-12.819471258542809,3.6228494194894396,-4.856926338445018,3.426403656447525,-0.12504687372621706,-0.2049384895697614,-0.021275230890319973,-0.7651549755167764,2.791151498696499,-2.1045099037595683,0.11941832509111894,0.1524825135130477,0.4302057095796772,0.007167780609727674,0.23452198495643678,-0.18560621545441966,-0.4889413699982277,0.37997627948857443,-0.0769409466206118,-0.0418936027174252,0
3.886850334545149,-0.17097770594761544,-3.2846382675453585,1.5379724695719161,-0.6966130641476384,-0.328577789803776,2.156350656447296,0.2277725202058458,0.11912297476927278,-1.195207016692298,0.036551905924438806,0.6932455999416284,-0.4659758429897427,-0.45447438108958155,-0.2637063888759281,0.15336057867401592,-0.523037423352063,-0.06706393181267041,0.032333508240984375,-0.13701757534868025,0.5368786036261375,0.09156066939331217,0
3.8489570307223904,-1.0420430423802491,-3.366693963308536,1.2804905820992185,-0.7924036749292553,-0.7876603499241503,2.18283296671141,0.022902929246766214,0.11323909661576029,-1.2473963436974729,0.07267947408176965,0.5480521192212452,-0.42665096900996785,-0.15983397170435976,-0.5087613356802485,-0.04365278950608309,-0.09667641004252055,-0.28009149578740145,-0.2585422910078433,0.16157108487434094,0.547952348808474,-0.062000736253967716,0
3.6458344381814296,-0.704130073860801,-3.2108979077254003,1.366417684870378,-1.1985806955041642,-0.5486202591946192,1.8221199043953733,0.018145251681907205,0.18856489209511418,-1.4945346113554667,0.18693466831450573,0.32010550084301037,-0.20303179399644625,-0.08325497655421915,-0.44143827126956287,-0.37636390381303875,-0.5937603920483655,-0.12607474581776842,-0.26840964879663054,0.2474609033113368,0.41468119114449914,-0.15880187203858426,0
1.1357220409469064,3.024348937440944,-1.9142042213380985,0.9334750913452844,-0.3767497242421552,0.17466366957636462,1.5827344818317504,0.8929449015545884,0.597572596059249,-1.7244651031117317,-0.6179424875183236,-0.17080948985519212,0.5137798861448424,-0.13677390436197334,-0.2420258112258473,-0.4849377945941433,-0.1432611978794626,0.023386416561261458,-0.7430849495173222,0.47196175539822427,0.7890264506102769,-0.09730740407167913,0
4.216023561146665,-0.3062258253998247,-2.70543215421591,0.8901063998021391,-0.9948989173095334,-0.07807124007930906,1.8511897772781845,0.129975653169945,0.28529119547786713,-1.57609757907757,-0.007013561779395007,0.5775887872395565,-0.3220029965139956,-0.11461599996839167,-0.5100024263908128,0.25364593332789503,-0.35165306562684745,-0.3097349877052329,-0.25449216455795853,0.07587583901673528,0.6224721805575654,0.3515702950658002,0
4.12442336300872,-1.3285229253447877,-3.387955906471104,0.99988565675381,-0.5103797662383838,-0.6631382720134145,1.947991551643103,-0.02182359159012117,0.1864351191092934,-0.9062467126521869,-0.8942310698028548,0.9507793726495862,0.4155581997656839,-0.897116587218792,0.6824148889333748,0.5640538601971752,-0.7896430847182707,0.14480448315958136,-0.3523765296102104,0.2408990605735823,0.3650380032597544,-0.31803575394946515,0
-0.12014958853632651,1.4798016403276237,1.6962072169575455,4.875457018833387,1.1527976468205463,0.38139092252129386,2.6127072662667308,1.4515990397907297,0.039660974302328796,-1.2814037413736727,-0.852265196714729,-0.9910555143333192,-0.6771540797609304,1.0995395238668155,0.3895658331183127,-0.03311680511088112,-0.5377370329496075,-0.012528504757401462,-0.4551285736599819,0.41075078232672946,0.5155299073347565,-0.28584794338069364,0
-0.1310135827429945,1.4560377447703714,1.7589333512355985,4.944960202553643,1.1914778276128404,0.40047943533228303,2.625244560904343,1.4259867866066993,0.09491014087223355,-1.269556317942675,-0.8735588014331761,-1.0145917355966514,-0.7212397019162048,1.1664533046162402,0.4497462909909642,-0.02146604612291332,-0.5627119520212202,-0.04569041674116218,-0.4338127202486947,0.41911310734282387,0.5436372961959751,-0.2740782161638982,0
3.1067324928307083,-2.0247051473931075,0.5869832999444963,4.417734378639469,0.06125115771970397,-0.19000409878575233,2.6878592528405525,1.0853613955184824,0.032965221818044455,-0.7865790762075114,-0.012347591088999693,-0.17782211844534584,-1.0508403975041443,0.07289497051306307,-0.7533769234232726,0.536174835278706,-0.5301071477919049,0.11210446843156328,-0.2605327805350802,0.10061597133951514,0.12541424165842982,0.10043695446969604,0
3.1178719927720757,-2.0130516465004593,0.5462035124029264,4.389991453145345,0.01981139855719065,-0.2213696164356993,2.6590142927794975,1.143680838546321,0.27070456039619917,-0.7138504365619679,0.0601653911533412,-0.09847251968073606,-1.0440614272957622,0.05702449480950963,-0.7747499038626663,0.5470595639991168,-0.521116754400495,0.152414319021276,-0.21896182462750483,0.1850016551568105,0.14908643470600655,0.07821922857752427,0
3.776279604713726,-1.1712748644253974,-3.41260414127272,1.1223838529985282,-1.161848848783941,-0.5553009768143587,3.039349888338714,0.10129690294656467,0.07598640536424559,-0.9031004172488712,-0.023406443955775805,0.34543121036564894,0.11066993141128063,-0.24444814533468498,0.10683226216141276,-0.0825808890495867,-1.2423097107574852,0.06345527795205116,-0.7552468626193962,0.6172409707712883,0.27773195136726525,0.5792750572847346,0
0.6109143370752272,2.515189808158266,-2.577360072805732,1.0270859914625234,-0.11116168243963395,-0.058049839079084654,2.8981409878919475,1.0838387368054638,0.47882041412733595,-1.2001437478123789,-0.5732189089938787,-0.26301893697213335,0.6178015218253295,-0.33988396804700316,0.1827109125540823,-0.5765739465309221,-1.0232219684820085,0.35216316296908096,-0.93878201970628,0.732277203359638,0.5009763987605013,0.4265959870108105,0
3.812916275512623,0.05279956119439562,-3.334384605795273,1.5456663004216755,-1.089093596159557,-0.290751088982377,3.859659931526066,0.3539123176200069,0.057232008463348104,-0.7037311350579366,-0.06499059106118728,0.6295073090288986,-0.8084109644396479,-0.3484936306644398,-0.33308855658559705,-0.12572493743809757,-0.15572998501388086,-0.0470850656027005,-0.14055936763557805,0.09026809189440121,0.5530262694006864,0.06713784053789956,0
5.414038219073329,-1.7890433499289198,-2.0878587770862973,-0.6991799233133045,-0.20058529611388118,-1.6852151020547774,3.3767076497302413,-0.08762155847586704,0.2967544586997681,-2.086568023720839,1.7836001215431543,-0.5067252876372471,-2.316456260475693,0.30390681396420577,-1.0757173438407601,-1.7246361701904778,-0.5272516509810168,-0.0003690778213482511,-1.2639930251081362,0.20454746044932953,3.1125808182421335,-1.6654381672690226,0
0.49118690679524407,3.467103031977583,-2.648673046865322,2.1391637446422807,0.2634611273611188,-0.37093974478231406,0.5927343405637965,0.9576308607787448,0.4912599649328894,-2.0045243962281214,-0.49816960515891906,0.16862077382631846,0.3368992549059947,-0.5376586001360699,-0.24584096034696143,-0.5192173959160069,-0.12849075421891892,0.11032049476901819,-0.2266853028609759,0.04923759191231219,0.4833281426954097,-0.35095155372315046,0
3.6444521933327985,-0.001506439935860918,-3.504013591963279,2.0684074738233105,-0.3097905543789776,-0.6186048752322592,0.8451737154470417,0.19944653547543154,0.19404975279176273,-1.8609890571044188,0.08321251218951527,0.9100273539142634,-0.5070454543815452,-0.5463132288259247,-0.520191735820999,0.16351601060485618,-0.3706247343217935,-0.23805554691761452,0.1926212555951558,-0.24209726911118684,0.29612479067555164,0.0006374408101939097,0
3.443070789013013,-0.7283536317108439,-3.602204301361253,1.878252103264477,-0.7606322083154894,-0.6655067855192621,0.7768818270998327,0.001461576639112764,0.2150314825395984,-1.9411535780595799,0.13261053430137412,0.6634525292577895,-0.27962057388561046,0.01014862684776867,-0.8841271315048258,-0.05689911304255292,-0.11840277300948114,-0.39755629084159144,-0.27244893042845436,0.14717893847362096,0.11453318945959598,-0.21227961374300827,0
4.003142619577005,-0.4988813436175013,-3.457115308794965,2.2111966752525687,-0.881866276214334,-1.1252701170686654,0.4718291596374516,-0.16268926029010602,0.09754389233578128,-1.8569344823943625,0.18021227530948297,0.5975819924839763,0.050244508296942006,-0.4468757850126324,-0.2033061023639581,-0.24955209989098967,-0.7372140519223538,-0.11833879077181945,-0.44224603559727216,0.3018769251085451,0.26075559833560064,-0.22499440653515443,0
3.6818471434486844,-0.8857742351688614,-3.684774765097159,1.9307079681398307,-0.5465025732577846,-0.6744640606912449,0.6830950479481748,0.026713831207811435,0.12381654023902613,-1.7764952195705017,0.2917377757048872,0.6642677589217347,-0.25453397422504137,0.08391565590704372,-1.0819574651036392,0.19449297431732038,-0.010469869281018087,-0.5371685141055644,-0.10014168420016413,-0.007628185232967882,0.22207352551287468,0.09541469335882599,0
3.9105673319274157,-0.350134013490929,-3.0489586025946265,1.3454240288156134,-0.2890978323705196,-0.6486118838788837,0.6686662736257152,0.07379701657529779,0.304696631629593,-2.0107076537207544,-0.03510422586829171,0.8426803663776874,-0.31385503078101024,-0.3872102684926085,-0.4045090879809163,0.33256500257765925,-0.3120543983673709,-0.29747884569798544,-0.10462598969753302,-0.03985270792084667,0.31063635765509146,0.27872214435041204,0
0.5844216581561864,2.3398089519596956,-2.5473425249319823,1.1699830443312658,0.3040405865092468,-0.1672806925422622,0.8041223795479869,0.8719102531601558,0.5042061634224637,-1.645942321931294,-0.46358817434610383,-0.04124075624470026,0.43037772407174385,-0.1264869834854953,-0.4139434070286145,-0.43163544035469886,0.04425492222846483,-0.0026429586576600544,-0.3307389622688729,0.15375536066314996,0.3891685384920937,-0.22474320012160245,0
3.703085539131585,-1.4099063840132307,-3.35714516348507,1.2188015821144307,-0.8448761995023036,-0.9257861026853831,0.9948324619274377,-0.1595821132053236,0.2001648052417281,-1.5221323369444322,-0.02997741960573959,0.4242441768522772,0.1174239641576259,0.006149630796096776,-0.484465465273337,-0.11624127889526871,-0.16777488301059007,-0.3391015510866322,-0.4034934019565689,0.33094241853148865,0.07233485512223407,-0.4116945070588935,0
3.4584024577832295,-1.01489582371264,-3.4080372052098715,1.2775873706340488,-1.071533445845229,-0.08157870761175993,1.2052195378019617,0.07763345350949545,0.23637959398636108,-1.5414814157365857,0.5150503170148522,0.04150586041982182,0.463922421202658,0.18954684328970678,-0.8348733677238109,0.20063929658485652,-1.4394364129457877,-0.11498864553079939,0.21944889464969958,-0.2480791407796134,0.7549738699354662,-0.5030157229177225,0
0.44253164200927875,2.352722838786836,-2.646585060566935,1.226047015881252,-0.07872922529205424,0.47650829767522596,0.9930532848224146,1.0035873920947487,0.5056245693067617,-1.6324387734932362,-0.010944353002160135,-0.5077873970806143,0.960341252383342,0.08895154654123791,-0.6504426740426555,-0.2442232398290333,-1.16528896171075,0.16361432758754876,0.01373289608401253,-0.19650534182854212,1.0656505877716849,-0.6811928459616327,0
1.4097448088004907,2.817871100676657,-2.0340125677113843,0.7149765168185684,0.23939702079471029,0.2647801180270165,1.263504516294594,1.1066416631897218,0.8764063124165071,-2.4536398129459958,-0.377097912736766,-0.31068010491983616,0.06627795749596084,0.24220497542594271,-0.9028968047057321,-0.27231523921723416,0.9218253892862611,-0.13472027607985446,0.4526326242654234,-0.42948324633849694,-0.7226381135602891,-1.1453573991633883,0
4.318538866990205,-0.356483526533097,-2.7729159098482494,0.7572628196256261,-0.5680471605708639,-0.2649322043109932,1.4916162639123929,0.26552768371070695,0.6229909754533773,-2.3327725345398123,0.09154360400360965,0.26975598786858174,-0.45584030592944985,0.3405231483778484,-1.075756706502411,0.28131252161049436,0.745306168509365,-0.4182302811609571,0.7324888641023845,-0.5872880301231215,-1.0100351646745132,-0.9321407899804921,0
0.43804802124722747,1.8449906442676192,-2.0672808418162916,0.15169703554748434,0.3303046534193621,-0.18289234107568583,1.7866425977472282,0.9143640069918032,0.7563086188892848,-2.4221750384086826,-0.4452021300972761,0.1915758658718514,-0.9631140346019952,-1.1348496803394845,0.7320824121455709,-1.6559905269028512,-1.2882275840699091,0.8481999558750133,-0.5241392746224419,-0.03500582044308171,1.3950291960764647,-1.3271384454834412,0
3.6705080831907244,-1.9205502406112767,-2.8647744379609312,0.2670641502375678,-0.934577360137591,-0.8154916238191368,1.9318645840324538,-0.14789558482479262,0.4002375463535551,-2.277604992862275,0.06040376320755655,0.7475999431392666,-1.3964172182122134,-1.0753098085704988,0.7024522614537768,-1.314610876139606,-1.5749885126271697,0.5547224416101189,-0.506154172059658,0.042432119453462806,1.1556745371717057,-1.3076462837119258,0
3.680426592572974,0.06289640075927788,-3.534778000636113,2.0326102874563565,-0.6404203673906087,-0.404702638587995,1.916804230383488,0.27442323195134527,0.09082357425020984,-1.388667022654187,0.12167230366270236,0.7932745762297645,-0.6220934443520318,-0.35590280195214424,-0.5783646154642964,0.014011636892375222,-0.3018433404094532,-0.18003369743267925,-0.03153665448566401,0.02037291679495073,0.2697171006251891,0.4238239614558238,0
3.6759348356220523,-0.8250909344390424,-3.8320791993011007,2.1117020272894087,-1.157747622921709,-0.3086265621604512,1.7736344564907796,0.08966638795323877,0.050402987813300736,-1.3836445297098892,-0.18296256416476953,0.9321803315945227,-0.3904446880589862,-0.557097537119675,-0.15471759367344864,-0.25521644157328793,-0.7408661352193139,-0.04719833421104743,-0.43838633405937866,0.35516068586007904,0.10468523158912339,0.03907442098541903,0
0.34740123806584455,3.098107697510542,-2.899424887032272,2.0936254759428246,-0.1631340014908807,0.1260933104024026,1.6005409938082271,1.073835782967439,0.44304049578727983,-1.6809686830070896,-0.7464037320048454,0.3015109001136956,0.21557897579601626,-0.592139794775657,-0.026111898821948705,-0.7361635688324414,-0.47450715656582115,0.3096985467031464,-0.5443764731961741,0.33659451733240975,0.42218327314414267,-0.014855968826378343,0
0.7797657655581868,3.5515091908990626,-2.666645856902165,2.086588238508566,-0.07657314123177204,-0.11122880135826625,1.8745300939375622,1.0773208618075392,0.38523524074642895,-1.4516394978214346,-0.3656198049203098,-0.07828442779169947,0.28615454454671324,-0.264374343929965,-0.4236974611088555,-0.676023528789718,-0.1714190649127295,0.1463349475538894,-0.5736749114033136,0.3153022962088739,0.7490306457413811,-0.23424188591935605,0
3.9717425712874985,-0.11716665536763661,-3.550639928012453,2.0718619611459967,-0.7882425815443429,-0.4372462806909051,2.0932158778862346,0.23831627354780047,0.00595828845238396,-1.2001130314911255,0.2531298427764091,0.6208582669782222,-0.46078886237852174,-0.19638970837833056,-0.6497047550352701,-0.01071106892469558,-0.3805176806689842,-0.22006935768280164,-0.23722522240737778,0.029024716729023344,0.6021884856007166,0.01651371827130777,0
0.3390496874671554,3.1423587178085914,-2.72692849523735,1.7813134129768118,-0.08893174697571467,0.0007610976302743559,1.8721273887157128,1.0510053924437097,0.4643772920628551,-1.4943491473022963,-0.7357998932006324,0.1267112713408124,0.2500453239763024,-0.2031871205572763,-0.4051206513201508,-0.5625466610279767,0.27567096684444914,0.029455887181439166,-0.612445930125292,0.4600833833821582,0.40612327793336445,-0.0021655702241320986,0
3.5476837018960383,-0.617314214780678,-3.6001517168413963,1.8418675952034254,-1.07779887571375,-0.5222965007087642,2.026043722062504,0.08502362118722155,0.09379782058204131,-1.2446093489355838,-0.20936236340319803,0.7170159831067648,-0.26444505758963216,-0.11959291589910376,-0.5060175775563343,-0.09438733516435706,0.049999005347392204,-0.2924893908821121,-0.4932891691556598,0.42757900630686463,0.15369464447051912,0.07054030183279664,0
3.750377608867589,-0.10554383953447015,-3.121964812196626,1.3152459621111885,-0.790116825675139,-0.43409305444319146,2.5393309316867194,0.2416036026594954,0.21105354712305088,-1.3274355919060772,0.03337509013042907,0.5560932948387431,-0.46719285605714334,-0.232874680218106,-0.46424370267213894,0.1184360420288385,-0.31564798645664316,-0.16849619717036243,-0.13387755819153455,0.014173130068894807,0.5299454842120929,0.09434945655972596,0
3.0910699863859334,-3.0242698555137832,0.27945083215007355,3.663796972288392,-0.24126204969127837,-0.7660706332470242,2.570167590155789,1.4658345611308081,0.08040922061751456,-0.5990917624713745,-0.03931481953124119,0.18114295561151453,-0.9542334050200114,0.2857294849676644,-0.43250977128514967,0.5272324435212846,-0.2192798714081747,0.3071523968151561,-0.5647056618962084,-0.08676883488858034,-0.17745562036029816,-0.33262203580906125,0
4.1574297447668735,-1.0613582380467246,-2.7879738500252227,0.46684962046027345,-1.5797366879105292,0.11680289525777604,2.833848563647373,0.04298683813604269,0.21428035939846865,-1.1745630182331839,0.415300438494676,0.044401446074197215,-0.2794301172607173,0.18763591819756148,-0.5370567380964311,-0.14790823597146394,-0.995511732087809,-0.10389737422245084,-0.36200594476995973,0.2095118905397087,0.9402493558594881,-0.009401062074921187,0
1.0591428682499093,2.443992451030948,-1.98357392592438,0.4824119782288693,-0.7241547877635104,0.5595709742475479,2.629210498288225,0.9191452496802431,0.5304831902916033,-1.3639002379755198,-0.14418704889972056,-0.5233543856964796,0.28541420122160555,0.08642624474554969,-0.36255575747467444,-0.6779309615000187,-0.7484440803585362,0.21697980631723665,-0.5451165701339746,0.30027414938182057,1.2618360343601642,-0.15202207196374598,0
4.773166789127151,-1.3922750949970968,-2.175746053768932,-0.3823034225600977,-1.1202874520038941,-0.047719110810189695,2.4614681943897003,-0.042234178335657194,0.6247032668067752,-2.0966803739665316,-1.357087930884723,1.3449624080371454,-0.34415990874823826,-0.8963196310904175,0.5386397095644286,1.2035292618575057,0.5447867287693545,-0.5234909710906682,-0.2508359068087751,0.6529613120911177,-0.43995459895057026,2.0754776239637804,0
1.9354768649772764,1.681790606201169,-1.4521102714649075,-0.4186264524839661,-0.39741303982526305,0.47054978910533074,2.2190150376789752,0.7641840291379874,0.8791127747068113,-2.24258093455028,-1.8218605302994322,0.7573108259653318,0.1770959734047851,-0.9970281530370979,0.7142714777860211,0.6034159926267887,0.6611198899493393,-0.24587707114459298,-0.5982688504156054,0.882279668624679,-0.14192004933061086,1.8562382344462505,0
2.412586293479891,-0.5922289979466648,-1.6117461344364885,-0.6979539417376498,-1.7137298843480218,-1.7347152893967197,2.9782797048899083,-0.7933429373860845,0.38284399154655907,-1.0063712795230686,-1.2551256320935562,0.9681060730733473,-1.8066256954182953,-1.0795505411380415,1.8229825767929508,-1.6253859263291361,1.557639982115724,0.5995519217514019,-0.15911713812152936,0.852674329130856,-1.7014317210418293,-0.11132471349339136,0
1.4350621052344004,1.029622420831203,-1.5207106593519102,0.0877126460766434,-1.929340255693865,-1.2452420810519194,0.9195975506670951,-1.0657080856234884,-0.10754395908809132,0.2735934623312954,0.16805325229056106,-0.10181784497876034,0.4294679861704875,0.4550986748363094,0.010640609619038668,0.04985313412934655,-0.05367603538401354,0.08064247964705175,0.20302682418194398,-0.13058519148283804,0.29126814670451023,0.029421405725796053,0
-1.7317005604989377,4.6924157407215255,-0.8321735938228559,-0.5008850109382403,-0.17850491436556595,0.07837872322152051,0.7597882644748815,-0.05414881735448289,0.04587009350292267,0.757688877120844,0.036977223842461916,-0.27675768680752305,-0.11651209169252764,-0.07984805096842257,-0.21261131009410109,0.24419871770422705,-0.21603628839623185,-0.0486803627365899,-0.10583405587857804,0.018937779430985565,0.08938398632586228,-0.15879049986445862,0
2.0107487159886834,1.063989053732456,-1.210907796399297,-0.1984715429332472,-1.7352814763512605,-1.661194804399996,1.3221862112719294,-1.057958803179593,-0.11628439744693807,0.14054763822462019,0.6260709278953505,-0.3894388472007057,0.11715724855614384,0.38255939437011227,0.06285527524126075,-0.443111890475041,-0.468513134453388,0.16685100586350005,-0.23941271953212354,0.09586491906389732,1.090299525077598,-0.09900620812296738,0
-1.1306872395453118,4.600389914947865,-0.5587286807001308,-0.7394800130130615,0.012375234802526905,-0.40399232870277085,1.2181395607700973,0.0470674708680157,0.1014233101336102,0.4157270506655686,0.4033052042148501,-0.6659638977347417,-0.21139990240664347,-0.02311994852969472,-0.13079298370026532,-0.3359149262412401,-0.49825431608049914,0.08955145590776632,-0.4973818599215185,0.19813061736890508,0.9779129929480072,-0.31357124123204505,0
1.4713863016048268,1.8830278167393406,-1.8889015849442259,1.2084634706531274,-1.737153323456875,-1.7191065258919123,0.6183452644845185,-1.1165226369343966,-0.34401058031685294,0.5350619607733303,0.18997209798204923,0.1922005278717719,0.28931577343511616,0.09308934547513606,0.1809417415167012,-0.019637465023104754,0.17454450314175188,0.1024805497614847,0.11015044557006833,-0.008688398191848695,0.05118463668663394,0.13622297931090185,0
-0.7783265503342168,4.985162759268563,-1.6078551146435127,1.376827063469877,-0.4321011265368489,-0.28727816378578397,0.8445694036053327,0.3967386090747857,0.04298373199366364,-0.025955381215480883,-0.1168255957896726,-0.3500250013759026,0.6974125762130448,-0.15856203202246794,-0.14892605598868378,-0.30243997994488747,-0.22737098564985408,0.12267853453899555,-0.1781557159846878,0.18670895068189103,0.8640095361514791,0.41620814756691815,0
2.525242031960229,1.222321393824039,-2.3589449574415027,1.734396615811263,-2.0216627341099382,-1.3388092190915009,0.9114601572886474,-0.7667819642049102,-0.27372462153991206,0.01486731039653861,0.26212610731366887,0.014723790645933883,0.7185501347871434,0.13376215663729346,-0.04025379535252407,-0.2845570567475859,-0.3831593015117386,0.06307390875542837,-0.10656649235884681,0.2514169879989967,0.704954236537281,0.49493728359740563,0
3.3147878650633347,0.07347624208751774,-3.5232205936920478,1.9563407081837065,-1.1439772622297957,-0.37914358955456334,2.95551301557404,0.21163238466463916,-0.06493271905970431,-0.638230091429278,-0.024407695858867498,0.6783000111329784,-0.4998976106194749,-0.3001923986980104,-0.38021005908771005,-0.0713559518089645,-0.2202044264804574,-0.08918335391244432,-0.02743770095579308,-0.00010071059963751563,0.6568639456733705,0.1511284134162866,0
0.12373150049209543,3.651932816248999,-2.665931534348078,1.95613602532594,-0.3983956526979311,-0.06630173480764714,2.7487599795410302,1.0647005085174244,0.3262573422261643,-0.9616815142275306,-0.6194430968899031,-0.025177691901767614,0.24904964410902297,-0.3516083775449252,-0.1801004282648591,-0.702892123205555,-0.021137690522336324,0.25385205534438743,-0.36100936212276435,0.2555055399406745,0.8423484974373037,-0.11523000674329285,0
-0.26924298458255247,1.7628216411801607,0.11750526431688547,3.6057906471419274,0.3082494230508557,0.1788624429644511,3.1359679510847736,2.144673087429291,-0.545758542510798,-0.8593429743294224,0.18420926741398913,0.5285473952069785,0.6380257544193423,-0.8120736183496771,-0.5546103521753301,-1.0838773083925797,0.13464515361083074,-0.03748373589971319,-0.7624247154244457,-0.4043076423600817,0.47647144493471033,0.06238270738640208,0
2.8397699918880126,-2.137606531401435,-0.4431511891298411,4.048398733448891,-0.8794481012128252,-0.6707089349860105,3.0990921173048234,1.6456293558479091,0.18288293432830965,-0.06672626838750023,0.09074138332367444,0.34234832609127774,-0.46054999035166505,-0.6474110327683796,-0.6707547963386116,-0.41411846432167165,-0.31022042035855624,-0.6123435712478854,-0.6944319460217959,-0.29463793817624656,0.19099137520010434,-0.019150631362108532,0
3.2249681716519527,-0.24418887560541822,-3.742200905410109,2.208981686315394,-1.3901206853251489,-0.5186179013622148,2.62949253102035,0.08837417544273683,-0.06540187286683262,-0.7645351507787312,-0.03728419847266893,0.6169480552602689,-0.36390003078498495,-0.272437329712124,-0.3637906205629505,-0.3777816701162773,-0.31683117850232545,-0.05418746949770894,-0.23460236974483842,0.23605633143006072,0.5153945575002756,-0.17301670306087474,0
2.6413012032614094,-2.78780600753987,0.9171562160209484,4.704458375477996,-0.7649683346616594,-0.637915310574487,2.52364625142731,1.8806271248460107,0.5513123799480315,-0.056259730017905456,0.5115479285645499,0.052306805590073224,-0.618307544794295,-0.25020665709086937,-1.5558243942625338,0.3634596283389416,-0.18669626890158456,0.7747526084449595,-0.7294757440056993,-0.39154611111154325,0.0749203049224172,0.5418855158365186,0
0.21086897196886997,2.5454839248093095,-2.3485862643198456,0.9224571232661772,-0.18100543658218068,0.15786301461142174,1.4566459436405643,0.8268657371384253,0.4874298102698828,-1.4276564160753613,-0.3412009752457124,-0.17621948703988005,0.31930748648953977,-0.22728411356012065,-0.15638333021959364,-0.630691311769004,-0.6226088990445072,0.30246084253190375,-0.15120292781606767,0.07181742386763895,0.633879001823814,-0.27318114587492254,0
3.35013281284788,-1.0493644804390216,-3.1675004877311808,1.008304037614024,-1.2373478696975722,-0.42144527777940954,1.630986794158315,-0.0980504756357504,0.2032534088692586,-1.3447949379350719,0.1288797845319257,0.31606786627308237,-0.06447007974155677,-0.09730181922298398,-0.26822577003690495,-0.31294311024029425,-0.8530779406472943,0.04347112168241187,-0.02669445737839822,0.10692869285515372,0.37414197441363495,-0.1871295575501565,0
2.887803927916774,-2.5594018536605456,0.330507632908825,3.572080197615979,-0.4910899309436828,-0.4726986976138916,2.8105163417955454,0.7636540036359525,0.3484650822325738,-0.664222607341418,-0.21355478385911653,-0.13468615906431602,-0.8605500396238733,0.4223624239342015,-0.1878017159004453,0.2060231365469354,-0.2408564090842964,-0.7175956512417888,-0.42868619727198326,-0.5512311156365779,0.2546941369453681,0.06999768813426512,0
3.4242122499801537,-1.5834346114358948,-2.528699517171448,-0.14430944547916366,-1.6664429957945888,-0.07070567226880049,1.9233066121611768,-0.22530715493920977,0.3525933170704677,-1.2962084508250316,0.12055133615137632,-0.10495237073350722,0.3797916315367543,0.30486336770578254,-0.3454308680025182,-0.12701781198740678,-1.1094860220952771,-0.0036259165565521606,-0.1319734230302381,0.11376754658551108,1.022966949851552,-0.28973660006038177,0
4.723404820560972,-1.8662249196615643,1.3016588640186169,0.976094899417342,-0.600730967862159,0.08250325552262779,2.661586514502016,1.3566093160867332,0.36801344497641236,-2.151967597545493,0.5229897135595689,0.6544863948625059,-0.028984639044865403,-0.1546610633439327,-0.7412362432538674,0.22866626135889878,0.711636802832777,-0.6679125461226424,-0.3147432396254029,-1.0384281219064002,-1.2411521194540136,-0.11492379230064423,0
1.0537961553971447,1.620796871654246,-1.3853420971430557,-0.9787745955722106,0.5124085503592726,-1.2870239018400553,4.597145358870779,0.6911130224473362,0.9270842515104878,-2.204889450315206,-2.3765093733543567,1.7716744403263598,-3.040024048511526,-2.9357341442395612,2.8646138555246283,-1.814979578647091,1.4305413412568688,1.0371350237499397,-0.4328915858355533,0.5542483572619114,-0.43419881336358107,-0.6600566467395893,0
4.056952395135336,-1.7655956844824827,-2.1379234114570975,-0.762145696636679,-0.7126528014148676,-1.9582191384479428,4.666488359445133,-0.27993231576543837,0.6295841342798182,-2.06332647850149,-1.9926793590745888,2.1929418486401318,-3.2178178540667903,-2.7686983004091332,2.8382736513574685,-1.6099843432750336,1.2394300596549817,0.8390719823707434,-0.37429352200095733,0.6466665099203591,-0.6572269491415288,-0.6286972575304131,0
3.0366334376329966,0.24128053656059986,-3.399204221559816,1.8771738650255345,-0.9374983961021721,-0.3976164214562722,2.2465178132295898,0.20766617229308812,0.06770032404490285,-1.1348952864539894,0.11879514829088512,0.6777882149931961,-0.5574988970022257,-0.2570404303996687,-0.526226064007735,-0.12677090022907425,-0.3793508274813389,-0.07037929510550052,0.08185975440656722,-0.11139911390000617,0.5766632338855482,0.2402924489238029,0
3.291202107179312,-0.9460357376530936,-3.382913008362971,1.3639391360116133,-1.5106633356973067,-0.22343001479941607,2.0694525390212006,-0.054904096897803165,0.10087517771018448,-1.1052991827663745,-0.13107050350777968,0.5328692654789475,-0.15633282543137114,0.044310355499736526,-0.423153996207628,-0.3145016715684064,-0.4223094468454054,-0.10115284223245653,-0.48548542282606355,0.38368259805972627,0.28667706552152306,0.0032011646665056157,0
0.017075788187756,2.8290045505540924,-2.535382423703203,1.2677575072120515,-0.37130363332429245,0.3213020867984911,1.9493412974379278,0.9708431262746117,0.5034628789747161,-1.4442144491934867,-0.6264176539111806,-0.013399837612708613,0.2791140600233141,-0.04181010256118174,-0.37518227264623144,-0.6924949162827094,-0.20910834715614418,0.22189752125077541,-0.48402175716816453,0.2965118929973633,0.556563736526475,0.04895028861327561,0
-0.3159889596647856,1.7339259961207885,1.1086131388401121,3.7005614749751614,0.37287183967172177,0.0646381168076581,2.0109658722424104,2.37415257063124,-0.22951530940262177,-1.1717123467548287,-0.760927642855951,-0.6233323858611008,0.011275963534879953,0.07275169347357653,0.46178102538869026,-0.4900704486695904,-0.44861506087874153,-0.8524945564368742,0.3638592613496163,0.9085860791011309,0.7803677187559558,-0.29496554588700524,1
2.600455571106252,-1.7130372294537328,0.7276915135403499,3.756418262114208,-0.23407982006660805,-0.27416549738547547,2.287613146235581,2.0200803078558014,-0.3496097685089101,-0.7343467736686357,0.009544008566046036,0.2220301589146324,-0.5847608220780394,-0.41589055487033544,-0.26483756292504707,0.19955320311759597,-0.5436539585171968,-0.9807959155395694,0.6901841171916802,0.3979350201654506,0.4535785379715449,0.10061253692353005,1
2.8478571656321643,-2.734753094273195,0.5122283454702472,2.523040466677628,-1.4212887498473772,-0.2892148308648827,2.321261805192036,1.1077104510797269,0.1411499946948528,-1.0307179653285439,-0.3919805752169538,-0.03632797488932316,-0.34629635072064857,0.5416366982296363,-0.5443990419828264,-0.08107020605204647,-0.17099031687842595,-0.206984687202524,-1.4306603124345245,-0.22695208874403605,0.5942756695036526,-0.7536539401717935,1
2.784344152576191,-2.9819920387404744,1.0226825025285242,3.1680439975885877,-0.9260390877941257,0.0896765475889524,2.53854213997504,0.18158237072861547,0.3835700356206888,-1.0402171761970391,-0.60142620865307,-0.5014564689290797,-0.6252287134856447,0.7324046847889635,-0.6531677700325219,0.2285333203580089,-0.3299020007577307,0.13387469358804321,-0.8272427030376812,0.8302244426845935,0.3515906646445578,-0.3312863138244313,0
-0.2834464100286211,1.1695801405872717,0.9023959801495208,2.1893686618541883,0.11967706157886782,0.6620077665210848,2.2530671345742164,1.8277744069970525,0.28187435492127055,-1.404573026320092,-0.9317837867093651,-0.49587100676065954,-0.5647654294540994,0.8558287418520778,-0.18250342808647915,-0.1495452990931493,-0.1127518414882113,-0.19215505549047648,-1.1014803229963246,-0.3684444642098558,0.9952723254492235,-0.550646406332438,1
-0.5934482681294045,0.5551179736156558,2.539985566020657,3.661743726092481,1.3728596184551507,1.5733333913346716,2.934097781238813,0.4168619924215559,0.2827465988806394,-1.6398542775230318,-0.448289912714859,-0.02113502176468821,-0.4673198760133686,1.9869393389348433,0.5891826472661635,-0.004712067244758461,-0.24010498794907376,-0.10270706828174368,-0.5815737852357472,0.4860651060683244,0.8106469038568462,-0.25445891298316986,0
2.2793926085208596,-2.913458943829003,2.5250907932149187,3.5152129939934422,-0.3994205514111436,-0.591665507132162,2.3276232466366054,2.554877372198007,0.06892158563236178,-0.6361484024516835,-0.3757033123490668,0.27662369699342837,-1.0444019391797528,-0.12620411284293467,0.13439903112961013,0.2803890875153442,-0.3318397624305858,0.0982662228749409,-0.9430365208234345,-1.1910826790178892,-0.48132484723486985,0.9177393585626725,1
-0.7217613912224649,0.48908799467162667,2.9775758362922486,3.3898221766858945,0.7303067912991434,0.12432021057235856,2.2210887684140146,2.6994329576173484,-0.51179837721423,-1.1836384861965312,-0.9811787069435554,-0.3530671746363633,-0.7747683529278973,0.3525264681309591,0.7544103200411706,-0.09582118350273432,-0.2463631251464011,0.10818010418356885,-0.9902385998542953,-1.007516061754074,-0.013877845204567425,0.6282329500371545,1
3.678897286996685,-1.4336972484656136,-2.718552621324712,0.30199518028824535,-1.1094665657029312,-0.5248315407590562,1.8043150959268253,-0.14343101648106119,0.2783533063063484,-1.5787197575375866,-0.15871236913490844,0.5858239211816929,-0.5034092681152009,-0.13893402659352322,-0.4666147269524686,-0.16791069585649665,0.027585032678451114,-0.43138761911758544,-0.4395423297740616,0.37163216333432536,1.2226172444403267,0.30310501932806627,0
0.40640596199627005,2.961288130502099,-1.9742759957365774,0.8519296221604884,0.29537103512139784,0.04690460340527292,0.1084313393380106,0.7519675574988663,0.6134837402074399,-2.063487296871946,-0.42549629256891913,0.14267170047922587,0.257022575836606,-0.21931238881010826,-0.4078649540121347,-0.20066861001105715,-0.10534259938771191,-0.035537415550482586,-0.19793033543687213,0.008766415693185087,0.5813564064812798,0.2649001147265246,0
3.4699701718830793,-0.24988546755027294,-2.697486177281516,0.8448510139787091,-0.3714452672189366,-0.304904423172305,0.3653824343184801,0.04913044107606594,0.3686667065477508,-2.0435754865080757,0.05098660033560553,0.7413564107667325,-0.3461015710905403,-0.15084850562494184,-0.5774880712484968,0.3491737276211424,-0.27419972190651987,-0.31649361298762213,0.13124947521420988,-0.23124969121641176,0.4146710545574052,0.5379589235089378,0
3.791985244052889,-3.205390052321961,0.5924122402107214,1.3179645213070128,0.3314838609554496,-1.0674623902695473,0.3573263200989692,0.8389898049476034,0.9956147036898443,-1.9902548981825443,-0.03287495498986777,0.4173749772407425,0.63556945080932,-0.06790151639381951,-0.44955878650597425,1.091382329911456,0.3498276313101345,-1.0289342918217443,-0.8555919321587495,0.3566883713179233,-1.3529939056875135,2.1703173100125928,0
3.499360321714606,-1.4872847347741813,-2.562354335342247,0.15800213610940958,-1.250691601405526,-0.9334796686304961,2.121276837132316,-0.2494670126144846,0.4836484483992543,-2.189154944011702,-0.7424829971278365,1.1531246119751817,-1.5071399742570744,-1.2636021123701962,1.111730759784318,-1.0368634594189405,0.20381174018199172,0.2676457787983142,0.11028129354608675,0.32489229362836775,-0.8028279367887345,0.03279715999976369,0
2.6903475066008595,-1.993535078438628,0.5845692624599725,3.435129828423635,-0.23234913037987392,-0.3743614352744235,1.539173736822524,0.8944295923906109,0.14849785926394715,-1.2939451187378244,-0.39277971177870863,0.2520714143515699,-0.8020322916328945,0.12518908790163236,-0.39647617604701507,0.8442050380757864,-0.34597370350369605,0.7014976333042484,-0.29861485976302343,-0.12918358916729455,0.06985924635886293,-0.01203748626314271,0
2.6650108599321527,-2.1102951784293893,0.7675557315712389,3.1048336110701604,-0.7538366662481337,-0.7266001490376377,1.4121790079244074,2.1231014783281537,0.4571613091407459,-0.8362769317547706,0.10371440808562041,0.6461068943245,0.17540632241362514,-1.3318538563736317,-0.6890918908894679,-0.24737744286878027,-0.17049648829968747,-1.0067729769812919,-0.46282397959324967,-0.9014755610755042,0.1044820405302661,-0.018207260691441334,1
-0.5074601379357523,1.3811076245581533,1.6553518359519896,3.6590486829218607,1.2369475084553718,0.5429012078094464,1.656979372805983,1.1420153054202045,-0.015723770217434565,-1.7105695326444113,-0.5071122030795855,0.28086768561026604,-0.24307149603481001,0.9773037910350867,0.5604863388904618,0.3853865800718282,-0.2017573480656884,0.6678986055794073,-0.44389096983162574,-0.003143525352822248,0.3487323588360806,-0.3265040364149279,0
-0.39974522356031894,1.456326971356156,1.2183990171599404,2.8175150797192816,0.26861691853536507,-0.11154606527749703,1.2810327583206487,2.5960237072176753,-0.17951402251071016,-1.2713169884398903,-0.612010656552795,-0.1324051893313995,0.5440350664276214,-1.2659999404008508,-0.4328003413733032,-0.6258514992921053,-0.030576462233884553,-0.858049625777553,-0.6374988870326923,-0.7883351018228495,0.30456969200250644,-0.22045339791837595,1
3.365583997234044,-1.4647772786898963,-3.12424684871248,1.080034054985448,-1.3591929510468417,-0.5904350663318945,0.9877421942635051,-0.31768755322255215,0.24916318087502978,-1.8000749057672372,-0.6894505202006362,1.0844386175283032,-0.2918785167198688,-0.4937223221228058,0.21910800870348948,-0.24994117932062213,-0.09938022665939585,-0.09399334264151178,-0.4500255961102202,0.3583489590145968,-0.05497083538649431,-0.0257978644367075,0
2.672044747147339,-2.546399927368909,1.433366190504669,3.778669938142394,-0.5142482133474375,-0.7370192353052067,0.9012804149774587,1.9952613222663833,1.3273684536854924,-0.7173438245261649,0.06756615783998374,0.5463952768595044,-0.06594734191464018,-0.9214265038432381,-0.3592028157304333,-0.3352600224130717,-0.21951726350641332,-1.6122335184876506,-0.5152525419547398,-0.5329547496723851,-0.07589634089344052,0.6667708236646183,1
-0.5319862562557022,1.2972035044659993,1.958266994124593,3.6139485312264568,0.977866300518168,0.19997353110867655,0.8855599891582774,2.1679856389310737,0.18421063157331327,-1.4225621152658128,-0.9104810529325459,-0.48391584128440335,-0.06969349984130178,-0.3709698120269448,0.22103056805164237,-0.5463318159459363,-0.20716629450626634,-1.6929491355492639,-0.38614258764619336,-0.6016313840675247,0.2579616753740824,0.6391580689216669,1
3.2807112625547434,-1.504576856645412,-2.671027834288275,0.23883511319702574,-0.9621295990112335,-0.6969769830996659,0.3706530691232836,-0.3513036707437408,0.4589005401702165,-2.0035088500796188,-0.5280391771103478,0.6137366011142863,0.25985044263346885,0.0648177724602528,-0.14476435900584414,0.034837723738236286,-0.008080648515603594,-0.26852483547781303,-0.5276407959594663,0.6112871560233427,-0.41535574681118587,0.7140814191449953,0
0.23330728249338453,1.9237752397029808,-1.919432561773,0.06205175160161668,0.26388718994015936,0.054387936088697596,0.23608576966179975,0.6236582949072128,0.7036850485236747,-2.078438213931383,-0.8265054806894216,0.211852881457235,0.3902220527670811,-0.09253695099970127,-0.14783550530873835,-0.16695825854338708,0.11629896801791986,-0.046925856523766206,-0.5142233407727607,0.4238632005050984,-0.08619152271295294,0.7982267800440426,0
3.240238047145269,-0.619814274668665,-2.3851820345687798,0.05862742116376173,-0.28038343921437836,-0.7926283633963405,0.8337210226504711,-0.07716169861318055,0.46536504760763736,-1.9611676384503696,0.07733260016446013,0.42589527839158065,-0.4235117215616295,-0.10098242069874813,-0.23568593890755454,-0.0607336987924053,-0.16929135646532956,-0.03450693905375398,0.19272134461830084,-0.16633908599206998,0.19879629068848073,0.49398500300273374,0
0.3536090411566518,2.303060265673244,-1.7302019694175617,0.05283462995544907,0.3815915694709394,-0.3683256417158743,0.5187154296954408,0.609048101742491,0.6405282867461286,-1.8926830930352685,-0.37180638286266493,-0.1609378253310832,0.14656705350668892,-0.18215134796507107,-0.026695596574819798,-0.6115605674952124,-0.020722134360121183,0.19438840467351373,-0.24466763716671439,0.1226735428124166,0.40436180453868015,0.10958377817630457,0
0.5863427777146353,-3.3438756777550043,-4.082248796636102,0.1523454835255403,0.04571248456502864,-1.547361381594224,0.7814087154168639,-0.3191761226123385,0.16072704105333624,-1.1118602118340524,-0.275194143346553,0.4541140025616704,0.06970844635285157,0.23210801055107322,-0.3891275962543465,-0.543076278095872,-0.28195035049951317,-0.17968207382485754,-0.7809695572225224,0.6871427757890233,0.486177045301168,0.08197780409789437,0
-2.420229847332075,0.09121635591262893,-3.410153952562208,0.0573074508198702,1.276502002605246,-0.8006286869486229,0.625709813188763,0.6695699796833007,0.4360891672080766,-1.1853889373778896,-0.630812256862219,0.07042400290053913,0.23245002256700342,0.11718472244030598,-0.4136516013829598,-0.8025060511358028,-0.07648344869368577,0.11548612992104963,-0.5906460472961672,0.4429699654565636,0.7681587953552933,0.2988557719216856,0
-14.537811196832426,-3.5579873274004994,-7.7601419415303186,0.15847298385840278,2.6467327375340406,-0.8230067821540705,0.822252018023733,0.8700829629075909,0.2692763976345051,0.13592908130139641,-1.479380740708209,1.129828558118516,-0.9256378689231531,0.820204620688043,-2.1066541796035363,-1.2698095774908171,1.0153717102374493,-0.3975168822335304,0.35637512507910707,0.2472943108219054,-0.0037752896924994396,0.19141154096938076,0
-11.990320035079481,-6.705336159477784,-8.103599691831207,0.44081798858321286,1.0422615497160144,-2.0581359506693935,0.9419607504066324,-0.23050403187246155,-0.0975488867502463,0.11726490422147352,-1.2295335190504806,1.2861185413980658,-0.7249369679364165,0.9681283859119807,-1.6792428707015028,-1.2954696306489895,1.0147957156971898,-0.6628378284405254,-0.26458204283359943,0.599952002810478,0.13087514923913088,-0.5483789692747818,0
-6.563877877804643,-2.8267890193843344,-4.517429209333679,0.8114283142859453,-7.268014020972143,6.302030741161523,-0.24956707893804306,-0.007782740348199997,0.5238394754196468,-3.3919183782892706,2.290085395265287,-0.398514230466593,-1.139319744479076,2.2178566518654925,-3.0537173263260167,-3.181291645311887,-6.014230950426284,0.5656513016415824,2.891207868474824,-1.7136212836339852,-1.0094204488882197,0.31282024226237587,0
-2.1423000864932473,4.498539276611631,1.5287892216215682,2.482223962725638,0.4575226785073473,-0.24944972289276077,0.7224154356425075,1.0306864893486671,-0.8525118407009791,0.9923947191059828,0.2467670384039691,-0.3406758735058299,-0.11236593089658897,-0.594336919174509,-0.7835628417542154,0.4336165277494543,0.11534861625421117,1.13227579725706,-0.49592769324944863,-0.3387381164437793,-0.25975947097509006,-0.018114029721258196,0
1.0374360069130153,0.38072358182226074,1.3961462573888976,3.434366854266415,-1.3168852629312124,-1.617908054889852,0.8543478092999336,0.43000825102580664,-0.8209464232231827,0.849017880602689,0.36153693652845015,-0.1722357098168289,0.0274769486091837,-0.1381305240922259,-0.573697365883458,0.39471136656458694,0.1195185225171227,1.1217088312505505,-0.2419101482562081,-0.5635565798840501,-0.028953668078149412,0.06473773027550925,0
-0.8425818926689952,3.8320841681763067,-1.0686178572290013,-0.7714052410518243,0.6577577644070707,-0.46783701734074395,1.3050520152698024,0.35443178389408375,0.24397684349268303,-0.01662615693354068,0.9408099618963557,-1.2592576776263456,-0.47697618391191443,1.6272474382144837,-2.0263453685724766,-0.6092248245346608,1.4919989680126886,-0.42982957746931166,-0.4297710329274933,-0.04277647782652045,1.259648627521994,-1.0996428883395255,0
2.040480944886604,0.4701421684353871,-1.6350381048384814,-0.2987386925755591,-1.0721561130887278,-1.7679800458135662,1.389432609679227,-0.8512316583473047,-0.0323440680223377,-0.15187309957665862,1.2156658998909036,-0.8861762532562544,-0.3358520292076114,1.9192066794135367,-1.8349895889346737,-0.5752190131951198,1.4634730815852866,-0.47541951602538285,-0.29231392873429163,-0.1021983144196476,1.3562510153818184,-1.0039479926311932,0
-2.099395480792867,3.193191371297134,2.7266500628155526,2.4468298664000483,0.255628430577837,-0.036619453816851166,0.05154640902994038,1.5592439195778398,-1.3723535011266108,0.5341468141538691,0.7317376279862068,0.3638011365126087,0.5105545706599353,-1.143388848653169,-0.9706120695771048,0.5721141988293571,0.3198851239408773,1.0186980605211902,-0.1383991885202825,-0.6485114100199196,-0.6604098947368044,0.1470256029267501,0
0.9946977581141756,-0.21122976605351917,2.0880849211591612,2.983219421159326,-1.6478700456302398,-1.528291843537103,0.027356519208991674,0.7922337354310416,-0.8673890150340959,0.40421694535830976,0.5174543724379994,0.07199310621238597,0.3438947519571318,-0.7431821097622602,-0.8773630000576361,0.5569623720142354,0.24202604529019997,0.9616105086178789,0.1267170556784471,-0.720503353932395,-0.4427313277673651,0.3118119232370262,0
0.9218138769820053,0.31823816679693584,-2.52628305567245,1.0604403182729334,-0.8375079841534105,-1.8177177007946368,-0.8742762850428465,-0.857236067560118,-0.03450653556213385,-0.6878352675369592,0.27508778391114225,0.15076585613006943,0.6123173376774514,0.04009285788926473,-0.10009231282906407,-0.04636234308145587,-0.0876895891706762,0.09061588611744066,1.0428687306925717,-0.63893966534047,0.4003177314464205,0.08956631237325088,0
-23.696843192580733,-7.68930273841899,-11.380591760235486,2.494930124420311,-1.0467957056753436,-0.9811099566080855,-0.06049971417199145,-1.2250541154875083,-0.3765042503457855,1.6664846488979088,-5.043854204417175,4.291178485026445,0.9040324734696544,-0.48397628016565114,0.18317270393028642,0.5130521047500028,0.15088839292959938,-0.3400330448885518,0.07901333011680427,0.5777690367165319,-0.42608501412957295,-0.677491941232731,0
0.40220877235175156,-1.0010604565917511,1.69928097387569,0.7757044255952822,-1.4370255964930827,-0.8843539000208668,-0.2896563495074774,-0.1770429781901385,-0.4711934531414179,0.9958592563150892,0.24281768935706555,0.2558708312281207,-0.3521163333810976,-0.9819895209828178,-0.6088379835997371,-0.49062672366418675,0.4985999021236657,-0.22977231902693585,-0.29079030588135146,-1.019050368434235,0.1942652362212807,0.1447360364929677,0
0.07691420214299981,-2.0517152855823713,4.051193903080264,3.4943142321619236,0.7529072159810319,0.7681809018094777,0.4429107676994613,-4.358657992940808,1.585614175670276,1.1075439198548493,-0.8383874316030416,-1.783604594136113,-0.6517512408821194,-1.739535000499265,-1.32010362915118,-0.6835085976973113,0.3022967889597229,-0.01614131874181281,0.11343288919536394,-0.5075809660867895,0.3381384675438077,0.37028640021913284,1
0.11854642008191081,-1.899787928352809,3.7477819003950574,3.375233149741086,0.7119221528448325,0.6999723262563159,0.4508754694151612,-4.080638403427925,0.7377867165259784,0.8287556869077457,-0.9035824824514067,-1.6459913231205012,-1.0931092838406686,-0.4403160959332746,-0.4528741993963761,-0.2699176110265957,0.09668283460193533,-0.33814287213490823,0.7043563116987499,0.34494114493997535,0.10374579601580956,0.2288714390193544,0
0.16420581465477127,-1.613826659388356,3.20942613677072,2.2621013901694265,-0.41694573093857723,-0.14876566006557257,0.022168953985233695,-1.522633961339392,-0.4974812558202518,0.796613610899588,-0.11229165813721452,-0.5121241601901025,-0.830221159086168,-0.6410990176856373,-0.694856897253798,0.06496949681523143,0.32025636373598315,0.4819553664555635,0.7484816764610007,0.768977553374035,0.1493299082144705,0.45260583994379744,0
0.29475713064039943,-1.223626434779779,2.3520234021081023,1.2107259382066842,-1.3145663954565285,-0.8275354083510023,-0.35932561671515256,0.23732753580159385,-1.011012927463316,0.8932625575459298,0.20512900805685097,0.08858493173556761,-0.4158744791348277,-0.8541076524022895,-0.19947898545887907,-0.5248706498138982,0.40400420347608645,-1.0696613256805845,0.8432764301164286,0.34626099660277687,0.5137528854932094,-0.2723028682591421,1
0.16219442358647115,-1.5050257505731777,3.050103479723547,1.747715839203849,-1.2513724252837084,-0.8912515253886779,-0.4318758019681536,0.8035118880731469,-1.1223520172952148,0.8553264145664136,0.23980279290844744,0.23236717753132508,-1.0702440506931272,-0.0069073184004385104,-0.11552296833213847,0.3984064631980558,0.3346865909436913,0.3475896439696291,0.95922369073627,1.041575412738651,0.48332003721534345,-0.15918369734206228,1
-3.7908144944902413,1.704293807589429,2.585487591355624,0.8130663928346036,0.6181506347799249,-0.2610462443687663,-2.227778641779929,0.4784575039797199,-0.4146390479632843,-0.9554475486609427,-0.1413883210600556,0.6200025607728511,-1.9467143209834443,0.6708751354936288,-0.3575333808726799,0.4106404975946564,0.46231223635639523,0.9537959086466398,-0.37760045021407446,-0.20306326703777894,0.6829283888586027,0.26776476669213545,1
-4.137024480808822,1.3896957845718079,4.0567757908621385,1.8669160088405943,2.7089734486085435,1.6042431996952953,-0.8896234796213843,-2.6391399022752116,-0.25585852197218023,-1.5745758470389635,2.411267360791331,3.4603312590908084,0.7037828488977471,1.0661454535013266,0.8039669401384796,-1.3523883064120035,1.0599826939322339,-0.46511319864512995,-0.2264989352213693,-0.20935939352197086,0.4464200472415561,0.05796905122802672,1
-3.7012704423001868,1.9389636632584566,2.111374254473088,0.44442625242202227,0.49913186619756394,-0.28231262539119695,-2.0849515539275254,0.6287113263681408,-0.5411017474087303,-0.8079055626871885,-0.08410562051372703,0.5318932987834107,-1.4452925788811979,0.37426143810037477,0.31420635357576354,-0.6482532650934439,0.23119205163234843,-1.6195050868929357,0.018332126665944953,-0.4420203608911972,0.4286471193876397,1.1706061193593085,0
-4.171742430460905,1.6012694491712782,3.832867740232722,1.0115763192693386,2.43269114190094,1.5663863946881276,-0.6808760326251786,-1.7866074944440444,-1.5188002345956242,-1.8728714210233564,4.116126224602151,5.547433114670309,2.1081152567409855,0.842962218019904,0.7625591751389725,-1.7354007836660459,1.5180791979269292,-0.14979816055929582,-0.14221520112582872,0.26099531746992405,0.0675238937570663,0.3094380443031998,0
-4.0716544737345925,1.023869847783718,4.3179125450955835,2.314457747103542,2.7067790699707275,1.6598441708495815,-0.956792758063277,-3.8692770566940933,0.5941026110695348,-1.0455514248438893,0.7947558207490607,0.7244314484406909,0.25257714530847153,-1.6035124130523015,-1.438980882317935,-1.3518224185340852,0.8174191374628532,0.004688568442442693,0.1387919268386536,0.31782106249022074,0.2793701958457109,1.3167215042830875,0
-0.7584363897679276,-1.868550018135968,2.3977236215270517,1.4228654731063708,-1.0400657738145296,-1.4706284370533755,-2.2598886316245776,0.17481352091903582,-0.4219298399935424,-1.0199010117952296,-0.006979684541384642,0.7138812090293729,-1.3327059476714616,0.466454579051802,-0.5571450457751642,0.3433898875422802,0.6341051779971989,1.1742550257417792,-0.45423173884450996,-0.26039560148350466,0.6374992410665247,0.171283243713642,1
-0.8469829700172783,-2.0798000257617923,3.0037479013414616,2.150479934638871,-0.012487389132325147,-0.5697394218583968,-1.6964710047842864,-1.8245151029607638,0.4865909666701355,-0.9945581582456996,0.4215588355566226,0.8880620402230177,-0.38817721257531734,0.07576826930530557,-0.22135250146402258,-0.7675827529095334,0.6845481302385182,-0.4978848875371751,-0.0934829841163229,-0.22492123691811347,0.508476547091018,0.2275483891167405,1
-0.6595463380173976,-1.6001138146133813,1.8371286745122453,0.877999589784183,-1.2957346423761293,-1.5784309779480468,-2.1554469203163626,0.5704611436291577,-0.704905912977645,-0.8743619098692479,0.1641413583560909,0.7674684420100154,-0.7130728633439731,0.019519035785249335,-0.008213352218462014,-0.729165677403504,0.4632150896813688,-1.3009837222977167,-0.08468279522265491,-0.48529570718029225,0.3493498788437666,1.0498324090545903,0
-0.7488094867809364,-1.7464659278813643,2.2648378170558834,1.143463200284916,-0.7012666569739178,-1.0099288014976417,-1.8350615277315327,-0.6305424721169709,-0.9487210358316341,-1.202547197751716,0.8527548739364055,1.4716451593690654,-0.0026755472803354826,-0.16097436645113844,-0.37020023908603694,-0.7537896712924331,0.798149760399257,-0.46024964414793745,0.21969492713113897,0.3411568349060352,0.2743046844708272,0.4740076329275416,0
-0.8581746758343899,-2.350991740868761,3.4173203513907855,2.7478347843496778,0.6121771078027697,0.024678112169434628,-1.3959306114678485,-3.9221162862246213,0.868334385202303,-0.9079091554404172,-0.4970387082676266,-0.8838428672331926,-0.3345609371058392,-1.7625024682899424,-1.7097208648743647,-1.0067603657146273,0.575770065990748,-0.14117836024043903,0.2955412697983954,0.3404073732899766,0.3595407343133877,1.3611026645770938,0
-0.039394714688381974,-0.8625776837584175,2.3781485136346077,1.8744426994332337,-0.9295131975242336,-1.286137668135145,-3.2490680398811227,-0.08493430984555973,-0.21536841136573073,-1.6166132483492233,-0.13429242634103603,0.8903276247097983,-1.3699767549054933,0.4744278517573029,-0.09218504672057047,1.0009772899544942,0.19780882063362434,1.0253462498543566,0.5512841782991734,-1.0777064351785455,0.22270734486142663,-0.5272760241906614,0
-0.048516144230268975,-0.9367134344611996,2.502900903548696,2.052221361180028,-0.746230133280695,-1.1268853884809797,-3.1510392816594854,-0.5658510903077347,-0.09807250535210087,-1.6005571177822961,-0.2831721314752112,0.6090411856917581,-1.2525217774467163,0.176524067331524,-0.21810066972817158,0.7697577671927721,0.18791839754312165,0.6975266738081113,0.45828354079434486,-1.321881236573549,0.12464165185680395,-0.42149645127823976,0
-0.051383650711799476,-0.9321386909496282,2.442235655103935,1.5718787273935932,-1.1804132133596403,-1.3871007022406734,-3.2728028196059196,0.24951910970430632,-0.30072090791040157,-1.5134041282277622,0.3893687089461741,1.3448061650066925,-0.6896547977402903,-0.5874876351174823,-0.9272695888683932,0.8039031122656035,0.488022111714677,1.4906367494737012,0.5213072787103135,-0.8769500337638969,0.08522929863753505,-0.5614238179322817,0
-0.07982510288499232,-1.0738330746941425,2.782504968997186,2.0792810127264936,-0.9488659472698074,-1.2749429052304422,-3.365987647687773,0.004267822398005162,0.477642380370738,-1.3638829931508667,0.10840054370585787,0.9441835468757106,-1.049595491389965,-0.3129702177256578,-0.5660478176860574,0.8361228725887433,0.34450534511892933,0.9256657787074155,1.1763319067969256,-0.17510956747000464,0.4930980073907839,-1.109189364977663,1
-0.06016037211990088,-1.0145542347463707,2.6375925462217373,1.9451940400423222,-0.8154401281223048,-1.0936826871006975,-3.1738478174342406,-0.5719870068752946,-0.4486309620441439,-1.6277794426212098,-0.08621538635781172,0.5869959537662381,-0.8504280792104761,-0.6935932399655033,-0.8658836847077901,0.7019294989901916,0.3316197625018369,0.886123604440157,1.2083249133671088,-0.12526795041443953,0.1672876050225445,-0.561786774523765,0
-3.269429465635201,2.72346382590136,2.6536912412736395,1.138155962417437,0.5171712854337422,-0.20852157511803157,-3.1754323376734677,0.11153755687050174,-0.5351387241519188,-1.440459430407912,0.22418051681743797,1.327112309107329,-1.3711781379105776,0.16723245949246934,-0.27365582730542654,0.9812241312681844,0.26497668933728113,1.1049825174375205,0.44070985066793783,-1.0498477641249235,0.1252614532711484,-0.5214648165971297,0
-3.394961230013846,2.4002440358575714,3.4144557313625303,2.013467831200165,1.0604166145601759,0.09574671915915652,-2.9556110873657984,-0.4618345754519144,-0.2150725760032339,-1.400916480671348,-0.1884330969394081,0.8567757319838003,-1.78503598099898,0.8866961245431303,0.4504400571824712,0.9422491601288283,-0.019144909458933233,0.290775917692388,0.5183319987479762,-1.3034352016802626,0.23725230252331697,-0.5519076456642497,0
-3.2960013003498547,2.569138287301602,2.8504286215062895,1.0217975562824004,0.23834467609305018,-0.3960530891248649,-3.253029713102256,0.5971277202748645,-0.723594087831813,-1.3069419291893205,0.3147433407088951,1.2977510520936093,-1.0975195446011539,-0.6833436271330715,-0.951830298389606,0.9433250287297084,0.38990316561941735,1.3670564171026678,0.47265092965929256,-0.8939504465126461,0.06040968630766463,-0.5791147042439126,0
-3.327931343618938,2.4838620900146395,3.155361996024834,1.5557414087140393,0.6457840873101994,-0.13353829437697606,-3.2616600991283002,0.008513406453270813,-0.17523323233713717,-1.317813135203438,0.05094898422688758,0.9431903442291937,-1.4148728022598116,-0.21480313567997772,-0.4160333690543125,0.9338072379809877,0.24868475999426992,0.7517641831599281,1.1677316369646304,-0.16731386385920538,0.5034592817064131,-1.1373003243438926,1
-3.425239723203551,2.329888690577617,3.594588864455324,1.8553747344551654,1.0485976324130597,0.21298181780185751,-2.900286429239138,-0.5194965551956946,-0.510700688361707,-1.4433343490865118,0.40321535071787556,1.2859448553520887,-1.0294901254441418,-0.10658526815998699,-0.26402182729558077,0.7155258277640899,0.2527053240745295,0.5861230317857806,1.100867683059737,-0.247822313145211,0.16417487139219716,-0.572907492604695,0
-0.7856103926444156,-3.9137825545302376,3.448667673188317,0.6829766605076151,0.3222833074800406,-0.20399324634363658,-3.0619717377442983,-4.0007170170973065,1.0889164850422495,-1.2968081834429233,-0.9537936375561149,-1.230460158743424,-0.0743661474936509,0.0941549967498332,-1.0279273555274355,-0.48617590477635464,0.4020904973724051,-0.34282771015946667,-0.8435345981543065,0.05513981002284364,0.2134621864012262,0.12117649393184092,0
-0.8347002052905813,-3.8443235823505244,3.3933018311506298,-0.26041389257616715,-0.8819500923618827,-1.1517789847925426,-3.5601310088512768,-0.7970508179514401,-0.28379254693646344,-1.3041525409995145,0.14356660963493356,0.3612255299618205,0.37069342997591936,0.019290219509753827,-1.1013628006732046,-0.16950494553461926,0.7530993043298301,0.3057768467188213,-0.7842280131799049,0.49443969546081845,0.3407499314678409,-0.45304280036321665,1
-0.839238294388064,-3.9074080039705508,3.4574314251832887,-0.470432224807179,-1.3319947699203594,-1.5050472709364482,-3.6624923760685353,0.310964448885703,-0.668045369459953,-1.0661345650707268,0.05417958259712943,0.14230357977832514,0.6320554943359177,-0.6390276568344281,-1.0259613019506497,-0.7561759541687846,0.642766428533267,-1.2414651859544423,-0.6968483863545848,0.11823702451149208,0.21318594933056767,-0.03679503616708846,1
-0.9043210323579716,-5.0870318541162955,3.906476587631987,0.3169056889649127,0.9407539942170781,1.0427310841326722,-1.024555515393104,-4.687050178697602,1.4155703899300374,0.22056311703971224,-0.8381488432594943,-2.783547923280927,0.29117196445153004,0.04234301609639102,-0.8848919268675094,-0.7201559232440593,-1.0868026306143133,0.642394888643952,-1.898767212544267,0.06903427083273538,-0.18653272551453762,0.303577839991501,0
-0.7205256492106408,-4.283048483955478,2.364991824523475,-1.8977817887398902,-1.2233734714187652,-0.6586757397168925,-1.8067968208826801,0.5351603367888625,-0.33724863987546494,0.37438580771545193,0.586507613707255,-0.4725994624660634,0.711575836370202,0.9760707134671041,0.6607916384254279,-0.9973903344134858,-1.0676662350572284,-1.254178151846705,-1.4927434349317665,0.20976531376293137,-0.07811068339360888,0.4173691204022821,0
-0.8079880220200151,-4.567174387200808,2.9300909218390627,-1.3934231511237885,-1.0305493685839329,-0.5693446544708092,-1.8526978656015902,0.2827044359091787,-0.5119034489773285,0.24537753480328922,0.32969130870954066,-0.8063554220157766,0.14704271636610503,1.2474800736894613,0.2252023390249507,-0.08507165939989826,-1.0704709533633512,0.36076892893409956,-1.0091140477640967,1.4213208781715758,0.08674628210271977,-0.04966801570535971,0
-0.8295568494042181,-4.635999127037286,3.1313825043096273,-1.1187030081912561,-0.6398661281700271,-0.21106724188403084,-1.6765542537427882,-0.6356716362462072,-0.28615068024584916,0.20901065998537668,0.2975720392698281,-1.0592906206110062,0.394241859090556,0.8110038221291491,0.00014957400790953308,-0.3634779045143878,-1.047903348099356,0.17467257896567598,-0.8155556922388796,1.6412099969111804,0.05891126963015794,0.1976024822629317,0
-0.7644501018518338,-4.524467222295808,2.7615074326487106,-1.6706841301950772,-1.0768984742870602,-0.4859454699537538,-1.8340166325560248,-0.10463926326556629,-0.7107086029580841,0.21732045316222237,0.42983497852979224,-0.9388082669189892,0.6977345717087566,0.12364877556122669,-0.5363415753955473,-0.4123607600684049,-0.8870769890254929,0.3673649343359213,-0.693101350550541,1.8999901446898861,0.06852675610053906,-0.09930640410279651,0
-0.8913079523268511,-4.706962629606089,3.3118857136742452,-1.522807417490986,-0.9299803633499665,-0.33914094019383206,-1.6936486188793525,0.001956527335697068,-1.0435295179855797,0.11387914845419352,1.0524486590390312,-0.25540203543910406,1.1305759661542862,-0.08290594835722648,-0.824587085627328,-0.3251839512271168,-0.6822431349767744,1.1989386062695455,-0.6454109063694469,2.281423377629624,0.09092069741323253,-0.009710847365714374,0
-0.7758641514072754,-4.558670916313414,2.860076718583505,-1.5881013067108753,-0.8410673593465686,-0.2432888223078654,-1.6529720880309295,-0.6969899838136487,-0.5744843180349669,0.2516725447671141,0.48445584009651993,-1.0461915389400214,1.1743953174154997,-0.4531716363572892,-0.5993145066039053,-1.0250758922455128,-0.8622686571414312,-0.5077856020603853,-0.6580957693339432,1.639457591453862,0.045581589466046825,0.07615591202789787,0
-4.661946284714352,-1.4985468872155836,5.061361447291494,0.014662826213127629,3.408775915642875,3.0791593738725203,-0.3212323846802884,-5.549342401503934,1.1925117202544173,0.5279642711366864,0.7576626507742839,-0.9713254217816701,0.8995727193716203,-1.1863640419813632,-1.767362922234087,-0.9970017222884271,-0.6164363670553935,1.1482658295610704,-1.85990214206049,-0.6030182487709728,-0.2242523767310173,1.1083286896492306,0
-4.293083692808209,-0.4373811545796269,2.6529564041025377,-2.738834021323226,0.3899249330722192,0.5967901696690823,-1.6579012232906685,1.0094977412121433,-1.0729628471779828,0.7775187053779982,0.9848419375248033,0.1374023483012462,0.10355572076366687,0.2515247262102591,0.030503452012550253,-0.6626011587042382,-0.970037918083327,-1.172579185911327,-1.1652690749363905,-0.27266390246037997,-0.0163169506225426,0.8535871377728401,0
-4.372840520016287,-0.6403347839233212,3.123544029986983,-2.3185729766321717,0.6853049017216778,0.8067733787021821,-1.6363626925171497,0.536477867874453,-1.0503705902097338,0.6154409506716116,1.100143891743037,0.24693269292273354,-0.1886911479496348,0.56617405795834,-0.3516045583488374,0.13566169096266018,-0.8713800548301015,0.5435493628671468,-0.6732645325360372,1.0273675009520238,0.1487479415792572,0.38954098631606926,0
-4.5477169970435245,-0.9204404608901753,4.024415048716302,-1.4239460001014148,1.6414082279612177,1.5420754986749456,-1.1547998466483258,-0.7667060480161204,-0.8075653930712985,0.43398619995229165,1.478468950047171,0.6175508234981726,0.14019047989615066,1.1377330303007054,0.3074502338289188,-0.19580832197404746,-0.8992193408371517,0.029037571401353258,-0.4705848654546079,1.1538398854651515,0.1875357714952896,0.49201349377010717,0
-4.432989911009913,-0.8743199450859136,3.5739341890626,-2.0234853168979523,0.9015076206834687,1.0169921200583045,-1.5066529197382497,0.015895745457338635,-0.8970272639847784,0.7091311983891724,1.065232183347476,-0.06611684061088467,0.1515471651591284,-0.29542279365233554,-0.8714385975010647,-0.15072903362387025,-0.821275051987663,0.34762536829285884,-0.37279276443352716,1.3684970385189963,0.19380203838294963,0.4069928719646713,0
-4.480199282895866,-0.8573680581977224,3.706042859951518,-1.9963294214002836,1.0099729672434363,1.1066802009554386,-1.462413804893076,0.07990241380344966,-1.1059719779660866,0.562123023038615,1.4407986869781615,0.4361314161246198,0.1966654877380187,0.08493804480539441,-0.7183007357474107,0.08096889621485732,-0.7543231519021876,0.9332074814529524,-0.1479419196754292,1.9045169950318095,0.3107657445324525,0.40007812937047615,0
-4.42406308345126,-0.8645714066347711,3.5714960180806496,-2.013174101408392,1.1101881966489369,1.2514678698500308,-1.346328317263613,-0.6121280525740089,-0.654051947334222,0.7621072548636671,1.154772213077771,-0.14715881004967335,0.6573502888678254,-0.9454725058089949,-0.9981088122599479,-0.7703186654130777,-0.77756288879652,-0.46747729148571904,-0.2930629984911343,1.1935420933619543,0.20055963183732395,0.5773539862838637,0
-0.7784588057611679,-4.236560895105682,2.146632477617996,-1.888893790925624,-1.5500445419122906,-0.5545999875626472,-0.015467864255327906,1.1370817416859276,-0.8016096725626662,0.7683961508043634,0.38606789429296856,0.3891473039370955,0.8136520958689384,-0.5061211100515086,0.07604335272088365,-1.1330034060216003,0.10496341405765292,-0.7560889638843971,-1.5734763468910506,0.3962988747784889,0.007496355637855383,-1.5705833237636206,1
-0.6542121840883645,-3.8559547041376434,1.4533799513547814,-2.0509218835322702,-1.0167625240690035,-0.02709706090482399,0.246109671849576,-0.6098528258879121,-0.5380890784743488,0.4988103599911282,0.37952396052501003,0.28023320575234156,0.917325486591767,-0.302041854715592,0.19970533669117005,-1.2665996003562874,0.06413083796325673,-0.6573152774082626,-1.1569454410163573,0.9956683580997756,0.06364465966169618,-1.1546921848805314,0
-0.7381269603282337,-4.213267929364336,2.0768654158375632,-1.6374106498651075,-1.4330544675659171,-0.5144520689873446,-0.08991326337894212,0.8333274200590368,-0.4413902372181846,0.812295832048893,-0.12352523232139997,-0.2511787957513647,0.2465644387415155,-0.11904699907224295,0.3404700024523587,-0.9211385594722772,-0.12270448078546171,-1.005873063813949,-1.1649765743398555,0.8678328781154965,0.11900175804799373,-1.4940551663712043,1
-0.7873883908855535,-4.239438256368566,2.2569892971948917,-0.872457698941788,-0.6123665227107662,0.009251846111441591,0.246636218724734,-0.7090796849819102,-0.20503314262844088,0.48699699200754676,-0.7356358341560074,-0.7052740482997801,-0.7741567133439784,1.5750480168008414,0.9027260315475196,-0.12367063150499882,-0.37498526580329333,0.426907417755941,-2.2972846570568937,-0.33045345452511443,-0.2715814282311131,-0.6833421447500334,0
-0.8554343078582237,-4.636196732929753,2.9693771493303447,-0.6779599076718021,-0.6670830206380773,0.0992539293653811,0.19075287096440044,-0.7138416989985208,-0.076168925217994,0.7891509317936674,-0.5454340144136879,-1.1354459150378127,0.21337927513979832,-0.6739505011418968,-0.2156065837544564,-0.929906597009705,-0.17112845158789183,-0.7831180186003202,-0.7805352737429352,1.5148080468617693,-0.03353974631770751,-1.2630768236119891,1
-0.7291064709820684,-4.249523922229869,2.1118505216931496,-1.5616828907025153,-1.234821679742022,-0.29029726042623066,0.047769855241421535,0.1688168940375781,-0.6475694916752219,0.7237987483271937,-0.1605670140823371,-0.5214844546950779,0.32745437055076465,-0.4589070398180821,-0.08436654460033448,-0.8030820999612851,-0.13824619325737836,-0.6440914093052444,-0.5648156323319574,1.9156277095570058,-0.07479156076206452,-1.1368493470833854,0
-4.240639998897147,-0.6188148144763779,2.546850850122369,-2.2577512917572995,-0.24326126515430363,0.35928706518342785,-0.0637060779617382,1.6340414562689107,-1.0925767699637414,1.275074974170355,0.2331358940201628,0.3104630988898044,-0.3052142522951157,-0.7991642153801292,-0.22627993589350603,-0.70350514619022,0.0185455400797221,-0.9002270079425831,-1.0403290724043015,-0.11693033306382307,0.4152011981363912,-1.0531210680234055,1
-4.267487689740611,-0.17668433322791238,2.3226082185230834,-1.9632940908976597,1.511647842798866,1.9519092157909141,0.8993937658738943,-1.9174111985633555,-0.49207038586707874,0.5386449646462858,1.8537939930973484,2.2192705948061793,0.9797438821738681,0.4600745746291526,0.9147377751679188,-1.4308352281941836,0.3127338797932838,-0.7967215277049748,-0.678599057632974,0.543275451111946,0.4612854638799335,-0.633651955994559,0
-4.204504419219649,-0.5242583548937567,2.4696088709914563,-1.7361370406973742,0.22691301987009,0.631215459220839,-0.03001958485013115,0.8078686342112718,-0.522498294783096,1.204013254696588,-0.3910268498369812,-0.3602358949219144,-1.1697770558778504,0.4586024072381751,0.7673843514322601,-0.4557617952204193,-0.36835342428204315,-1.5251938295790493,-0.516919586509633,0.3624634775793951,0.6330249248539942,-0.9473048454272394,1
-4.350028258482585,-0.6272931348357065,2.9934056144168935,-0.9393154039128574,1.270107711370408,1.3883092986583057,0.5414922643576245,-0.8019480324948506,-0.4357506845974306,0.7640334040309822,-0.08117062060319308,0.3039820834695082,-1.4294889179166028,2.1649974819687046,1.4088953177777837,0.0569435470047754,-0.3560814732608318,0.08911760026799052,-1.8973473467555662,-1.0155566172727084,0.06968096247543874,-0.13193353888700582,0
-4.428885667661054,-1.0992267876352737,3.770480651523013,-0.9775268257825722,0.9925135961886398,1.3696832880986647,0.45047874429105256,-0.5574877102708873,-0.5314761400401983,1.122447647776812,0.34583204706516024,0.01943600412900788,0.004453304199402834,-1.0242668447106298,-0.4803103942432092,-0.8458649099773041,0.056224695566408536,-0.6549655335624552,-0.43527364819636044,0.9275918092618057,0.2579999687662303,-0.7696208539447363,1
-4.368403933441137,-0.8009925614867764,3.1916382297722197,-1.705721885640358,0.5753384204562499,1.0870535716809042,0.4217448007696609,0.33620104975416687,-1.2049140116096313,0.9959967394878094,1.0446586268216604,1.0653350908419172,0.2930745753015662,-0.5146615802555978,-0.08614886797356734,-0.7645407521654936,0.13380173889200414,-0.5674233476718471,-0.25412595869873694,1.2902589582435102,0.19688723888041415,-0.7584224540952476,0
-1.3215550493518644,-3.3869090854636976,3.34026523407336,-0.7556367870229463,-2.4233281585114748,-0.6671335030115834,0.5184239975817648,1.7315803951104825,-1.112983475092994,0.6179162322854751,0.14672429873684978,0.42960394689657794,-0.8207533813284271,-0.18594542449211413,0.748317364831114,-0.6010736774706746,-0.8361582635385877,1.8903276645520057,-0.42811665230124396,0.04726743332829693,-0.31727244362194945,0.9047632727970903,0
-1.14480978175867,-3.0886868902190128,2.6362018487637546,-1.0290964935687232,-2.1169273070297216,-0.25078044484389084,0.6643292880550663,0.12245892411384243,-0.3539168504766098,0.7210674617729538,-0.024306769487381575,-0.20920206187651227,-0.06450400475089686,-1.4750873068322168,0.5552377945112955,-1.806716328937967,-0.8510161926479408,-0.17105503163821312,0.47427702669947336,0.6182248433370336,-0.11294313035130663,0.9030331587619426,0
-4.572214301221869,0.46399181104815274,3.511650869519286,-1.7708258988514234,-0.9638432306946526,0.39264631220747354,0.4043565233760248,2.3430981964471163,-1.5760991953482304,0.8927391218958025,0.19138696182905557,0.46996436676695025,-1.4598704937684472,-0.9747882866953904,0.10979947726469559,-0.21268831783676478,-0.959355741883069,1.7570904594260284,-0.5618605450997726,-0.033288370466746,-0.4731789867759152,0.9342543597812885,0
-4.466157113061833,0.6246407058897444,3.2286714508846406,-1.335150937188662,-0.21321053897368206,1.0113845550062877,0.6594661905142842,0.36684425902751916,-0.3675945732727642,0.9980925827853573,-0.35084652527288446,-0.45428915010929444,-1.4092092265546852,-0.9413455047061022,1.0040996672697637,-1.197634321442112,-1.3176399942610688,-0.9274127175547142,0.5800229953746977,0.5776624710477019,-0.012916308283975803,0.8252972215878053,0
0.5058634509024593,-0.8459099292951509,1.5462313567259396,0.7781103265560984,-1.4971410671016707,-0.9933892697953435,-0.08549136355705521,-0.4167321633150727,-0.47570563524623516,1.105782099999214,0.19775360126617839,0.1335131902249249,0.1403429029562368,-1.1078718662972287,-0.722900583684924,-0.20279453976744605,0.39296605562657777,0.027640319822682214,-0.7035206485477881,-1.0194034488969952,0.17470773877570267,0.00581102666837712,0
0.29553259492244527,-1.555754505842262,3.133468610814377,2.7038932290257427,-0.09086345335154503,0.013724066143906453,0.27994788397715764,-2.935721485414842,1.1818299849364222,1.2469176470885084,-0.5994437499641377,-1.2443828155528271,-0.38566792575397174,-1.1537491490638276,-0.9022883758783524,-0.10639115516163539,0.18325074013544923,0.12971733424408025,-0.21138795877134964,-0.35286498953869216,0.37509513764401164,-0.10921308778300168,1
0.23137931784785634,-1.5701994608289354,3.2442465684090775,2.1714485086068733,-1.200242205009856,-0.9649902614635744,-0.1792427418653126,0.48496559663907735,0.1538195561688767,1.3767253024101087,0.254436696603868,0.1435133980037513,-0.6160147288263268,-0.08289551984172183,-0.16460095752889403,0.5329106082758991,0.1784111544885984,0.2790110836332454,0.06752861356628717,0.33228395588676607,0.18560314994898222,-0.13753824423386327,1
0.3647798636513358,-1.1484842593889721,2.427780889724386,1.5824159836188658,-0.9761330361408975,-0.6309107208535418,0.00810572723089072,-0.7574855285894349,-0.6621217627801955,0.978620961071208,0.08973412099046574,-0.1721756279151548,0.06061997004275569,-0.8141483637796458,-0.16028076463873348,-0.3347373963016597,0.25188846363130246,-0.9605982044358714,0.41785014757895017,0.27211426990936416,0.47174014966174915,-0.32311314935066476,1
0.2951611502523572,-1.292364131920941,2.771122291858973,1.7692758058561255,-1.2866372714659644,-0.9960158520130461,-0.25555506683976464,0.4932861597771961,-0.6859078897369917,1.0444723866091947,0.21091535657165542,0.1661762555877348,-0.7072175792282657,0.15835764736579097,-0.006547549515987066,0.7226945620081153,0.17862912606912032,0.48927145431610525,0.6307236962818682,1.1366993813941573,0.5068097723857901,-0.3657262206475012,1
-2.814020372874419,3.081422432443935,2.2145909174550997,0.47744192826305665,0.12346299363942012,0.1319018556393492,-0.18246059436819648,-0.07268381110567154,-0.41475460333562253,1.238981168611369,-0.15258039434730283,-0.17251312007996514,-0.8580862613156426,-0.7758951697878873,-0.3435668985082584,0.08942381077375325,0.028121732140420852,-0.4196509917454312,-0.6401127791903184,-1.007543176422198,0.32529930871293183,0.08812727598009347,0
-3.0807370049197598,2.457245079939465,3.8140306748291715,1.9501332299864436,1.5690720792106763,1.3154793024642246,0.39471773561931234,-2.538410517104095,0.3576241136689555,1.0521132006124825,0.2542154001101426,-0.09749566182341302,-0.20244274321618658,-1.2370448141024448,-0.7958173301142462,-0.17699304156054455,0.2870410865695207,0.20004658961765742,-0.3510284505927764,-0.3227787213573588,0.348217121244235,-0.2004924863080513,1
-3.0979604813247095,2.4492606562691472,3.810620670810668,1.6003478926531323,0.5080674508095541,0.32051918470078333,-0.14730934910768878,0.520351010281604,-0.7976446409934451,1.1531280234847667,0.14146292958920098,0.09692616877582651,-1.1084510100005682,-0.1293716745720996,-0.06272144831511764,0.6420435077899479,0.016883590756546156,0.08145126954997846,0.048426456661279274,0.3204881866061661,0.2519146785528448,-0.09665696329758151,1
-3.0029697888152644,2.7780580582900676,3.2152974575572806,1.114218409926669,0.7250111301306852,0.6450766652544949,0.05998970164085806,-0.45979760702933636,-0.6350679352272949,1.0538559631804243,0.5998875455463923,0.5077735656880756,-0.1652170509436811,-0.8149574885535036,-0.001854187399000177,-0.30462647950187216,0.182262481477548,-1.041829104130817,0.365781720752584,0.33513089991003825,0.5350201264308954,-0.27011607107624597,1
-2.978378693919596,2.7583644589634555,3.1642205129148855,1.2041261860867858,0.25804474346236467,0.12468216315607049,-0.37505385015507714,0.7391853908576632,-0.8363673147794928,1.098855619402361,-0.10585819704278343,-0.1361114137981339,-1.5383217921713412,0.18610182278233017,0.12066819835946227,0.9438894042181317,-0.10072443186836726,0.1914662371907802,0.6718372082332823,1.1831727712080993,0.6036082570549308,-0.24019393531421318,1
-0.6708119219792712,-1.8102824473960883,2.3234196306877846,1.176041816385436,-1.044909050223185,-1.5940713313424753,-1.8747234853803185,-0.14036697630146314,-0.1818287353320697,-0.6595589456261433,-0.22220234749386847,0.6668021498162034,-1.108215263628445,-0.02973084130110461,-0.07554764024737214,0.4678108661661211,0.4427157851539215,1.5403617953029352,-0.2989642942152827,-0.4590274807600103,0.240473873473714,-0.17188902905066583,1
-0.5612497537233937,-1.5116840105579497,1.7239810713025623,0.724349500928621,-1.2321909023967481,-1.6795535094831004,-1.7876284170263004,0.1987212118916428,-0.43680781722037026,-0.5636203460551478,-0.12937669793331416,0.6925584522888432,-0.7149742151577112,0.007885563783102855,0.832348985837325,-0.47249041210473014,0.18441859770796323,-1.1027667730158157,0.3219591842242714,-0.3748141517052761,0.02579076855631542,0.5213489099332262,0
-0.7474035737875917,-2.034964187447793,2.873780619499133,1.55953461489394,-0.8747082142565589,-1.4343000753985895,-1.703496556320684,-0.07763913659493456,-0.6063949404541928,-0.60127038369431,-0.1920226472922044,0.35541493152220466,-0.9303838517512619,-0.30578200580722814,0.1153599897751716,0.1583911702284226,0.21779080978408324,0.28388748482008136,0.8925757942360393,0.9530385849306658,0.00233858844465909,0.6242937991386545,0
-3.6858428043853033,1.8202846936094847,2.5038884208064185,0.5887739225545108,0.7775269331513966,-0.27145617781180925,-1.801138652330143,0.27756971875043146,-0.1982326650440655,-0.6563741257365346,-0.4624978824769404,0.5253410796740289,-1.676597984122211,0.15295612747771806,0.1715919370894358,0.5429452630696979,0.37325037507509995,1.3910559035923022,-0.12876303878866877,-0.44767465879706786,0.3900350996030045,-0.09303128646001414,1
-3.660994910054639,2.01134612945066,2.2615467793770523,0.31211269271701086,0.8270529895256009,-0.1559594490120785,-1.529112001839998,0.4609662801030921,-0.5803821653944751,-0.6512002378248567,0.0945237573718828,1.117861457114785,-0.9009520163877007,0.30281411504713,1.2210655201690517,-0.5550902552152159,0.22929773995890418,-1.2190604625238772,0.3521307857160208,-0.5079248936827638,0.09797582770422596,0.6077498250467184,0
-3.867203531325147,1.3322931493516565,3.6254138067062938,1.3663893373093206,1.026875417790501,-0.12278569055208195,-1.569553517564965,0.625166030150516,-0.6537636700161067,-0.5203294598188745,-0.46070039956695147,0.21192599826891842,-1.6216766972966583,0.10341911471648527,0.5659519490781584,0.3052418386175621,0.06815929452304668,-0.01645904706912501,1.0075034565873586,0.8094718472146254,0.16819415334736282,0.6482896503483229,0
-0.17744393526916274,-1.2266704079837127,2.828005796595141,1.892131942464755,-1.1450919303099605,-1.2136070558550098,-2.792021858660831,-0.07922581687431655,-0.47982370367732174,-1.4612869329751628,-0.1158359683693865,0.4419915514252904,-0.7959968484282038,-0.21402210510182113,-0.9581629372391569,0.580480544718225,0.6078919838744622,0.8076350019295092,-0.06201310600658363,-1.4610641194680194,0.17372745274362372,-0.7315354321558402,1
-0.1564040180814714,-1.2441568607333624,2.830339941782541,1.8938144876352068,-1.254697911894741,-1.2968991678971529,-2.9240332590725204,0.14898086958294898,0.31458223754358045,-1.2224995995506984,0.2106974537332543,0.7429239045737925,-0.8242778630462247,-0.1966609852024674,-0.9936589896800185,0.7786520511728106,0.6163384810184637,0.9819352262087997,0.8141861393090869,-0.10013157076723891,0.46224273149095185,-1.1352292491991933,1
-0.11199356989864263,-1.1333100900944804,2.5386344999010486,1.445980087623088,-1.4682071113922235,-1.3628052849142678,-2.8286968098462846,0.26366252934535006,-0.07372894348192797,-1.1739391945727438,0.3957158746296456,0.7935209952678932,-0.2955624864431554,-1.05920654142729,-1.4417177063490756,0.3454667542915686,0.6708458118447707,0.6469310643495942,0.7340330699282371,-0.29693157860402325,0.18388071148505988,-0.36960683931302457,0
-3.5018012633976845,2.38546344248502,3.4233282384146757,1.3723476141089777,0.4642005562514887,-0.08176650139366921,-2.6837576682694873,0.4215892184000862,-0.5202659267830391,-1.142215743392806,0.06916316368664667,0.7010318655706081,-1.1275217440531828,-0.39818671035218817,-1.0489694209632443,0.7144045753544681,0.5561162073837211,0.756540536685632,-0.10101703908263425,-1.5378267286809357,0.06961814179657827,-0.6598417309688126,1
-3.4836890179071567,2.46749158637046,3.354212934226915,1.4567844861176766,0.6662346703687279,0.08263076718340538,-2.6842079898922093,0.049849157923706984,-0.22078149242061554,-1.205973109651975,0.24436750788770345,0.8873158903368507,-1.2418134802364793,0.07946418701207097,-0.6879088419053786,0.8971060829530733,0.5040113532785492,0.7520190165973737,0.8869054077800295,-0.12998110068759405,0.4465104832306238,-1.0991773826177518,1
-3.3965419907827195,2.542158875247336,2.936985593155481,0.7961506120585178,0.021601733146811384,-0.329392987332627,-2.8043850234393006,0.8068107246874853,-0.5863777927714882,-0.9574120820707356,0.16511478388696757,0.5662819486830784,-0.8615696611841348,-1.32989782341565,-1.632451191636677,0.5887679231497399,0.5493816313115641,0.56499790447431,0.785968932509292,-0.3104558885859467,0.12676348529975617,-0.3683918822199521,0
-1.0205728405767658,-3.8246026158390563,2.9468757630941935,-2.5921215512519957,-1.3490712997165004,-1.1857897846414212,-0.7476756636643562,0.06344560395470072,-0.41466524003384614,0.9179254650674559,0.16207961842525798,-0.5553314755061431,0.4511702141530774,0.9662566584830136,1.1995057951555905,-0.9472426457840121,-0.4036266257337098,-1.054287091169047,-1.293003320090823,-0.025916465398571,-0.21185780639519167,0.3948960295285985,0
-1.10323060767058,-4.137813576941044,3.5015727175118307,-2.423916224977352,-1.4910547630129816,-1.2922683200187504,-0.9844139540080621,0.31682088482160564,-0.6257601652599649,0.8684812658252781,0.24582307103319734,-0.578278532032947,0.3837661106980323,0.2582104890739159,0.019376292668380476,-0.15339664431935096,-0.10100269940203732,0.9853669708844061,-0.7229530480165562,1.4696839869435536,0.14356385363230262,-0.714191178455114,1
-4.528201528460498,-0.13308886100089445,3.275339966647101,-3.256985892527593,0.5672491364092135,0.30913916479867976,-0.6305106326992614,0.27867946943656563,-0.9351699673726153,1.3137019091362598,0.6666903507063041,0.10037846591557861,-0.23016964425017697,0.6887688421204902,0.9481146526945972,-0.6288332380363331,-0.4362872517471808,-1.165734807482608,-0.9881471423799779,-0.38896108655011374,-0.12112134593413712,0.735026978128335,0
-4.646712199776556,-0.41349548134334424,3.930095292347938,-2.9412898745094735,0.7477734207119588,0.4631130459201568,-0.6996073660105784,0.11214428968112061,-1.004699741749259,1.146353328978638,1.1356743476054816,0.6003091664511907,-0.11017910241861491,0.4877067466931273,0.21780692775294336,0.06305087155724047,-0.0960408523872703,0.7856824907257968,-0.38196968836182393,1.1555697640775895,0.2761132735487891,-0.4125482095455516,1
0.0034583857489377365,-3.9123920366488143,1.1943356528205513,-1.3098318546292478,-1.2176417465133518,-0.6098402650232645,1.1563471150977367,0.3505272780301138,-0.10883345175109453,1.596315698483158,0.786411128474675,-0.6998276129827382,-0.025008028788165892,-0.5915149355346536,0.2495676302557371,-1.303799550196561,-1.2926872408729209,1.0639576910886555,-1.2136676089241063,0.2816444502145211,-0.310067445941836,-0.8453640797526731,0
0.018636623601522437,-3.789362561568906,0.9905127366709306,-1.6724844029862196,-1.5228786717455938,-0.8374974894914007,1.0841122411201178,1.1659860016505463,-0.8722656448888713,1.5054209047132032,0.9279030335931785,-0.44633942246217906,0.130596671099396,-0.4871549315836738,0.5935467353673152,-1.500078995106047,-1.3105193458082225,0.3650425007356862,-1.1021953270245042,0.2395770087430523,-0.36406996363989236,-0.7823876312692777,0
-0.06554213741531938,-4.015469136333271,1.497199839480441,-1.242258398479908,-1.307994002081249,-0.7068857955784738,1.20258448521867,0.9863955871620457,-0.7645286427090194,1.5768271648095273,0.7832064883284057,-0.7019034664650247,0.10161366860167545,-0.5941430012868718,0.603712753571019,-1.614122372002983,-1.3878544017546735,0.11670833284099288,-1.2464192750390057,-0.07888407202435242,-0.41813144105996924,-0.49454988982172143,0
-0.04887013325808891,-3.976833412709763,1.4741348735278654,-0.962419255600623,-0.9698349426454521,-0.46597758959163926,1.246577867876082,0.2663630372916106,-0.666954594231368,1.4159831112163344,0.5089461551815878,-1.0173798312219926,-0.2829905148458673,0.01107572170185034,0.948943391248645,-1.3608889294480957,-1.5147725381940058,0.15457777242579526,-0.7524521609587371,0.6269746031011745,-0.2793055363425685,-0.7199301186556561,0
-1.0009971076789221,-3.29975622660657,2.7311717153005457,1.6672705322077168,-0.8185010048920976,1.1498803784367653,2.0854927228805162,-2.7280764219037863,0.5141226532253741,1.9057204100259038,-1.3920538153346478,-1.6123611900592316,-0.4697861808593476,0.7424282135488152,-0.2503972957880319,0.3288202230800615,0.44120729558151917,-0.4288098705184676,0.9719065681560165,0.5777853758033341,0.06675086280826825,-1.2541407705660181,0
-1.04917968403618,-3.149856693891043,2.5740978671367385,0.7386994194490123,-2.0819068522806368,0.09582362274910035,1.67512163040247,0.8579537570098119,-1.4390539761665777,1.8377650113666582,-0.6567066187139344,-0.3402781994662311,-0.40889359222298766,1.273612526431899,0.28040185771768195,0.5997938853366521,0.49715721497342136,-0.4437060531798585,0.5203435049390042,0.05501220342327854,-0.1862073061463397,-0.6500013738204339,0
0.47044715073456284,-1.660175466783312,2.1669737757880347,1.092067847080246,-1.979363158180198,-0.4358600186860534,0.144798453574441,0.525553565750523,-0.81227584706353,0.7987484625973421,0.5602280840304633,0.44607435748391233,-0.7379028475258654,-0.5050375586291035,1.2833237421490828,-1.1249263144636106,-1.3006017306788324,0.08655404010346962,0.17583601509393737,-1.0381927379951825,-0.035090386915702994,0.55209142412291,0
-3.0626261613754435,2.278738078155951,2.9554336386194042,0.44288136533607597,-0.1163195495215757,0.9582684966157743,0.5086853746272161,0.3355381157713793,-1.473898555693035,0.6389454828390462,1.8411105518499922,2.051582352671631,0.03733183389343647,-0.6129109625132453,1.3638621738628531,-1.4540299657827627,-0.953955592936602,0.29395909832556916,-0.09759896833783842,-0.915947553643816,-0.14441429996938795,0.30655293174758796,0
-2.5743355019252876,2.1203976444135,3.702524435698093,2.5302484670334247,1.7920297972894799,0.7383320196900635,0.003020699103501026,-1.0721351297953714,-0.2016017282030381,0.791643161338413,-0.0346881065919153,-0.05177421562563953,-1.1342637072675201,1.961454808546184,0.57119911521122,0.7712043468386437,0.49141098886717444,-0.2758140592633946,-0.35600390491836015,-0.1309148412674469,0.8724119791973806,0.03439969588415307,1
-2.4611173073250177,2.5003572714427102,2.975768718120296,2.0177018541009812,1.7652826058760096,0.8008054526237853,0.1404315302347388,-1.370710764678216,-0.22857099339443945,0.762109448369051,0.11875507274833579,0.10600996508423319,-0.8075418708538692,1.8873510412369163,0.8845009108928531,0.2291994696122533,0.4130145514816001,-1.1417232419570782,-0.4386649538137488,-0.5568609783475812,0.7620769155631516,0.8964225227584844,0
-2.558071176148179,2.038716164175656,3.753538982429888,2.4143865776270714,1.163911807311863,0.18939392743169495,-0.3189403110642203,0.3757794183820353,-0.5637617609304156,1.0720220331314787,-0.591773835295963,-0.8445317816167078,-1.5717438143575837,1.4712604808600565,0.40500833331995567,0.821794603371963,0.24499565976218154,-0.9806685405927312,-0.03761147687219228,0.09097517940138497,0.7951208719718246,0.6848580281967441,1
0.9230515730058655,-1.9127601191211074,2.6501541761273786,2.4289185881474937,-0.6096088850653353,-1.0061217388780586,-0.4066064762253859,-0.843681378042016,-0.19954382806043494,1.0818197781261751,-0.18671065854827867,-0.5095035824935433,-0.42912768010413876,0.7884584340146764,-0.4754912181690784,0.6941693490945122,0.6645926361764407,0.1784915641284469,-0.8231761207758359,0.22443488035522852,0.555622406437423,-0.39942455326644005,1
1.0495024917859832,-1.5163685120686223,1.8762187773145351,1.9732253611271382,-0.6167261758376196,-0.9566637075587346,-0.29719957978183986,-1.2174518543298256,-0.39065302420481834,0.9906972917547311,-0.322006836067425,-0.6635312810045275,-0.3556786414367432,0.9059038772507756,-0.0245101001611364,0.2563440439673599,0.48976789977227114,-0.8039859726780493,-0.7986979787598697,-0.1360329259817486,0.531860067333123,0.38498502013108865,0
0.8209774721715313,-2.0947190534033084,3.213650279102886,2.878937163463307,-0.5484427309768284,-1.0477301946493744,-0.38512711381100584,-0.18212212520480314,-0.22237700029033505,1.2024930306520505,-0.19836603632692376,-0.5470495387373472,-0.6824419828729139,1.3191782510718122,0.2607149934038972,0.6135207719625093,0.40489773488350805,-0.7928113567480751,-0.429387326005503,0.4790089880894215,0.5930140685439564,0.16807686563963153,1
-2.8844359400375907,2.2279758733177113,3.181365415902409,2.557286353501099,0.5719534927475349,0.41710590566301553,1.1574778721449284,0.2944673552735598,-0.2456728468856741,0.901299650534369,-1.2164937618644522,-0.813779936446457,-1.2902218714183957,-0.2901271915799684,1.1655040129416785,0.171127454752532,-0.4172404264038687,0.37002863467089303,0.6784905587824027,-1.1046876763487836,0.1263055229407401,0.16497708779108594,1
-2.904286063961891,2.189082956103156,3.20523627920797,2.2130190724064978,0.15988872507241902,0.1167039823657196,1.0215595632222816,1.2781136756166884,-0.6868378377195654,0.9013642299328015,-0.6319298138180709,-0.03755482840248934,-0.9869259370198955,-0.39735068645028393,0.9076826629279454,0.40419944989032736,-0.2001178323878167,0.9785203538968202,0.8344507973655982,-0.5689471784156547,0.0746874010339397,-0.35198373689705625,1
-2.814864681101076,2.608396544736708,2.614797873151217,2.294762494500975,0.7763401358992682,0.5942970872700205,1.2634026884658953,0.10563922081311315,-0.46789699819935465,0.5669166616086435,-0.5271551759104375,0.2633634651535057,-1.3884252515710738,1.4681121669534727,2.4615814472370277,0.4917137467401231,-0.5098014110225423,0.19385581499848922,1.7705557597004578,0.5255879399321662,0.2538717963925029,-0.18636378559715772,0
0.13433856287323515,-1.3360039457236532,2.9563658448997314,2.950657136620312,-0.9148192186189948,-0.6027660966462853,1.135849420298811,-0.1591062095896103,-0.16686052552577949,0.9820603098193114,-0.6679150354075942,-0.3352444145524473,-0.9180119058535013,-0.5601701493586904,0.8274663102419925,0.17779448949767787,-0.3691980308768894,0.566255971422792,0.6560102935945709,-1.126598942829969,-0.08827926478211008,0.09436105422330561,1
0.1702356514796038,-1.2890745177398637,2.760416690746427,2.600476242387541,-1.4000690583249613,-0.9872365154919501,0.8962973875199427,0.9068841901812,0.24147842145914397,1.2140283452789158,-0.14707211703106027,0.37974436329171374,-0.8862752847395853,-0.4101218133899347,0.7642811794418308,0.47359349145584034,-0.25632431855235654,1.0378709844146892,0.8690075451073584,-0.5375662315543112,-0.10363238953876933,-0.2927004651921634,1
0.28000380074559855,-0.9395911708945125,2.0958509561597283,2.27543360900821,-1.3088744904098086,-0.8747473299968626,0.9569836283089261,0.4402525079107046,-0.516151202192336,0.8627646372358362,-0.33550364795546656,0.21184292551255648,-1.116973245325044,0.2709939210316922,1.317044705993676,0.5963828894071235,-0.4341709668640944,0.6495624737055884,1.6474341193503048,0.44504743125882334,-0.06543463705397606,-0.16631277191304902,0
-2.2855785567794644,4.48678757576751,1.773802768021657,3.9206846305963703,1.2597822895838198,0.2042696203402742,0.2746817903239655,-0.2558905472281007,-0.3756642240419209,0.09208925217119389,0.43113321426610257,0.3828319086576249,-1.5146327631775873,2.618059683370082,1.1284854364844332,0.83611803303428,-0.22235911927594446,0.4519838627957596,-0.0446821112216028,-0.5787335051315949,0.1412123951444783,-0.2938933960480609,0
-2.2416663141636466,4.271733459409084,1.8686465518546969,3.6499568327163394,0.8105954766566881,-0.013256454325010785,0.16242365168704795,-0.0437402279995132,-0.31526256125333385,0.5284038215801161,0.14205727563035908,-0.5538659234506061,-0.7237302164775135,-0.01086135095628028,-0.36037739602403285,-0.019214605468864138,-0.11342031860854368,-0.6734562709965135,0.5133967371893352,-0.1537172559873172,0.060466546120531414,-0.1360028599558215,0
-2.2824578107501137,4.278118340502631,1.903642434359838,3.0455810147311797,0.2999845886124254,-0.3034347614606629,0.11039373430985983,1.2774797290333904,-1.2999257017541856,0.46673147876150817,1.1894368364810448,0.6626433913779907,0.2563925159370462,-0.7038634310817804,-0.7676126664623639,-0.3057347633839666,0.2571298577503957,-0.5578126947412253,0.4800751370332648,0.05855856581881998,-0.30376564566871306,-0.08191095074002931,0
1.1897650499621208,0.5930373025279664,0.8563788871835724,3.748661683666656,-0.8965324764576733,-1.29148107844682,-0.14329353139895631,0.17630961410997278,-0.40746558652961884,0.42130013899262625,0.45582106972592634,0.13996294669958637,-1.2236925119975375,1.2687864918683527,-0.10700311706921321,0.9174788940186853,-0.06433421011406587,0.9084932033937684,-0.2539109308530608,-0.5424213488813117,-0.09936656719146622,-0.40121980121951617,0
1.1772649363938896,0.43073755951243015,1.1106033989367212,3.774389342931735,-0.7442051611337175,-1.029916031343339,0.03966303606038046,-0.5144099256148341,-0.4381276887553347,0.5583166775092413,0.4891120415716726,-0.3180094722897455,-0.26735533272737494,-0.5334467458173257,-0.8657752121962567,-0.08433898875752661,0.04554787989810048,-0.4513218408817095,0.36460192523635226,-0.10418108082650428,-0.12584625238100855,-0.27148461431993,0
1.1600702656865807,0.4234213880698667,1.1288204094441756,3.4526723168302795,-1.2307720578936696,-1.4076462143125779,-0.11625874919298926,0.8325162512285496,-1.0922271033626214,0.5987603991349366,0.8558288062399261,0.1654791021086179,-0.06740692041064625,-0.5794299913652523,-0.7748202976669522,-0.11037170500265019,0.09690501105437731,-0.7712833909514409,0.5062723037519002,0.12042678119429759,-0.32784353540354744,-0.19010159468147436,0
-0.5168769108615456,-2.205830987669281,2.881148725596424,-0.09399799563404855,-1.8648290877563525,-1.0904388592905525,-0.9865903853333403,0.18720802698945543,-0.4278937664169482,0.27924022363403084,0.10716997373762797,-0.195688808222302,0.4076281476687247,0.6925308082823619,-1.541582977494422,0.9433000141351652,1.435399238888328,0.4186309569653583,0.16643103910437004,0.3710299062558468,-0.4608213532824455,-0.25084131230958656,0
-2.049596927630324,-4.630766534888777,2.9092892962223065,-2.173122386401251,-1.103346110308477,-1.1380555816687357,-1.280809841546391,-0.10729343586302566,-0.049574355482386756,0.1514705273751518,-0.38305643867186234,-0.8983615671955401,1.3610625983935525,0.662269084356712,0.032782565845714755,0.7602859752591744,-1.1105316270243915,0.96930497689015,-0.9569916304466758,0.3811472069199565,0.5620645623395853,-1.9391259058481065,1
-2.092575929124125,-4.9554680673950235,3.5091954770985483,-1.0452267635210222,0.148296375018831,-0.10498174618922096,-0.6699241098100547,-3.1620340004712664,1.043766279913779,0.22236011151937432,-1.1951185922162375,-2.373723397564502,1.4553982578112865,-0.0030132533551888553,-0.2515388451655344,0.0866799751943251,-1.3563614362187664,-0.08633556966735668,-0.8140679383488639,0.194704723713636,0.20495640951774394,-1.1851332947029671,0
-2.0086074250863115,-4.572524245918932,2.7376119569512087,-2.3608005804556798,-0.9164467953695109,-0.8465077064932369,-1.0142573776983663,-1.0184195453360023,0.008547680432143781,0.19858884453998252,-0.2253133362983549,-1.0489411401539595,2.111783345001648,-0.5114303842125264,-0.5543559971584961,0.059499792310955806,-1.0336572789185903,0.3923308324893719,-0.8202311596977674,0.40359183920110897,0.3295604581865602,-1.2276605490877712,0
-5.428813617142627,-1.1268575992263081,3.608640117053807,-2.1721879857822297,1.259218886769111,0.6363082950512549,-1.0025973348735773,-0.3992111487580555,-0.20872112415580196,0.40961539652504053,0.08078514479305532,-0.04295107399253728,0.5034851249617082,1.486761100663089,0.8743167230568252,1.2891832302655508,-1.3637539626453759,0.3227246845644264,-0.6420226722677835,-0.009415917730004535,0.9056841678932666,-1.7502196204651161,1
-5.682668544652948,-1.5900370679304276,4.929143656341237,-1.1772302560580274,3.137531921149904,2.4196796897115034,0.2556529333443075,-4.274918455652193,0.36275362655719595,0.10157770640894678,1.6607088007440922,1.1587085245871818,2.9738240365604693,-0.20109387354540187,-0.05865320771357123,-0.2833547011336929,-0.7420632594879496,0.2586654779293081,-1.0000389585219351,-0.33292023535619064,0.20787876822351353,-0.9430982386325072,0
-5.476495218155706,-1.300799528680066,3.8642119591820667,-2.5401998510985746,1.238978382774598,0.8630563044954125,-0.6658332070364926,-0.8751596602469315,-0.509346045624754,0.5373847406755096,0.9328010951624607,0.44375448283828944,2.182341494683649,-1.0072702026922609,-0.75180540125583,0.3126901013688523,-0.904380601889186,0.39731253305401126,-0.8356131566050139,-0.151227448491429,0.4356866391888509,-0.9993816053074938,0
-2.2117282910219376,-3.6030358096569963,3.6268141089529324,-1.717829635686568,-2.9863253704646477,-0.4561584071576409,1.2754255510304289,1.6432551064169387,-1.1062038071331441,0.5477721014713846,0.10867118516354798,-0.04807999396764017,-0.5894007327169071,0.9618156210157501,0.6311174266502968,-0.912412088781676,-0.2856515615640893,1.0748149007865055,-0.582380148570375,-0.24388690027316082,-1.066459828716444,0.13588721268349846,0
-2.1609551819710706,-3.6286409045084906,3.5706067475954857,-1.6469889377629963,-2.945348865534846,-0.39807608156515767,1.3291678645732936,1.3315630064202713,-0.1183556175503568,0.9528373638992488,0.001661871663697326,-0.41887029121617325,-0.22062855113593433,0.276154895370021,0.8507298279424411,-1.81151492545785,-0.4379087844136399,-0.9978596467388219,-0.04391185888588548,-0.21176855530019667,-0.8729183743876591,0.09478639438959785,0
-5.4777737337523,0.009608798152610475,4.214518020078007,-2.2605654074337935,-1.1379028360462107,0.9963320944813293,1.4168794369375646,2.18450134935898,-1.5566954127057,0.7524655949404286,0.403593931947516,0.33511505635403216,-1.3966991678564762,0.7607736740504187,0.475658604670606,-0.4811219391037774,-0.44241583059571243,0.7116992591658373,-0.5631358752671615,-0.6845613090375715,-1.0302913498376773,0.3924935684336509,0
-5.423430452879963,0.058615971160650725,4.017125106619866,-2.6218132636951905,-1.2181431166113745,1.073712371630002,1.5187986395301665,1.8953506738727044,-1.2874977023489642,0.9604534520681226,0.7876970882946694,0.47961355040150166,-0.3301019261499538,-0.6713012912081329,0.09709488208048375,-1.5667413719593117,-0.28764953474060995,-0.8668019807331511,-0.07108802389251674,-0.505341008373938,-0.9129257293474857,0.20056196113085106,0
-3.0750153805133276,2.695710178665287,2.4643472654948053,0.36940068074186566,-0.11394143960292565,0.5396930367576976,1.8735794147009848,0.03686450033411748,-0.25929536738437065,1.8228471224435268,-0.3583180170949229,-0.9346935151392332,-0.8160841730137546,-0.9614858635225586,0.43715346803689165,-0.5019047510764911,-0.35367543013540537,-0.12151352973241719,0.7226694455552983,-0.7636392943303951,-0.1896853271693688,-0.16482732942504982,0
0.21037718882219011,-1.1691058789973368,1.834601842306962,0.667458579036565,-1.6041571399112105,-0.4548660187915271,1.8619245485847609,-0.3733401688273562,-0.21366936364374955,1.6929223138983613,0.04074430158197044,-0.58525359843722,-0.07661716139533332,-1.1459145784929108,0.14698327383689241,-0.7082931213061459,-0.15640012532051722,0.17600877761576508,0.6702066222741516,-0.7645678844461503,-0.2997740397740052,-0.191947660090443,0
-0.3094807581794558,-1.6936274899794934,2.4385239519442514,1.361188641597714,-0.6674528663114501,-0.7904925979489944,0.4562584349860049,-0.8825032176485891,-0.15147928737242788,0.5697047802557814,-0.2813272747049274,-0.8086364505535585,-0.6725314710672362,0.8105649042777698,0.1288937687017448,-0.1073578789528019,0.5213455670722591,-1.073297114125361,1.3149498206899923,1.0576389160516666,0.2445288974295789,-0.11219744375327566,0
-0.3464068510893245,-1.634689571550228,2.3453427524510624,0.7935432009747853,-1.296572235381481,-1.2965951196692067,0.14910983694157798,0.580732859558853,-0.4613743860931809,0.5377515303121387,0.35649744166159136,0.26887458858660246,-0.586787953352147,0.7150994196653532,-0.5935447576348927,0.5585752403019029,0.9534032350960023,1.3505467232335204,0.05897538007569147,0.07367785332097387,0.27810153142162497,-0.39169387277268153,1
-0.18126778628858903,-1.3446690266168213,1.519813255734785,0.16841259052763896,-1.3250467333751044,-1.1579926311725681,0.35298997834349366,-0.3244599929438303,-0.6085781302371074,0.546985705370722,0.29856829306510885,-0.002510918583222599,0.26556854569688854,-0.3647921848067598,-0.790281672085904,-0.5324845436493124,0.9864862958236109,-0.4486028664195009,0.16323774784320846,-0.3834187480856425,0.06124087583873283,-0.3299361163004365,0
-0.3468246457118415,-1.6986508200934543,2.4659116414065165,0.9479776630567265,-1.059636029576276,-1.0549434741688237,0.33931781436441305,-0.005340709796815907,-0.8990210332605919,0.452168528226829,0.24439901367908645,-0.12534286830416214,-0.38524199096966866,0.42820928669931,-0.5307025007044055,0.27683344855688763,0.8074529719462838,0.3779779263025848,1.1072605966532045,1.2913563685633929,0.203717423712072,-0.177511305139618,0
-0.27774640906513415,-1.5098956623081006,2.0420021378461213,0.5606384746321015,-1.4590045691961806,-1.3880949177445419,0.2720134902045421,0.9277226141920795,-0.8114360730495037,0.7015545383563583,0.20395832841097644,-0.06525927414925793,-0.20705399057581966,0.4767637187041284,0.20705253878241184,-0.509024620097025,0.6365168574972162,-1.6662066102626514,0.5853023098601372,-0.12943430510303822,-0.0009004947420768137,0.33699198853390294,0
-2.9798723805292453,3.149719703800474,1.8839183282927314,1.4953616327635206,0.4496834161558289,0.5025643650048505,0.4034190394590975,-0.5529326868904141,-0.1227718566281562,0.7586200351869063,0.276702033223358,-0.5249246554069508,-0.9397728540952673,0.7647705261790687,0.833364739456847,-0.24612800953087516,-1.2482046111967675,0.4404623352700036,0.19703842540948346,-0.31231723019586777,0.10176259124444777,0.016859898960980953,0
-3.140254849404722,2.6930397532631036,2.841434975610775,1.680701124567798,-0.10671580895136662,0.03598003784363559,0.07546764895867708,1.2551201375818177,-0.7074878992744645,0.9756440756692129,0.47650625322031565,-0.52085318072204,-0.8712002005422833,-0.27747917276027656,-0.09123167365790331,0.11616278202326336,-1.0995158271020944,1.2278100243250825,0.6744258320221634,0.7249699970456184,0.14300002446389462,0.07395571534552868,1
-3.08850463630794,3.1037955161376902,2.246404595483165,1.6632690673739516,0.7517254852025486,0.7395743146096085,0.5744262923054773,-0.6922844379253119,-0.42940808376021616,0.5015972825909217,0.8980646449357121,0.33450078401473876,-0.7685837151816156,1.3384030125773705,1.0131562734203878,0.05169143439503205,-1.0921464467515487,1.5160796948066448,0.08525238538264086,-0.09983147637917832,0.18910770496031054,0.0517050842933536,0
-3.298946223665321,2.4702172735439634,3.5047885329872224,2.101814556784103,0.1634031814735717,0.1911869136689823,0.42429798838211374,1.5960042196790243,-1.5732925869666947,0.8124307478142162,0.7768353023585371,-0.03621027661841822,-0.7382792249559923,0.5660588202186712,0.720311534762196,-0.06618727092870229,-1.2338053062914225,0.54493757508045,0.0877500188827671,-0.21991789352100907,-0.4927245515552402,1.0196938603076777,0
-2.9660009178323192,3.273211819242003,1.647413520720141,1.0859005099377637,-0.06186818933206314,0.05887542132945686,0.2805841021223682,0.7995523302150545,-0.6345844353041347,0.8566853959460434,0.2941385186778082,-0.3131425814676861,-0.9268270469481665,0.9320414949712651,1.3188304824024601,-0.5544595846505552,-1.345317695690752,-0.5004736119565208,-0.4526518160021759,-1.5706996852465043,-0.06366648444249746,0.5321061083943502,0
0.23034132063130822,-0.6358867977890937,1.4545267847041126,2.0605369550644133,-1.0869163506055552,-0.5589553565990982,0.2808422540689448,-1.2437229425863503,-0.031788897355874146,0.5875258069819187,0.2164271108762972,-0.7604738548151938,-0.6689616934998571,0.6144038865705641,0.6072524483305821,-0.3077719836383533,-1.2583509364897763,0.5044878875505632,0.17945281469226745,-0.39665634378385795,0.052704182894578996,0.11269233576357214,0
0.02217935575615424,-1.2096504314426522,2.6780163857630246,2.3719501844737354,-1.7060375403857122,-1.1018983340333068,-0.05199539792713749,1.0619153927520306,0.40107237672340607,1.1418308660887082,1.0850302817643251,0.07615979146277028,-0.39615867958707457,-0.18477385158783194,-0.1078437306316406,0.023609456078949365,-1.041090658306602,1.3274393858700357,0.6088974499935875,0.6840332122606966,0.07346364252223742,0.11362541332854399,1
0.18630072481242196,-0.652463082027942,1.5212885097332127,1.7187757541552513,-1.426641298419648,-0.7951286373894332,0.17887236222524613,-0.4259452300447074,-0.7418205971977512,0.46519460418831304,0.6976547618397605,-0.11778970590134832,-0.4490948978337331,0.35488186872702693,0.05021574558935483,0.09213337311993101,-1.0063109773243515,1.8927007051976847,-0.010517063386665823,-0.16863271701755508,0.03266818226511056,0.05028153535005524,0
-0.05778874820288499,-1.2697033409490914,2.9234490097187495,2.5157068125026334,-1.564105734992949,-1.0250339713794845,0.1981364830643236,1.2166948172121232,-1.4297196742147493,0.7115654948812523,0.6706896953617381,-0.30781832834480777,-0.5592200819132745,0.37590868459483623,0.44032040982784004,-0.05018388129060619,-1.2581988976269733,0.6440493971478016,0.13586540099829703,-0.20073849392370233,-0.5042650180400445,1.0492148832269053,0
0.2570030196506426,-0.4648728182336883,1.0892328820307664,1.302344622881457,-1.8542218249577243,-1.145240499096243,0.10380305093759112,0.5457583756596505,-0.6765174506382565,0.7187989717518096,0.6804274223747196,-0.03594493748848872,-0.2365935985907519,0.3403227328166904,0.7336851686167625,-0.6988046623530292,-1.159415690778523,-0.11968210787895206,-0.5425763454158016,-1.5872541598513743,-0.1845504745428328,0.5527275337727712,0
-0.7076124424841191,-2.180080880838923,3.199276881005502,0.3984635250169397,-1.2104049319416974,-1.0584636329701618,-0.3158018273128569,0.6885887830021707,-0.5557013473965573,0.47695464301056284,0.04914016079429622,-0.024275252694884956,0.44034158623253195,1.1488848696851564,-1.6195800237721758,0.9758675039222564,1.8803205660472124,-0.6870780705704767,-0.5322027049548104,0.11775083994062727,-0.36367455393751097,1.0071735736451373,0
-3.8800867482222294,1.2344177245172223,3.6354778721181846,-0.08060035308536334,0.5685064922277319,0.36276211320771323,-0.005244042162593285,0.5528857723405176,-1.0473255075806303,0.42451529026302515,0.5838222074568008,0.6370062452999491,0.443154096562351,1.1875734300935232,-1.444592511073681,0.8181991993314792,1.908483104583063,-0.6755932291016458,-0.5329044810809177,0.1596977958388264,-0.3444444922947513,1.0267718294602781,0
-4.211158902445818,-0.4168060162340833,4.127180089823874,-3.7595553216024724,0.541921435813454,0.0009401718138324158,-0.204000926758163,0.8462056385692376,-1.0448670484447646,0.6565914412397262,0.792852245327761,0.8073293691847503,0.4612558244345154,-0.3316651559564563,1.3440625442570744,-0.5216555148931307,-0.058547982730526436,-1.1445355420874959,0.3417236137824837,-0.8243234070880338,-0.9012646865956838,0.2805161740831338,0
-4.177520156213072,-0.6261882699933118,4.195769090027556,-3.8861375591184886,-0.060863388514559344,-0.49394455142560545,-0.5536234100928292,1.6050289121255148,-0.9006088690525245,1.017993160376574,0.15125320760410194,-0.16673804206830628,0.08152196366232091,-1.5574236186988457,0.12311521232541903,-0.10546384224662124,-0.0828466890032081,-0.38096319531983763,0.5959022028778826,-0.2890031612903112,-0.7634583835200143,0.08419310647342554,0
-0.803766996637618,-3.9795411876467544,3.6789232997312054,-3.224614514791685,-1.5645873953446325,-1.6577024194321297,-0.5569754105568406,0.7371838999451025,-0.42512347660091626,0.45793901650315216,0.0635256780547246,-0.2645603319770074,0.8459179294965705,-0.20041115299416687,1.4208859139273677,-0.875380376337799,-0.1229323677462998,-1.066146330788962,-0.04771565214690158,-0.4522872883143512,-1.1009483749776263,-0.009558637064160047,0
-0.8367207148748113,-4.213709392864093,3.9861737408093427,-3.2454004475736213,-1.8541534209573827,-1.860966468478438,-0.6884626469603994,1.1837295954341327,0.23100372886644124,0.8195653624238325,0.35766202885485493,-0.10434367623308877,1.0796970684051013,-1.167439755651392,0.4609186189542468,-0.6939767983201061,0.057924004810827275,-0.16149048872325317,0.17196182104950936,0.18506306164213893,-0.9919374970920973,-0.28192866193781535,0
-1.232809359104946,0.7117470963082645,1.6259103424238475,1.5286557205467806,0.05457225931083646,2.3847782564629063,-0.6405084348103777,-0.21636324952543615,-0.19725826825220552,-2.303856644985197,0.2706311720871973,2.9710453400788372,0.033744594378233274,-1.847276341984233,1.4888206115943006,1.5641504294784871,-1.4486645644613605,-0.5551300474223054,1.500815910529932,-1.424057300107559,-0.5230230545396257,0.31789941126423094,0
1.3771979609493263,-2.1006636468222992,0.9888891401336476,1.761219780405401,-2.313416363177567,0.19915611707951358,-1.0464320048550917,-0.13535283519947983,-0.03142156397507155,-2.163891666086676,-0.7478756218942112,1.6498117170306417,-0.02569044312305468,-2.4358910001417815,0.9521740306182954,1.7798563016387365,-1.6226842497502925,-0.42557025303457247,1.331971326784453,-1.2136596263147017,-0.9667641061195963,0.026321148725672833,0
-9.032848014026227,-8.577183929716037,-3.8526283746615473,2.447940032086677,7.376743838586664,-8.82182796276008,1.9532302751500028,-0.6359358978979252,-0.04727541809067694,-0.37313934660728293,-2.351174680517192,1.0838268963074424,-1.3116257451859274,-0.7575424224727039,0.687638268005793,1.1083693870493572,2.3511651443475956,-0.5719392065604956,-0.45782488425786216,2.288707723429776,-0.09312024204057326,-2.1736891586181586,0
-2.2969420654283343,0.12663497731997203,3.9243165470789623,1.0180043273298183,1.0491753465177653,1.1857071800204897,0.5054460347572225,-1.1892516695139717,0.2590583404631612,0.9284186482398592,-0.7431362395139741,-1.920632813862028,0.6487824352862148,-0.7973504209721706,-0.5287747324469483,-0.06195882520888401,0.028885261049559297,-0.7419711846163735,0.7884445228147164,0.4723756644650479,0.2643802554724982,0.06277039449251962,0
-2.216020221045509,0.3861041875117412,3.233586641638852,-0.06176165961783466,-0.21795795601033677,0.1281337058878001,-0.03149527486670165,1.6395143117636661,-0.07566860160032399,1.1625087116028134,-0.1645844829850738,-0.7059769004022756,0.7374122255760897,-0.43956557923645867,-0.2042378398064015,0.02275617520255424,0.24149469276024602,-0.7779730842848933,-0.2835862918032806,-1.013311156354415,0.23969963851830334,-0.6796526503376291,1
-2.37435396287472,0.16200248441777762,4.015866341431515,1.0184672204685394,0.5640234608762938,0.5374185152284839,0.23744619535989864,1.0999341099243494,-0.41152120881165694,0.8549630122469162,-0.7132044223985319,-1.0717627662427418,-0.22485647102558912,1.7486508325999148,1.5750989296185114,0.35418618327459106,-0.24261227318718692,-1.7245568080688225,-0.024612237199363094,-1.0612331067484142,0.41514992562343245,-0.7330627974779499,1
-2.1747295015261923,0.5804411960528444,2.8672946505568437,-0.6125573287121271,-0.5403342398966052,-0.06834150021031551,-0.11615968462508543,2.2202219393288627,-1.0459652371382324,0.9718154091228244,-6.908951690568498e-05,-0.47119827130929254,1.0195869794620291,-0.6660135986245105,-0.18982919152349842,-0.1197747282655755,0.3146956077650599,-1.0705126740445432,0.054936084628259926,-0.6489257757759894,0.3776355421805034,-0.8543838574032979,1
-2.1217127517162124,0.7755785848242119,2.509083553166175,-0.872481360914052,-0.41394791744890036,0.11378889120110422,0.04342090689184029,1.7186051654006458,-1.1036754960628405,0.8603988079902712,0.3690356190879115,-0.08497967782930851,1.3259377114439344,-0.6125463178259173,-0.14742475514592662,-0.2208511232697978,0.3530524931433566,-1.0008149588424158,0.3841769830888937,-0.09990559814968004,0.2805283940476333,-0.5422033307413762,0
-2.314136396111947,0.2302822846497331,3.6429758792962095,-0.10265784384229937,-0.46921042048029055,-0.07928585815305146,-0.02497905874370742,2.699919030435111,-1.3201623700624818,1.0539625774153805,-0.06832843318561335,-0.5940744588392484,0.968862252737166,-0.6478366442348196,-0.11872266051986585,-0.16881760465382706,0.23563904953879233,-1.3468703551811436,-0.3853798322251257,-1.296924558048008,-0.01568836035299507,-0.2781994966144721,1
-2.28190372481768,0.3401816925861273,3.5601624033619714,0.22172410551620808,0.3316184454878643,0.637870118400625,0.22587868084128884,0.6742620795251975,-0.6709429248487356,0.807656726091052,0.07156274760838077,-0.618180550393833,1.1274329444579076,-0.5225999739583354,-0.15598003480065917,-0.1580124304120015,0.31074784080319473,-0.9060957617660694,0.4753054836639122,0.07906702135695028,0.2810618944460497,-0.6317011905816783,1
0.10061391535214168,-2.521253237123988,3.493301744561124,1.3101135544792604,-0.2777060781335071,-0.0005816550110539196,0.6568236912586267,-1.7692459796033526,0.8809732896842184,0.6461058885155535,-0.6121181338454926,-1.785922207064092,0.9831928847144997,-0.734746736974715,-0.7741406844811815,0.08667905226669005,0.0791472182437427,-0.5893754933795489,1.1456057623145834,0.387760175589042,0.042458292462092546,0.35658397911784984,0
0.1660270279334078,-2.4668890240136347,3.1270185379445685,0.5995271146442469,-1.7481976075286445,-1.306836188447867,-0.044715782613769954,1.9019234385537906,3.7744861412995676,1.9208458573845448,0.8510537168416866,0.44524585801182653,1.0140737405519862,-0.03586511899741677,-0.18258499986372698,0.19130280728399918,0.2540851143686606,-0.6566737258888143,0.01646203787445284,-1.010875426818204,0.013002488273793977,-0.18493673264898686,1
0.07920944577650704,-2.4014685338927175,3.3207396512192413,0.9939328896378931,-1.0399510400133374,-0.8163721738510106,0.27318224652759343,0.8450774476615673,0.6601276094151733,0.7649425633386028,-0.2825097133913806,-0.6453649717578032,0.36156254776887986,1.3260484398421173,0.92147172285844,0.42907037924875524,-0.05854806616904904,-1.3088453004701306,0.24349097690395194,-1.1112947975152025,0.10399959803368711,-0.34864944264355663,1
0.19248492105830106,-2.1000820889548617,2.559354919327358,-0.24809526276134514,-1.8003697921724446,-1.210553280102261,0.08638954352950501,1.6712675772626704,-0.45535418070717354,0.6644379362468928,0.2868228471326948,-0.11713348959041998,1.4242587166664045,-0.4332460943997042,-0.27859762398252114,0.005611499297192012,0.3785928809792987,-0.9554395552863233,0.37781813558422056,-0.7834830610665315,0.15184233080279344,-0.5700666004762284,1
0.2387611853957185,-1.9544190579779934,2.2573057880215943,-0.511575002647031,-1.7599790349387912,-1.1038076064432953,0.21028318334561752,1.3191031349327644,-0.7089761508650649,0.5615549017530346,0.4986068861723268,0.0606852909792516,1.6715247239639184,-0.5605091511908188,-0.3892845399154942,-0.05829669539035853,0.40061341062413824,-0.8630368994518727,0.6882737733881789,-0.27530733454889506,0.04584205857098676,-0.2582319882287402,0
0.06155205480623501,-2.4459693668164175,3.33530988351888,0.3898458529840962,-1.6535427347967022,-1.1859227922330704,0.17618398036771843,2.040899450895243,-0.22951727574658004,0.8528630770993261,0.20172124003767883,-0.25211259882658765,1.2319248912628362,-0.17657609466068638,-0.012045863602206153,-0.030045122274341377,0.23135532517605734,-1.3565605539457104,-0.049796864190464245,-1.4474892203981191,-0.22197920042673203,0.08853968596292466,1
0.1389817418806229,-2.2953458275347245,3.041006075721307,0.4933356599490956,-1.1299625134565747,-0.6921501130899856,0.2745434459141505,0.31955959436521236,-0.21034263432554737,0.5346737704784791,-0.1588048108417252,-0.8762011348062198,1.1285202538354655,-0.3449719383343332,-0.33495712329725347,0.1458364573197561,0.24442258247045945,-0.8648044092837985,0.9294524500524511,0.04538801601379255,0.1354742686360296,-0.40693935993279734,1
-0.21809197402917,-3.5620849179135328,4.3528936724150755,1.38272248020273,0.40930338740965594,0.5527938809830784,1.5604754662906657,-3.376890649427595,1.6580025934334908,0.5686521046065859,-1.5110858856648501,-2.526781271650327,0.33335225520565726,-0.5552804756831687,-0.40658280015725295,-0.12602750280811983,-0.19325138119633728,0.12951568237729882,-0.2232305144863761,0.16141411972982714,-0.39747852988459864,0.7649409351078476,0
-0.23010286414884443,-3.6276145896756984,4.458307515502174,1.2273292592656542,-0.00016150882358279632,0.21635261643492718,1.2923115593073244,-2.3128964722628225,2.260299789883896,0.8710050270354742,-1.042316574125457,-1.9516127331415356,0.5164886080888899,-0.8079503736519277,-0.5278482836133987,-0.11922375394111591,-0.04110176191785052,0.18040506999377,-0.01862858828129461,0.5263311053037303,-0.15171714155608054,0.1714042145234473,1
-0.046961635435741916,-2.860962451381139,2.8692448867435756,-0.8400885779218633,-1.6392792752063186,-1.019057484952852,0.7724548642543436,1.1173936242882323,-0.628062422635977,0.3920942377731235,-0.18306175993450402,-0.2918574942729965,0.6435610351776314,0.11560200156744316,0.041118274707891395,0.4334526069378565,0.13455609639712787,0.6796856320228161,-0.07479755782374096,0.7481282647495413,-0.3433390242433873,0.055482769381691305,0
-0.04642994225146606,-2.892970290473216,2.918662942035038,-0.7988279899329486,-1.5559089290896537,-0.9252235179174753,0.7952542487666319,0.7984157674543201,-0.42677019143579686,0.4254499959523455,-0.16114943099644574,-0.3762112965689491,0.7505867247333939,-0.21673340082372572,-0.22774407839811606,0.40903429592191887,0.17553130553841986,0.8397428760147707,0.1961757511011467,1.167188676707317,-0.21874757540271023,-0.05157656168643564,0
-0.035048897349666076,-2.8200692803199394,2.807362344994473,-1.0682648504374226,-1.709640736380864,-1.0120727571268764,0.7789860080092372,1.1815510599471861,-0.41461969701951296,0.5259857966686932,0.09300027300788856,-0.06572895692357648,1.4030616801003764,-0.7151825538695283,0.10224611181235488,-0.4910982523058077,0.26658612786408603,-0.8180184377220988,0.053004442077064846,0.36378506839821667,-0.016053163988828733,-0.4587955535963428,1
-0.18888203589467317,-3.2235537824185547,3.6813855592182465,-0.48473256610470605,-1.736957092222877,-1.1351034012785304,0.8242267683874125,2.0246957899462785,-0.7432091274554853,0.679216122723317,-0.12963864349904966,-0.35947296055968564,1.184905212168867,-0.6129192139930543,0.28388230141634235,-0.5281614256326668,0.09934409318101872,-1.3393608980117702,-0.515037997722971,-0.5332682630829506,-0.5268383278077745,0.36485889711294506,1
-0.18882450736225068,-3.3249046240956286,3.929601489356131,0.34143747412933567,-0.604381358303876,-0.17991904207180043,1.1568089249301823,-1.078262643496916,0.0012313967370606198,0.37840500551494916,-0.7715739434700754,-1.5340622434281908,0.617764015234628,-0.8372164733650803,-0.7773856754923445,0.3290574283611632,0.05220865144573916,1.088103223621921,0.3716541316579507,1.4349962600612616,-0.28536427872132697,0.6938537975302431,0
-0.19316834412314393,-3.4173016508517704,2.9121976636300744,-1.231546626547808,-1.9056271469239852,-0.9149409022139826,1.7578965797690438,1.6642677414442608,-0.530470844833126,1.4461131070355397,-0.36122386099262677,-0.45830189105287816,1.0818835307692336,-0.18911109833253517,0.5092529661254828,-0.5200077795420232,0.08272288391251284,0.008113945511152458,-1.3637951926580993,-2.1146086168112386,-0.47738494726865555,-0.1688289679028721,1
-0.26556649056326315,-3.917792577029985,3.9218201972367304,0.6272408854164453,-0.14930953203248956,0.4557114698239864,2.22986827527504,-2.550284845888668,2.5613834669675555,1.724623722237317,-1.2051624036092945,-2.09362134740788,0.488044259657058,-0.577459340316766,-0.32750528275275664,-0.20368124167569593,-0.09213079323183199,1.2356563045109297,-0.506381316814872,-0.5977687372023113,-0.10333658813794748,-0.185907293615975,1
-0.14184539746911823,-3.324302821239533,2.724098508418259,-1.0104286497285566,-1.394304572660749,-0.4692498733789752,1.8900703022529604,0.09575723252208643,-0.4285560198422341,1.1567687804796258,-0.6576773091216478,-0.9432692084652389,0.6138419099146355,0.12075487683917131,0.09750025292393093,0.22375222448763377,0.03385601890517084,1.6004052233752861,-0.6078178081145492,-0.5169837139870632,-0.38626913192541984,-0.09564981517918766,0
-0.11365972047030393,-3.2957640636407315,2.6234033110509016,-1.0174938214579778,-1.4294488322037522,-0.5036411506488581,1.927970767653349,0.19540408301363843,0.04694354388288199,1.3667638532889792,-0.6534300175552511,-0.9427053552163849,0.7847527018411645,0.09282992354622616,0.47624139265150367,-0.3095547050925445,-0.05323593377392878,0.3538462996465939,-0.8974706857239947,-1.311332229739435,-0.5651178846741238,0.14472862876780845,0
-0.06930754092673583,-3.1125000616043104,2.236979969420569,-1.622414096834277,-1.9605136405044277,-0.9016513276410775,1.7590802640407006,1.3346800032990733,-0.460008973638631,1.3825836417158688,-0.302465382291187,-0.3922587803084298,1.0113798450320408,0.055075359598026084,0.6153661496692777,-0.4088270684636825,0.018948872498862023,0.0869627784798152,-0.8908380402396942,-1.3780920084666655,-0.4968036631479652,0.03398714097026272,0
-0.03072829353183115,-3.0308727041219217,2.055964406406116,-1.7331977790425648,-1.922408892082677,-0.8337742258959704,1.7447396087129174,0.9998830514839987,-0.3621747590751253,1.346400124113396,-0.28897871433877154,-0.44219391338251796,1.075967559164436,-0.15054856644873416,0.42627133533511835,-0.38753059143211144,0.06158862026847104,0.2790493301053199,-0.5426798441237007,-0.8458327770555893,-0.31250043371641517,-0.16379874520693913,0
-0.17355769369904542,-3.4116274887758227,2.914526207580805,-0.8940243761442783,-1.5574575861483375,-0.6555230546348491,1.8908080375501497,0.9418429838195204,-0.3068528583346764,1.3851342180284347,-0.5717263378536436,-0.7771652398801047,0.6755018971310564,0.470965727320537,0.8393062546457716,-0.24037419246979633,-0.13148473389014848,0.003919536300443296,-0.8494694303728817,-1.2901685046016595,-0.7140568483219316,0.2679031109262239,0
-0.14947883373408208,-3.2697599177275465,2.8260769320680152,-0.6047513895160063,-1.0905769164137036,-0.30627038545507246,1.911096250338235,-0.09269061924051736,0.057831950376951775,1.196740957856707,-0.8339005089600924,-1.1604871523256521,0.11363549959127227,1.090459828540261,1.1565093875154795,0.2303210944357659,-0.3158344513335126,0.5480921216483228,0.36061883312945286,0.4650521763761986,0.004040984447549011,0.11680048646586301,0
-0.5480406756206825,-2.495385181020853,3.070068979359535,-1.3373867832044928,-1.5942186337065376,-0.2530480661959945,2.1260971148590206,1.6172808087872927,-0.8783754858189372,1.3249964640883385,0.30880205039733183,-0.11597193620517629,0.6188848296595353,-0.03606772114709296,-0.6758714839640773,0.37847089365112246,0.7019174835866689,1.0460818654304846,1.2481159167514002,0.5877703612663099,-0.12789984459464387,0.42929686320964217,0
0.05069964687225297,-2.916285006312199,2.683492385661989,-2.3171188110483802,-1.1441992961312242,-0.29427305781511376,1.0823138796771643,1.1330038311880646,-0.26608340616254894,0.5967683414312676,-0.167801931554579,0.030871298570698844,0.5906588290150958,0.23466414258845852,-0.6631740177885674,0.7044942479716293,1.175436645368541,1.8660583386223069,0.08274388424070547,-0.7355453590917616,-0.2138094642373568,-0.18675114422306116,0
-0.16845285722750933,-3.5180340105505365,4.118772459511634,-0.9450289080734431,-0.5796095231983329,0.0049442906835580475,1.3012213166870013,1.0771286897096255,0.10708667818510072,0.8607999552220204,-0.6984540518051207,-0.8842920062281641,0.13044814328814597,0.5388903121424967,0.010531193294057837,0.45033603849277387,0.7164475948284771,0.2788330932034698,0.46785618563018605,-0.6647262878049285,-0.47618237353512155,0.9501303742229343,0
-1.1584157174282015,-3.9770011691619076,3.372647776108376,-2.7920164074601392,-0.98428325529499,-0.6740083909571685,0.28564424912764524,1.2088603177918542,2.6182488683758844,0.7848348219198626,-0.31352918920571893,-0.00984528317619317,0.42718975834136236,0.7148258246578741,0.3572391595010565,0.09192825686867565,0.6215271908992465,-0.013332418376336386,0.04580967832660744,-0.9695109161121122,0.09560419533284618,-0.01510085879011901,1
-2.180491003317909,-3.662559543992943,3.5668349468143634,-2.3970874080985505,-1.7828115367201727,-1.3920366815825538,-0.1734264998300842,0.7214248525257982,-0.2824141503643763,-0.21274896179918262,-0.37091947954814464,-0.12914605323008083,0.4158596926860858,0.11373327990273822,-0.3359085094464651,0.47762423873703846,0.525218754579616,1.6827338004915993,-0.05939757315795028,-0.06856646454609398,-0.06594404270421492,-0.5569435643823641,1
-2.1390856203477475,-3.576457912888585,3.387338406671092,-2.371914698464479,-1.7265913259472918,-1.363029180082256,-0.18792759318026145,0.5657312500630058,0.0693778586370703,-0.1719989066425971,-0.4281089122730169,-0.15944300264709274,0.27789827273892304,0.4578553984086988,0.002298315236945212,0.43455981114927517,0.4420852552945723,1.2948119663423712,0.047903849848988676,-0.02927651789763759,-0.043651244225483575,-0.599663031615319,1
-2.202398449892762,-3.750227807161154,3.767098496065758,-2.2306340701495344,-1.6844551729343578,-1.3021410532071562,-0.14822722262350346,0.5720244870760554,-0.14224425710877006,-0.15711403989518558,-0.35120212709352894,-0.2467424099721272,0.4880207978151882,-0.1084754975871929,-0.4133528367998338,0.40276036063520565,0.4998802829107822,1.4636036633425227,0.40668488166260514,0.5416871366895977,0.004745005563902178,-0.5405248445406942,1
-2.2122129422285832,-3.7291682229022762,3.796897688060581,-2.1290704236299796,-1.489861687684745,-1.1452020094252977,-0.048559002825937295,0.2432104015237116,-0.21024601394240922,-0.24936588592006062,-0.3357683537211297,-0.22136454558705518,0.5499370157893205,0.07994727040671405,-0.16337848937200952,0.26084704678500265,0.47361079704946735,1.1452653390634844,0.4137559197771877,0.4456464826477691,-0.010793986827294254,-0.480294360873831,1
-2.1924345892595127,-3.696187910148521,3.6840954876786633,-2.1075461774609594,-1.518403821290751,-1.1942200324784198,0.010630703401284162,0.31679501421033013,-0.417824332983381,-0.25469423638556693,-0.5871116164036078,-0.47981735571936435,0.23379971424919113,0.4658183909033367,0.030381365885081085,0.4031202605684311,0.29554018031939205,1.0746198395440938,0.14364296011382355,0.08645045297129622,-0.40995310710545957,0.25813791354520504,0
-2.169550009359672,-3.811473027798261,3.8600963723883743,-1.552946302379575,-0.9506042972768876,-0.7436901201095901,0.11754780187056288,-1.1454489256790605,1.1623978754110569,0.006770523185325029,-0.8683225826895012,-1.0272062867735328,0.3643707433988449,0.127706554770174,0.165743979777302,-0.19187955015745606,0.2414874588841268,-0.15263624903225903,0.5634451852330976,0.21278446663331965,-0.05732391386122302,-0.4909398311347674,1
-2.1525786052856275,-3.651855684941675,3.6037774738312214,-2.041045206089602,-1.5815938474774398,-1.2839360856187993,-0.101801230804828,0.5856605641934691,1.2285239788469262,0.2640962273736852,-0.3829067435387795,-0.25703331835922244,0.4058056449214177,0.47333771644535305,0.737888552637367,-0.3118532978389381,0.18435362641654757,-0.7455900980858448,0.4474927278185002,-0.1443166579973512,0.06809202787449473,-0.16554456894831637,1
-2.0657075285064272,-3.3408645861235757,2.956589447474028,-2.6730504269712547,-1.7498888241386235,-1.3260139790054228,-0.022596025596323014,0.5630086243664694,-0.1877871821452742,-0.11856426524574265,-0.45630586584027133,-0.3021665917314003,0.6240709336231045,0.382424397882979,0.737248468488961,-0.4484295961261732,0.18775146409612947,-0.9661644361982754,0.48108763826002343,-0.1639756061583882,-0.17714244132650728,0.22360179033571792,0
-2.2556379226102994,-3.848452525705504,3.962501977752967,-2.3801960189992064,-1.9968399253528581,-1.5461401219575834,-0.12150877110349194,1.5631317341450894,-0.8747134229647646,-0.11809258307303838,-0.0770794519505787,0.07125301226352261,0.630269622923132,-0.13993219330463466,-0.4085907641622262,0.4416824918772509,0.461135285639472,1.3526656047556167,0.44170358051494635,0.6610598496601839,-0.37530381758050874,0.07376910844465046,0
-2.127802871409412,-3.5635626820421833,3.3004003917403355,-2.837171497071185,-2.091251008571557,-1.5427022612574213,-0.08214526809557036,1.2721756648940754,-0.5469751478766602,0.004660631088669899,-0.07935920502640022,0.0035968709713629205,1.1397980989573084,-0.653285659464451,-0.14852653758406803,-0.4769596494076521,0.43616186505557486,-0.38864351922782475,0.4034520819762205,-0.011263882293643656,-0.33577962274029893,0.11523689169025667,0
-2.3582005142920934,-4.386458456558188,5.168139062032181,0.04102193788200916,0.300937256649967,0.15636760257352447,0.5700946684718408,-3.3588045063438092,1.8432293865127587,-0.04933314050831291,-1.6913894559843758,-2.3229211278201576,-0.1295261110324871,0.33620315394749595,0.22976358052500587,-0.1276177144352973,-0.04161147468438327,-0.29857577720250367,0.8716640706591506,0.5328431975233351,-0.10419906233274291,-0.1898610862168359,1
-2.219630027301624,-3.75976990803912,3.822947978881768,-2.243623771251796,-1.744219369166631,-1.3473450608272493,-0.04264697292189699,0.9578683825923849,-0.8486654586642276,-0.21926515063504853,-0.3582872425714605,-0.2897437868318719,0.5105204672139537,0.11404402329693569,-0.039350221494037343,0.24942707706885411,0.33220601597983923,0.6559737438734989,0.5907945049373811,0.633223027656367,-0.39354312352467946,0.19980491864657285,0
-2.1886969020411957,-3.689436837154381,3.7629125244132213,-1.9415493538247415,-1.32884696270518,-1.049685072381865,0.012891862186665604,0.11609464561259332,0.1811564129180239,-0.13018028120900932,-0.4446098117679982,-0.3728295776561088,0.5169857073962264,0.554144594646982,0.7764120825047667,-0.2426735957457528,0.2216475099943919,-0.7631562821182992,1.0378292921004426,0.7096631973046206,0.1021517960596306,-0.5680208597195991,1
-0.7077807737090924,-4.572560594524775,4.777102153374848,-0.10036212551592522,0.0752066498562657,1.0164720884763254,-0.3446808354100889,-3.402487259054469,1.9408887104988888,-0.9654625881303858,-1.4882598822867534,-2.156335629342688,-0.8432409480330655,0.46988389393691676,0.29614779017926046,-0.544936646088796,-0.38588969190232886,0.6802159755026493,0.3888654655005446,-1.015833296158658,-1.042250436383698,-0.6721380790194549,1
-0.5988342870211711,-3.8120424156409523,3.5022803532460003,-2.13010377073479,-1.1206557943289994,0.26128994579746784,-0.6033205191939756,-0.6508756578472864,0.12968811473033054,-1.3164213289177802,0.7468317208987855,0.9354322426531415,0.6717938087552829,0.6806306527112469,0.9111234546641581,-0.971738688944014,0.18147623950693806,0.5355340112634706,0.7373752848950802,-0.39659909568655083,-0.7787429209130701,-1.2006644474648662,1
-0.699999918067789,-4.545043337178391,4.732681881255404,-0.4093246252564223,-0.1267206401081155,0.9513810558840314,-0.34821775526229704,-3.0540481999946154,1.792630960401535,-0.8757518174437317,-1.0394895960528325,-1.8154612442707592,-0.176844351679712,-0.40543469171638874,-0.05791024866444425,-1.02149226982214,-0.23619041710578415,0.18879504920661722,0.6989344436482632,-0.6663061725339243,-1.083744390372873,-0.47701486056987613,1
-0.5941278172996287,-4.065131364176813,3.715505496367496,-2.093658432210688,-1.8163682200019777,-0.3721921021453138,-1.0208061692731223,0.6957843654429732,-0.14403543278703682,-1.003163845596297,-0.1491891472658056,-0.25409500136606233,-0.12653301716456805,-0.00827656646098486,0.03857742419825367,-0.34774183209727455,0.00446290397747034,1.161233219923702,0.6905837682212598,-0.2546821844936586,-0.9886767985000672,-0.8243470746170153,1
-0.5843459472183649,-4.10092307562972,3.792313412185011,-1.8037781219143816,-1.4822859691629469,-0.07899167329969321,-0.8180813095979916,-0.21403718757770637,0.6317550193650969,-0.822263843335137,-0.2788037049571351,-0.6659431550159651,-0.12703254177866163,-0.3698695330481799,-0.2038499436894046,-0.5209792417709127,-0.1303766909104796,1.1084847462350453,0.7634269093846121,-0.17499334484955115,-1.140935712351448,0.19515916013430346,0
-0.5202409663991352,-3.8373199455829146,3.168019179894538,-2.50196782003095,-1.9485429611012113,-0.4577681095980201,-0.9711708072479583,0.597434654124517,-0.36198173796674604,-1.1073895850729318,-0.16796986739138184,-0.10474554484705023,-0.23825002475407137,0.2452583549351959,-0.0791471103859586,-0.12123500664956001,0.025879335168715933,1.965307996821777,-0.06937564992323511,-1.0972085142607004,-1.2453577160641136,-0.37720287997930135,0
-0.5225890459010406,-4.246595059038406,3.8149187522438486,-1.92843642368433,-2.3512394150394247,-0.8370347058119837,-1.3347730905334563,1.9633283621585604,4.73473828430109,0.7086909153106237,1.098013353206307,0.9423403083264519,0.23718068264754796,-0.48543823597017843,0.20287504587570274,-0.9669788317707874,-0.05943913598498739,-0.20413061229577942,1.2694701381585116,0.36616610430527347,-0.8436161316626243,-0.6552751749968222,1
-0.46994410863656355,-3.767419634556215,3.0580224519374073,-2.1746456972167736,-1.578072512834345,-0.21110410442240773,-0.9661353664292548,-0.22550897751158547,0.8185190890911491,-0.9577805780249231,-0.4295371169945215,-0.4041361305637558,-0.39322926119699997,0.6872530069598989,0.7110999368099067,-0.5559427595383815,-0.137884071266509,0.5132444920791717,0.3708867283399507,-1.0481505582675168,-0.7589231301198226,-1.117659136995638,1
-0.6249293822850205,-4.167888948713807,3.9194563326011167,-2.1878258664335917,-1.9956281435027412,-0.45133306685720814,-1.0023824758274407,1.1108708777310567,-0.21755611993053445,-0.8416604175217333,0.23010770893757657,-0.06568005735242427,0.15667852951178926,-0.6715237519587861,-0.49307235677154687,-0.28970919375925075,0.028407617601173,1.4941698622535324,1.4183652655033052,0.9794038056640124,-1.0759409149206636,-0.21872276879929145,0
-3.163011532108913,-2.204887477392746,5.162905018354198,-0.43455306357540774,1.7940618313537637,2.472711315038162,-0.2824086932610477,-2.833567513831249,1.7059231869397096,-0.6627339466815624,-1.5990231797148764,-2.2407494360269853,-1.3272868448672073,0.14527758006116784,0.2988401587292631,-0.5668084479016517,-0.530786859427507,0.5631583135566878,0.1655275400026373,-1.0466649910041976,-0.9186184278971383,-0.6951971671140893,1
-2.9626948990023294,-1.1694237936774539,3.297932465104759,-3.1028764215906883,0.3082851741551881,1.5884718431074156,-0.6373822342269442,0.17844572567029598,-0.24822942479612817,-1.0685645290234702,1.0832191909534075,1.399711646187848,0.5994323802863949,0.03835394556075432,0.6386620700518072,-1.090181153499944,0.24792467800184875,0.7346497295468117,0.5286281955825674,-0.21879580848310143,-0.7230826120251997,-1.3105040124986018,1
-3.249387255016021,-2.018819489280236,5.217413233554803,-0.9472505977470227,2.145291522208597,2.987308847881417,0.16079149990365543,-3.158973993783736,1.0302489668832455,-1.0609714861965924,0.5227125183669027,0.22252222662941573,0.6633536236211125,-0.22886933474708032,0.4524467425245122,-1.5063975293507474,0.0924327842524413,0.3892784650554158,0.4264091076745857,-0.495385615869287,-1.0353429287127935,-0.8081291898495071,1
-3.004715600452677,-1.5260962403062983,3.8004796134556886,-2.608118498971601,-0.06822339999095478,1.1292717606136893,-0.96022601421048,1.1421991700143077,-0.3097034142430287,-0.7796207493368764,-0.08126436642846521,-0.053514119044693595,-0.573931113063715,-0.0005085157573599445,0.30215557248012936,-0.3701496541571888,-0.11803169896032234,1.0200920426291331,0.5982364236932801,-0.08329287128420745,-0.8095939451319496,-0.9697071126163213,1
-2.9639766158252283,-1.4385030419277722,3.682127265894525,-2.317033663793964,0.4225057598047746,1.5447788992173062,-0.7194744133407308,-0.15966033237466276,0.28140357516901165,-0.7614706654148762,-0.4171225456023634,-0.6650548022708653,-0.7433303248376014,-0.0243308344829382,0.3387760560259207,-0.5299431169964443,-0.3299560366288901,0.8016732490607942,0.7434438222789271,0.011327753865342722,-0.9131832359367038,0.08711355560240487,0
-2.9870695399178926,-1.335746740691343,3.446507561225088,-3.015414269557147,-0.057281949569149865,1.1992858684761916,-0.7644617954250673,0.9550231254535969,-0.5985831744105822,-0.9520522857995034,0.4618110776552633,0.7608853639723328,-0.20275267295275828,0.19540276036413187,0.1840574850508403,-0.32718909500310783,0.07150871983264927,1.97391784184362,-0.28226690586780634,-0.9885826243724011,-1.1434829016465444,-0.5076169444434426,0
-2.934049443343011,-1.5322758252710285,3.627304742512376,-2.835486924096525,-0.4528370137391896,0.8602426730774319,-1.114605740617586,1.6876571220820167,0.5352002145903841,-0.2877973376024132,-0.015536961022743132,-0.20118585117622553,-0.2509546124192688,-0.8838428217251137,0.14788212292398525,-0.9536930868726069,-0.17932858746640126,-0.3676822619975277,1.1848977079859917,0.31388145606087775,-0.6806216313642951,-1.0298092460776627,1
-2.837527700990201,-1.0655569200760993,2.817009408423083,-3.1687146743844012,0.06157035575292919,1.3300338490360237,-0.87558405725669,0.11185874384288517,0.2750891403964591,-0.8753572883307681,0.12763327567331337,0.29860718116339735,-0.17811223115452451,-0.004388076850877111,0.41968678703030887,-0.8133729150331559,0.030665234163706197,0.8071566278361785,0.1543190207782778,-0.8325823284034825,-0.7187205753123393,-1.2266292203095603,1
-2.9583436542600823,-1.4858298857033883,3.649234396190911,-2.807900748803132,-0.2989398072690952,1.0044377005500924,-1.0327420050019458,1.3673575361204509,-0.4422225771241555,-0.6657508610069559,-0.1681125700324226,-0.42002560814817447,-0.6250940653593138,-0.6155906422728992,-0.21605862826384595,-0.2323812844989277,-0.20980824126425845,1.2247156536721786,1.3793808850638969,1.141921136999359,-0.871100338301172,-0.26052973822060443,0
-3.9580704334205707,-0.6707777104267089,2.716507248733036,-2.3363942522244048,-0.19135222633354748,-0.08130986061567094,-1.153450743376474,0.50620141890561,-0.3802022023966852,-0.11575478493495303,-0.6184123181187104,0.02762316810578878,-0.3687054428009178,-0.3817077039285081,-0.4626191729687251,0.7142506063607266,0.2662212350491265,1.5222756354948392,-0.7699011777378267,0.19557279796588145,0.44071972165735557,-0.7134392566412399,0
-4.033657457022503,-0.6009029116692811,3.041158401790418,-1.2382821899680045,1.119857517140065,0.7976524071091496,-0.6836570428713974,-1.3123444642967528,0.30893247424970033,-0.49363644076412,-0.7041127385012328,0.2584003245549392,-1.0611518825913084,2.5173961653038117,2.0605195282092694,0.6906073851472267,-0.19501778388778981,-0.014632770066931856,-0.2008918260879715,0.4395556790298223,0.780666462958068,-1.0242971929451015,0
-3.9858146196676953,-0.8143457345579727,2.92625155306539,-2.2793036570398124,-0.3616629262315034,-0.2564419071895418,-1.193091941542859,1.0837305983617749,0.09868763497439781,0.19225820620787284,-0.5257789742626366,0.1977564961489719,0.032679756457468054,-0.6618108321946846,-0.061620807330508565,-0.05538370783591298,0.2835416815976436,-0.20723100492711719,-1.218167598258248,-1.0359246424344675,0.48027323762675234,-1.2930484117201375,1
-4.0631932713236445,-1.1181710740234478,3.6523136378736387,-1.0646640892239487,0.8577388139450475,0.7102967648269054,-0.745255244360557,-1.5391384353506825,0.5321115253479757,-0.018258520044368936,-1.277121458730264,-1.1335947256195975,-0.4561279845978901,-0.5168265865599778,-0.21316938724009785,0.2101350539265407,-0.009480477136466499,0.05388106334477571,-0.1370549321215951,0.5947932519152259,0.38332871349736214,-0.6959717049835074,0
-3.9885620166146207,-0.6545719419187489,2.8799899920781766,-2.134193486374083,0.27659075868165034,0.3498467348637449,-0.8469590249979958,-0.1526175622267671,-0.3639006800272499,-0.20611421227339569,-0.12790868157240073,0.48657812346292995,0.3532218077216741,-0.238098408041936,0.3711278060859949,-0.1966833367006256,0.2404061142473017,-0.4826098927662038,-0.1360471429023091,0.5353551011615533,0.38782772786090475,-0.7439549792766119,0
-4.119335096658451,-1.1325379025723152,3.8047681369332493,-1.281813532606451,0.4430213783577784,0.3460255936489045,-0.9012694327890656,-0.030454908852988165,-0.1254783357500797,-0.015264928938295102,-0.8845657931936798,-0.48373765926073925,-0.17660786911524878,-0.30946427242093577,0.3526776535956258,-0.11757419193300057,0.05466576674553976,-0.918601247303729,-0.4121558539655776,-0.057646506432233624,0.35134023074604637,-0.8832825935455676,1
-4.057316760896361,-0.6213154634396612,3.170281233700607,-1.5851169674731063,1.2315129033513503,1.141562664050624,-0.4208094555354954,-1.8836903732621786,0.11168442935720832,-0.46947272878226143,0.21830678516721436,0.8140931444428969,0.6279157253759722,0.28589310370930127,0.879946473271524,-0.4761199502800164,0.25289088111555985,-0.5214684773819976,0.0025668988618784317,0.7042444048064955,0.5069257762587046,-0.3475048486328002,0
-4.0233696577323075,-0.7390700961871792,3.1740822058428,-1.6286709607188827,0.4333353088116902,0.3530522641053079,-0.961521003095663,-0.04084577898118673,0.12384414421073282,-0.08765925910329102,-0.694523107652984,-0.15092816836362247,-0.29640174909527056,0.35611049126590416,1.0722305333715192,-0.18151425483998018,-0.051313975804887405,-1.3462817534652787,0.07492832742707144,0.4458789827260279,0.7225325981520604,-0.7375417018111668,1
-1.6925858723395306,-3.17494523569873,3.0443125645325964,-1.6881473383794625,-1.6658156309971146,-1.413845822254562,-0.858964418129846,0.318328723386985,-0.09655782169757328,-0.44205913673178554,-0.14821187802959937,0.64988828844634,0.4800618864053631,-0.3804144408031385,-0.7202649292857496,0.5436175244941281,0.6018089643873219,2.0382576400521724,-0.32836413821223437,-0.2104538719354768,0.35087874615961195,-0.2570562405732667,0
-1.6240758189817261,-2.9611153540859863,2.7416890955643782,-1.2316352923398608,-1.0684940485332355,-1.04272742166109,-0.7517872654319038,-0.8143481619701891,0.2871392895489971,-0.6671510445637158,-0.7773854518523681,0.09773495462459307,-0.3454048846212167,1.3396851267199716,0.7610493434545694,0.6344291132024283,0.18667720934867482,0.8526953969326828,0.17860033500153374,0.05209247421984509,0.5832025695058559,-0.48694442373772895,0
-1.6131327790117638,-3.214501925713498,2.918635761222059,-1.5487987125476275,-2.0058656290599157,-1.779254612745665,-1.1264978872911118,1.1525674307079825,3.0185086059275514,0.6066433304931227,0.19174091015408598,1.0990554978768758,0.4788204009135534,-0.2146572911370118,0.00014213226963806443,-0.13519579954352476,0.4703543757083393,0.15038693485819718,-0.6629233837215772,-1.2313205219742989,0.46222765294970386,-0.6017127134533807,1
-1.7079754265055134,-3.353920477731931,3.479652877690887,-0.5363011128509175,-0.43486369529449354,-0.46276949360784086,-0.4381364250081419,-2.3585127925020086,0.7745825234518527,-0.5484597957330543,-1.0568162266632022,-0.7413777746332799,0.15741046206238318,-0.018605280284605268,-0.08622600582954135,0.059877634765539076,0.23574320759550724,0.36019425229336016,0.45481827535204333,0.31458389714252233,0.3511751182251119,-0.2392406329909877,0
-1.594223723545048,-2.9689150235248802,2.662413173810117,-1.5594593031181345,-1.3827313967692783,-1.1991123745712653,-0.7946219399298435,-0.3490793875471476,-0.06639530300938126,-0.5201263343735506,-0.6986470300485639,-0.06556289179577067,0.2717492597026688,0.16799890586869415,0.36784633627448887,-0.051566910937623306,0.24263107937069212,-0.36248883183984326,0.5178416414880219,0.19654154082398476,0.42517763484098525,-0.2588552077714109,0
-1.7352669107311602,-3.3590293342106,3.5224012246149212,-0.8621316995268293,-1.1026739814365456,-1.0533566024558907,-0.7403154765396651,-0.4033991394727508,0.13682241969216835,-0.43780680133683814,-0.8838795753624558,-0.3373464735963049,0.19867429874605613,0.12484498555764757,0.40240074255658453,-0.12965364702278454,0.22971458507396184,-0.6194193114350349,0.2503170745448749,-0.26790226606433476,0.3823538368489754,-0.4661280685089223,1
-1.670822826779496,-3.0556063720096067,3.0580008919422954,-1.0275787723060212,-0.7843638325210499,-0.7504214552867595,-0.5495728020516599,-1.2860476246387738,0.19343941170107976,-0.6417477215171151,-0.7090660159324521,-0.12857627469594066,0.19965483249353969,0.602565810851534,0.7627946144896939,-0.10573169495058664,0.14699703232712735,-0.4553564318769733,0.6939978774106415,0.35979283642011184,0.5788907210001487,-0.008203855923497712,0
-1.6906908940421417,-3.214718356750482,3.296313676624563,-0.9843413026506354,-1.2741692665251063,-1.2111104608361165,-0.865389738913515,0.06316592056589564,1.1108330360183702,-0.12971803361675333,-0.6172634490900303,-0.01604093855675199,0.08679799341952521,0.36473328597355203,0.7774978884411935,-0.1900023341723593,0.12367539098519477,-0.9514542755542403,0.5735192273997525,0.062025529041075445,0.6779692447814447,-0.16591268864965653,1
-1.1433360120256117,-2.4528912149645214,3.006692871129194,-0.49159807784809006,-1.082973894760063,-0.9419020157965627,-1.8310386099880234,-0.35115398129764663,0.6838095649569069,-1.5360860605343165,-0.641109943510374,0.14209792136371976,-0.9010329504888517,1.0728085806975223,0.2486960701972036,0.5007942907887082,0.24752581934829496,0.5612591842337853,-0.0321503173731068,-0.3590628790443439,0.17622200893703355,0.09978642193259783,0
-1.24613318207333,-2.726808298249911,3.6207440068161887,-0.5270521432837638,-1.0654429722920356,-0.7753138265994526,-1.7243464396622668,-0.3281159052924775,0.13801826482448235,-1.5107372556991017,-0.07250875350264242,0.3830154740420946,0.43540481724684826,-0.8606054694955118,-0.6206450134699225,-0.4691828568234375,0.6055476134602702,-0.39678823423115683,0.5927702584737888,0.27149657641728364,0.2733592659575083,-0.30454979159679435,1
-1.20279647726944,-2.6460219896906176,3.39140617561895,-0.7786130228872035,-1.3922595970598273,-1.0421145203064777,-1.8778968210273796,0.24082329748814504,-0.08047023954729056,-1.4452883253543334,-0.2931414943571128,0.13086324008531902,0.2834245787402973,-1.0564245433635222,-0.7062035904620488,-0.4540400805667223,0.5413187161514962,-0.5600824807348018,0.5622803202623076,0.13610442672423223,0.3072874231881526,-0.12285444531234602,1
-1.2363771293075554,-2.7034893001048546,3.555247542758616,-0.6072563357662574,-1.373709904377458,-1.081823480696531,-1.976805333169713,0.46358396929702245,-0.3473573171668235,-1.6064597636266837,-0.2769976648559089,0.27361061312769114,-0.2077585928559253,-0.27546402349825894,-0.5772183831497162,0.30651028850761347,0.522489983342851,0.5037840575478181,0.9736573922185998,1.1319663711760748,0.3739892781597787,-0.5018110330660933,1
-1.4144903781834424,-3.181074032368098,4.549021089195768,-0.14625153220627765,-1.6759789948645538,-1.4180649933826457,-2.0111213493812357,1.999067688748258,0.30289641964561803,-1.052042065125424,0.13549729518808284,0.7188897532537006,-0.12514887849241627,-0.5099708947771131,-0.6888585301315205,0.23633384710755131,0.5019999681738806,0.45202699124345214,0.14544606292076395,0.06301055763604194,-0.09656364067848452,0.4384270613654204,1
-1.4300996309980238,-3.4165291246021074,5.076687442403935,1.3444096258287979,0.13841436038887175,0.03292423206509579,-1.3546607795618788,-2.450602704227423,1.7715025443982437,-1.2137585720366773,-1.1913072519069812,-1.3595173432425718,-0.3950852636258368,-0.8110978334529301,-0.7007984657255653,-0.36619350209965346,0.18278253525177302,-0.5979415576970395,0.6498632602963043,0.21117964942885228,0.14213983940563188,0.500766163309928,1
-1.2480060250774991,-2.8258296367360347,3.7498513747958073,-0.43085032230430753,-1.4227341123320782,-1.1343131057545615,-1.9241827166926995,0.7484511203891866,0.648006033054494,-1.1489265258995356,-0.13792820506712794,0.31791963668061235,0.10099330857379975,-0.6192231966893983,-0.3131247990274676,-0.40778964476498936,0.42526916154526984,-1.0149907421561817,0.6774982157809677,0.27528375050798765,0.12248514343448835,-0.006068815132897727,1
-3.6084929767234826,-0.2963805278012962,3.5572356689849665,-0.4495210879039544,0.6710433865981347,0.47744190172037665,-1.8566622656176632,-0.13051628582403862,0.26005152388864045,-1.439489023943907,-0.9785023392765373,-0.13833332961977682,-1.7552567335746503,1.7691126185683554,1.0989127234955642,0.628928832620135,-0.18172737594882635,-0.14704941720242293,-0.31443201443736146,-0.15948064503921022,0.3925757122119837,-0.34282805358904894,0
-3.760347916185124,-0.5063846567632675,4.222796295684105,-0.8201419725790707,0.8729688197602251,0.9597232598042394,-1.486126811604402,-0.4521056978073232,-0.3677605720296686,-1.5746225975995185,1.0087009339278263,1.7084892343220837,0.9326481068501541,-0.786599211136367,-0.20830249777997983,-0.8280894804231954,0.7025185216059397,-0.4783966008303801,0.07197186115376276,0.5194151014502111,0.27659924006571107,-0.7827179084751299,1
-3.580066559925338,-0.2934593721061475,3.460710752944451,-1.2823231138659341,0.08225728650248816,0.2700707033563971,-1.9937793186332453,0.591650167817695,-0.25401315804530916,-1.265797428725907,-0.14356265372479884,0.3353144542915645,-0.037198758561791945,-1.0974879054916153,-0.4695318830161162,-0.5068429925806619,0.37156243931974914,-0.8283734643939356,0.16850963806716124,0.4291973643116258,0.38077730534351373,-0.48502744882589743,1
-3.6390556493083834,-0.37669079727939747,3.7514125163039065,-0.9247036196639189,0.3004285828536279,0.37207109855184695,-2.007274663282039,0.5425769122878472,-0.36426979930218567,-1.454607851957455,-0.07102330839769344,0.5611325556262992,-0.546398814059154,-0.04818607801395392,-0.10126806752336698,0.22409816373708066,0.3199547318900507,0.130635832161977,0.5933879397756184,1.4031103535002711,0.48300376986980414,-0.827641553801159,1
-3.795605751338806,-0.8559742250295981,4.624176869737326,-0.7059856963558545,-0.26192744654596506,-0.15331621327016562,-2.1428217590251584,2.3251862332938464,-0.97291125607864,-1.1261384575621733,-0.25599868579871476,0.2638719988471844,-0.5963963175637881,-0.8416944290680995,-0.7014134827971967,0.25737922859132023,0.2865814489532671,0.1746480801558937,-0.2597164983574451,0.2527670180724719,-0.03362937380956236,0.02196490765066069,1
-3.8246904420718626,-1.149143207660854,5.259408308508863,0.8877008734087654,1.4815541581865972,1.2000825505706754,-1.5369865906535571,-1.7974588509965193,1.0265818126588016,-1.0946850141718847,-1.448716363230282,-1.616129525888212,-0.9781409001416477,-0.8978389013261173,-0.517413872616515,-0.27636079062107416,-0.08057960993477045,-0.9507033311479025,0.27454357271916713,0.43781430402227667,0.2516507029329639,0.05181551758808294,1
-3.642279527905108,-0.5617782760032947,3.9193548679040258,-0.9811290972790248,-0.10654402094383232,0.046278991401166016,-2.090754657871055,1.3383060168872651,-0.370601434869909,-1.0892684791613343,-0.38992034302854467,0.01374562814247209,-0.31324131558684776,-1.0614104769957295,-0.4170087447877929,-0.38291314159166884,0.23667300296997992,-1.2279956194787804,0.23953284752897144,0.46293802135970824,0.1703434964528382,-0.42594193898874655,1
-2.6816042893280017,0.024894677951184684,3.2498073227706445,-1.3486830296131787,-0.13064413961455898,-0.1628369027350942,-1.4757272051611647,2.196414548250388,-0.6515235214855501,-0.6317314068309692,0.1723153314760986,0.11030150496909047,0.04614525391796449,-1.6091371068605929,-0.08129511641256094,-0.854067666911841,-0.6425045507035774,-0.1403311749473677,-0.9796627691967781,-0.832039187974523,0.07935401605973902,-0.5254487250229062,1
-2.692782402860876,0.171672351342886,3.249796950057628,-0.7174714075918952,0.9759748566476786,0.6935256217099884,-1.013417813294017,0.09677234059366958,-0.06247651034904494,-1.012269563370668,0.39951365370355185,0.48534508678608,-0.248421956817686,0.19116235793908679,1.12472659475819,-0.602290191620511,-0.8320244992927343,-0.047669175679265145,-0.2857127072976684,0.21117561746294677,0.2066318190341245,-0.5300904937048163,0
-2.8056986903602414,-0.4840384485737339,4.4281292400183965,0.7647696588606351,1.869519948848505,1.3578744450058535,-0.7667489880982156,-2.131588034895652,1.1656643624010048,-0.6911758346076936,-1.1309213576164052,-2.0181361481929825,-0.8507161983795862,-1.3433093738551585,-0.2841383675317892,-0.6048131665256335,-1.103281997091023,0.35801472109343807,-0.46265503422158855,-0.025043220838206898,-0.05345158863456438,0.6352189028225371,0
-2.743342553279061,-0.13714168746549382,3.767101758137844,-0.16887000182462295,0.9608794990044185,0.6033401532082322,-1.1205155001753884,0.24751603721314325,0.036666832915685496,-0.8314445614340297,-0.3914973281396811,-0.6387346200960663,-0.899667162599502,-0.09319499508926259,0.6966404952294765,-0.25893746734688283,-1.0487413313159781,0.16218086205373267,-0.35378852408511813,0.20821092054734003,-0.0817891579169918,0.08980482048768572,0
-2.7339692916154723,-0.05929257553210732,3.7234294913463573,0.03684660093853986,1.056054345704516,0.5687806409916009,-1.229509292716064,0.39350533035890245,0.3145017234106533,-0.8230711940990051,-0.7579044750511971,-0.8798088856026465,-1.3870204374978383,0.8614924432131988,1.8389012062013652,-0.3755574288810488,-1.3115556140107283,-1.178279072053409,0.10537405777314468,0.2662355564984491,0.5081895154166498,-0.6109254086068223,1
-2.637560566607281,0.18339040463491332,3.0316280832669884,-1.4587424006805352,-0.03140119087761827,-0.030150408134522796,-1.4672054119836622,1.9536561540714963,-0.6174974159982899,-0.7010145693048044,0.3667688480832099,0.23315591346648765,0.20896499703648957,-1.5706433615649924,0.16716755621577886,-1.033812284512793,-0.6677430921247055,-0.6648440373319996,-0.16193630579186255,0.20488562534590832,0.24509900916867614,-0.5146488114295465,1
-0.09059350588338617,-2.873036016743725,2.9191716086845148,-0.8348361388354097,-1.8813370848002147,-1.5916393722913433,-1.346347121557979,1.4737121317393778,0.23456591341309685,-0.8016597078254999,0.4464427597391884,0.39407623660859875,0.6251991556726615,-1.1668615893803367,0.1527210593395695,-1.0061687527542962,-0.5709807907820139,-0.013252968350036701,-0.8952444799093178,-0.7019134235423444,-0.014605987302726572,-0.4610990182248975,1
0.016642412861639214,-2.626520986943957,2.459731524746875,-0.47201309967024474,-1.194509609861321,-1.0760451342359336,-1.1688309750775674,-0.3294396671216718,0.8318568495785491,-1.0379216752457971,-0.10166069445040724,-0.2329324011282043,-0.1624139536782996,0.10607444322146246,0.8562620534888074,-0.5623756080596257,-0.8947258533349282,0.09937491785609216,-0.14282019934931414,0.3730755772030472,0.12001609379038154,-0.3773081093042768,0
-0.2333227712982558,-3.428111376832486,4.187184730076001,1.2884089658234954,0.13469942313783254,-0.044889387667413586,-0.603585001885004,-2.8978852003501014,1.78099827573685,-0.9166483191920607,-0.8903465661652645,-1.8071488483083047,-0.1740544860071743,-1.1110715207246138,-0.21380679728706728,-0.8027443611418774,-0.9953668869444946,0.5349153724434655,-0.4607032107763353,0.0025377515048943273,-0.2129793424051469,0.7327950533090815,0
-0.14306303163676057,-3.050533070360144,3.4127448511011074,0.29547308663999533,-0.9084879019844003,-0.9239751873221324,-1.0485696771803152,-0.290857766819799,0.8347267062686696,-0.9666960090041649,-0.2456911723407206,-0.5200778528811325,-0.3867970858113436,0.20101969274499168,0.7987833346836472,-0.3749256655247274,-0.9915518401607151,0.301907778312885,-0.30445967906618154,0.28654397695795575,-0.2047560160000651,0.16982661632322826,0
-0.1257088764311075,-2.958523672549721,3.2886435765851783,0.16948765790718912,-0.9748267929516837,-0.9889744857426985,-1.1503183646812778,-0.0774437240397706,0.7418930092714509,-1.009807404331683,-0.2607549595368855,-0.45991881696067427,-0.2939259852364759,0.2802143841135478,1.2286422209366359,-0.6666043666940654,-0.993557973267676,-0.5837438372198857,0.025027324242686583,0.3670192453662477,0.249834029292628,-0.5495965123523417,1
-0.07690372149212794,-2.8378745678810366,2.89586768092092,-0.8819010997265918,-1.8819507476141903,-1.553893191126808,-1.3662595013994343,1.4751010162355815,0.05037460617085248,-0.8324130486314072,0.50361712839391,0.3204955883805875,0.7596140958126034,-1.387057530422369,0.18456908063397368,-1.1479133834418056,-0.6019092402400126,-0.4961022148094965,-0.1409249389871869,0.24074244629878672,0.11715336763030008,-0.46625340227251083,1
-2.519828468299977,-0.0790770552389303,4.012411191608408,0.9142861043329907,0.5347354335315812,0.48279908717391784,-0.28130467554936284,0.9321042998219726,0.300327900497153,0.23524469523474464,-0.5968161998994999,-0.7572288947404433,-0.55090802192872,-0.6098621007913202,-0.1804818012368656,-0.1995937213160001,0.02317839463248255,0.028737340993501368,-0.6123639715234924,0.1738020851024415,0.12190908125569888,0.4131042086985484,1
-2.2932319928513256,0.6077880149391373,2.5447300476007926,-0.5769671082232254,-0.24413903615548044,0.014860896789384128,-0.5213483086757467,1.879627986799246,-0.6551381880316289,0.06472059551953394,-0.17887280926207438,-0.10435387602431206,0.11132753729845239,-1.0059928678259846,0.0457585555260629,-0.8060452175661038,0.18068380055252747,-1.0816337533292155,-0.27544837931878224,0.2550208614243104,0.38414398001857547,-0.01793359282002388,1
-2.3636447679164325,0.36607843337030743,3.0410268757776615,-0.008802202509304552,0.1122456025902579,0.26534985393519583,-0.40634510336157953,1.2533140658818636,-0.5896703926410989,-0.019887158779187845,-0.30425312754554623,-0.37612985760674966,-0.3773002165643071,-0.6323250667144074,-0.3111517953893286,0.002995523914257133,0.10285276201048145,0.3951132600822978,0.1837402290424024,1.4897791943713206,0.17276129749212676,0.3194198893928583,0
-2.4867681204896286,0.20688224308984093,3.511366504816803,-0.06457215316780517,-0.12502273174460476,0.050724002427511766,-0.34621904214688337,2.54054681710715,-1.3070081289199285,0.036906075757788565,0.13163859311193954,0.28111024089758246,0.33819222259999626,-0.8030137105964475,0.322802512341242,-0.9254187429080982,0.18566594881230594,-1.4476727566876924,-0.6353673389926077,-0.2658821681589374,-0.02691678182040486,0.34406983731417,1
-2.630892143376416,-0.3766779727858412,4.793998047941106,1.8109026490834135,1.7349365671682202,1.5366836344947652,0.2597496642957985,-1.7614642944912933,0.7904021762822623,0.056163397476736064,-0.6841787512447995,-1.37353585859278,0.049038297572570964,-1.5770731108188554,-0.7469238630197064,-0.7464649979361341,0.09994667212578058,-0.11443060326237328,0.10465949885066399,1.0747126639676121,0.31467314919446004,0.4951917009721795,1
-0.08787551331907685,-3.0994532232973238,4.014881892828965,1.6915703532578352,-1.2622649866504965,-1.1161132407326078,-0.3030981465861844,1.049607609788453,4.009228727248426,1.1431852786665644,0.3765201691859618,0.34185647697408006,-0.20359723525623505,-0.18895266891051327,-0.041042767495665655,-0.1467169948018713,0.06253242479935811,0.14362106459030036,-0.491857803662063,0.26703369211168027,-0.06669448369087602,0.7431617988105611,1
0.07788975662741131,-2.382609893300069,2.6026235456988043,-0.04837529864191624,-1.8803903255715673,-1.3846115073819893,-0.33906697743261016,1.5375145770808627,-0.22082041190011295,0.0064391384987627824,0.20574539428454547,0.3336561743698309,0.7198973770795474,-1.019166957997137,-0.13845355442218216,-0.7965895212506322,0.32769671619619245,-0.8501528221340152,-0.1982636474781095,0.1728439293568051,0.16013634206326285,0.04916531772948943,1
0.060397382904960537,-2.480060750220322,2.8359210460264084,0.5410232264526617,-1.3990323856528548,-1.0483636893099335,-0.2301799653864572,0.5788641697202683,0.2518517696897008,-0.07932572285446991,-0.029215941923071205,-0.019058312006679044,-0.0014597345676921182,-0.18120892291842988,-0.12494743750328934,0.039573071480145015,0.15016045285599167,0.4197946835651713,0.34959862208943215,1.465138536130293,-0.0025693791894031873,0.4504068097928673,0
-0.04710450323603487,-2.65935456892065,3.268127918515597,0.43231720131304474,-1.7630997893978178,-1.3650295379162656,-0.23943095782515025,1.9549497995883927,-0.797158681070059,-0.03895297036996203,0.03434273375219258,0.1410088948486784,0.5689085687859491,-0.7033792519413535,0.21401692816236784,-0.8378614476466303,0.18950158452360888,-1.385715519861934,-0.4937028719869264,-0.3627918621603383,-0.20507217958076449,0.5596019590060527,1
-0.14228756228830022,-3.2189797730101577,4.393900530846818,2.2384264654468202,-0.09876818217910749,-0.043354340807043396,0.2298862371620028,-2.0648307337954495,2.1958055324601036,0.2900908075084796,-0.7048137844738305,-1.4493166906838677,0.17284352077410672,-1.5423511435115327,-0.9460262773741087,-0.6063870433906499,0.08479639914231354,-0.015982813631487274,0.28004704219735055,1.0866216738924965,0.12621838743830335,0.7285379696226842,1
0.24080575383938796,-2.5731433346141945,2.705917883843184,-0.23868287262899227,-1.3839876195314553,-1.0826386832106334,-0.34923358519301395,1.5743133358974972,-0.3906957368291148,-0.0011985818622189854,-0.2386615983957591,0.23814688390877792,0.24750673116619218,-0.299473888282865,0.08378004549434752,-0.4839555606319027,0.6898591130511561,-0.4430967955457308,-1.1384797273091531,-2.177433078025964,-0.1374500749533862,0.08164905727243282,1
0.2808214196002911,-2.5805770858738986,2.694563359869236,0.13511658545003255,-1.0439611713702606,-0.8320924630815215,-0.43770015498005943,0.5853818738737037,1.0932995232810006,0.12803223163728555,-0.2100005180074261,0.18306741651317943,-0.3176147776831295,0.13866918060974148,-0.23719868686748355,0.3579582258458558,0.6970146387455002,1.2583133824427066,-0.32510615971070095,-0.4316455993795309,0.24331812677895692,-0.39443057469360804,1
0.1558610857565948,-3.078306074225124,3.719074502658289,1.3781082500076016,0.04955339734601734,0.04454173516709049,0.03240745230193984,-1.8527907702958928,2.4565656801089726,0.35397522536413006,-0.8269112348571633,-1.0793633396288131,-0.16009799972769673,-0.9541936810034154,-0.9204962250023309,-0.19946766820611705,0.5925769202270754,0.8822769606188572,-0.42881148141936154,-0.8046210249403265,0.16486763674253913,0.23448781137355731,1
0.31966969489696906,-2.4939815591727643,2.464962001638656,-0.22045805275397162,-1.2490959234243622,-0.9312115661741127,-0.4282806144378138,0.8403485385949481,0.8661614172122588,0.1945829200947006,-0.07284231213796699,0.27234050818267774,0.19217235974923924,-0.4739291577943635,-0.26842085288076967,-0.24378460389325018,0.7476918649183465,0.20556750729154213,-0.281969794990054,-0.7206277483585181,0.21579372914166936,-0.40246085824105204,1
0.24852714365125866,-2.6606983038331333,2.858690034074166,0.03349570156209825,-1.2673879395045093,-0.9921065955425629,-0.40319995400197683,1.3282428336542025,0.7093546171075714,0.26768771454345236,-0.07179012286425664,0.2704891079275746,0.14493141624102382,-0.3121105967771655,-0.005570468975454848,-0.3323916321888397,0.6568118322653798,-0.29589151924036095,-0.4151393102527993,-1.0164149182635482,-0.00818366699460105,-0.03908256597070049,1
0.3280362548407191,-2.3462543169045627,2.3925080706914246,0.05211151955554964,-0.6740583819880562,-0.45549218603131736,-0.19117357003145954,-0.4000334062185484,0.002032909559504024,-0.2723284163005871,-0.6077618473581629,-0.5103621965233548,-0.24306205184233395,0.01036679179357546,0.05615191446072083,-0.018068121500231675,0.46654739137909096,0.23016421919968325,0.5998061276001083,0.4640761270825692,0.32234688841475784,0.4335578754384354,0
0.5341281200336355,-1.959659989878431,2.232784463230202,-0.30242015771817987,-0.7016573831009018,-0.13817329914182955,-0.3834901238906828,0.013366079604144798,0.7478461645858782,-0.03953101212366098,-0.5488759402763885,-0.28631490189817904,-0.38400848325834586,1.0873912478421495,0.6718684887723133,0.10357380735345005,0.30631030237846774,-0.2990243146805677,0.23799744009032817,-0.8878372916163879,0.011373005910472182,0.2362490064726267,0
0.34445779650225916,-2.7243530529653888,3.605729240918951,0.24797389936521835,-1.5278991561982789,-0.9087750626122663,-0.8977420864883722,2.7006858591670726,4.379311984071295,1.484228070814717,0.9873732393023975,1.3283467155559128,-0.21533629575354762,0.29344089571495907,-0.3604769756145694,0.6872506586737595,0.6073468319162343,1.403402359479246,0.31061000638968145,0.0845769021122642,0.07656327373358673,0.016115909971028047,1
0.3396210224478294,-2.394189920768745,3.2655688548161246,0.21922345449289207,-0.8072537199213028,-0.30212440399049695,-0.29018971635355145,1.3107425226373506,-0.061039367155994895,0.09020182138558662,-0.5271352283310752,-0.3401997800686062,-0.25609769116511366,1.0053233531218972,1.0494643426097685,-0.29334652407975426,0.14335152701963738,-1.5904001348057601,-0.17893722248520752,-1.7858044841176985,-0.5690990678067693,1.3120053073111084,0
-0.11589645310953288,-3.6286642889702794,2.6837829833810334,-0.9773401168181786,-0.1815434679530815,-1.8720865760124845,-1.4467117794528663,0.717407742459519,-0.24959445634717567,-0.16895706407838793,-0.439590340322629,0.023480284031436035,1.8793559863199518,-1.6457962328933857,-0.030584776852360752,0.11451861495043439,-0.3573549985668203,-0.10175551001389027,-0.3838413702541869,-0.23282230698942769,1.3443886879119313,-0.37164563383271015,1
-0.11430542711530273,-3.7225562785825432,2.8852844776286988,-0.37114427698806696,0.3888566149637259,-1.4473413093775045,-1.2753793272094809,-0.5629823746175452,0.8669139172254445,-0.02772022587172686,-0.7922339300322906,-0.550797019029644,1.661398917766596,-1.497061239991161,0.18059524404112334,-0.07228400099821983,-0.5285515814771036,-0.6325178494118433,-0.24304864282543256,-0.22831087922037932,1.361504926191026,-0.18527870906083363,1
-0.07443581926591146,-3.458436271628902,2.431352687634344,-0.9696781901926804,0.05818358130790511,-1.6809366512838215,-1.3978930564667125,0.17973679362789274,-0.3084620157523971,-0.37308329027648124,-0.46814760322229043,0.06084977452114172,1.7330477296375544,-1.0223978275507966,0.4801662484055281,0.17565423892058832,-0.4294492361702691,-0.3280619185901338,0.08152291733802262,0.3363134654785526,1.548653658523157,-0.6527961968532014,1
-2.64725592387937,-0.7081504142993478,2.9499402758397784,-1.3930548837699657,1.2101565652119812,-0.735864093732997,-1.6786771573068513,1.4325819237766162,-0.5295402264913817,0.05302600894526613,-0.6748198379334037,-0.28139694692486256,1.531880980997839,-1.7970326046968559,-0.029249019895189726,0.005500065221292151,-0.32595120782686254,-0.1785928462715208,-0.5489121982242817,-0.20345774468831207,1.5533983637428543,-0.4127489918722764,1
-2.669371635103245,-0.856124854472496,3.279299034221524,-0.6620202083210696,1.8715313617056835,-0.25615163749875436,-1.464133337858672,0.01996685426721788,0.2908104276600126,0.09552193281969242,-1.1638753711447398,-1.0079647628418682,1.2524802124359486,-1.5758084845601494,0.2405812145684649,-0.15429484872948832,-0.528479737237477,-0.7704016929565289,-0.3960311013494091,-0.23207472204384957,1.594787396002691,-0.29088339349235653,1
-2.6444581102550297,-0.4622454669735941,2.7522532042053975,-1.3970065264800362,1.8051452807464379,-0.1930869987118142,-1.393570775438172,0.3476846296396865,-0.4202974431145527,-0.30177237240463,0.12353909459935661,0.7584050460090882,2.018974269842407,-0.9622245327693456,0.7096693395045045,-0.20073501796068094,-0.18200692579130617,-0.25221707158820705,-0.11194845569983992,0.4613560475722968,1.7288999988908498,-0.7213552694672947,1
-0.5204355758428856,-1.958064515158758,2.868332448721521,-0.16481768596993102,-0.6058753130157613,-1.707099241181852,-1.5771109663049123,-0.26533998744378146,0.4283802620999595,-1.186858170222446,0.3726032971910266,-0.6799606291202287,-0.22608658629183923,0.9768499617051046,-0.7596079074320384,-0.3592304517882996,0.5320083940065315,-0.5459243464513541,-0.6477025244626063,-0.36898847405204654,-0.002816065859269984,0.13313575530947463,1
-0.5274517520438535,-1.9153458659854294,2.7670921364138485,-0.8514469546326106,-1.1355535153237233,-1.9888734827655328,-1.5353909406295778,0.8256448774250272,-0.6472708802591052,-1.1460090314277258,1.0573548065355847,-0.07022531703448669,0.7427098565343109,-0.20388361556795145,-1.2651528409196682,-0.9303545389640417,0.7009423868750664,-1.1428645869750027,-0.34241814578131474,-0.023679262932569688,-0.29836229118920765,0.8132767413862365,0
-0.5520412432076138,-1.9405629493723673,2.874293477415041,-0.7912190525987532,-1.1625220902537206,-2.0304542268592316,-1.5663189963930542,1.0880240901928009,-0.8032711122983941,-1.1768232661480365,1.0849853670644511,-0.011601827584930214,0.6032116182634534,0.027356291788612604,-1.1632100725275722,-0.7555553758587913,0.6697992961401988,-0.9593666115898698,-0.2604458329435612,0.18227578639239334,-0.3301226500423425,0.9461404344647105,0
-3.3565029594274796,0.988004521770681,3.231229344497377,-0.8053065195037118,0.8029740969437706,-0.49311653132519384,-1.657119384116717,0.34755371240745125,-0.04309885841121482,-1.0226526727064522,0.577563084893554,-0.4183031253441317,-0.3091436279847114,0.3916371871439964,-1.0022447082414958,-0.36485484860666256,0.505491096029361,-0.5855711063237913,-1.0589854285405946,-0.24493241294737092,-0.08120837374907382,-0.1127647272967884,1
-3.329997666899679,1.1418715252399063,2.9572558424615685,-1.4067023279674093,0.42935043710753495,-0.6795476991027793,-1.6085919911132174,1.135565114975211,-0.718181684897502,-0.9817054207077227,1.1489987490498614,0.12184101534493944,0.3789568097208899,-0.21966617842605882,-1.0479406410974494,-0.8726179002947937,0.5489101365252508,-1.405630617765103,-0.5874712607141644,0.2404820317818524,-0.25616322731671065,0.5703756610403354,0
-3.4442070071100206,0.947018531756124,3.4697502751473492,-1.2629289969022186,0.4575121538459961,-0.6561584120012792,-1.5199813967375735,1.5465329000934565,-1.1700223379925678,-1.0485571111745067,1.5959743892179852,0.6537193176436329,0.6719971833698329,-0.24430528808642513,-1.1218761203229028,-0.8212361204282909,0.6728729798834732,-1.044286671615711,-0.6445434470529936,0.3468061593636671,-0.38024274635741917,0.6290603308957082,0
-3.8613558571429936,1.1655495555263968,4.093025885566167,1.2251132912077953,0.9989211617363356,0.6141146417317964,-0.7712606383868592,-1.1954017073333092,0.3002030675703062,-0.9722160591154843,0.05099243466444794,0.16352873045501726,-0.6574864887709584,-0.3856432014743452,0.6233303622572316,-0.22050658161193415,-0.7668486776477523,0.19619229910604558,0.2099825728593594,0.005708174375402675,0.13022244711714895,-0.8353266364258264,1
-3.781504557063955,1.153751624501017,3.889602805355827,1.093424099865978,0.5671338050057482,0.2566507173882273,-1.0236011054681324,-0.6545475158670716,0.5303133819893693,-0.6499136162750152,-0.6347245464798306,-0.8361094155256139,-0.981795976959748,-1.1486882641931833,0.24348533431274366,-0.34313456918477986,-0.9647505149031966,-0.5386696443903651,0.4616552960888389,0.06966122208456689,0.15328027030624816,-0.5336480925995931,1
-3.8147656009216573,1.260366554594182,3.676155291201833,-0.1930920528833198,-0.598543970671396,-0.5332196646560344,-1.2394196791532401,2.1307129707027093,-0.9007953021139852,-0.5848563065882011,0.9362196203447439,1.164960079623631,0.40090769488268335,-2.104226643923311,-0.163819097137068,-0.7899524129369019,-0.45608541984908135,-0.5891902615125001,0.28527951284821335,-0.01650595574674813,-0.03895356600761429,-0.7890989191465363,1
-3.7185155272028,1.5071662490484772,3.222853515839422,-0.16796766560871793,-0.23089904262341113,-0.21258955694326154,-1.1608134960356211,0.9773176028982359,-0.6344913111340539,-0.7473353872517304,0.5826901887639162,0.6916303291667242,0.2293504059940937,-1.8523314611460824,0.15728849059434866,-0.944008118967606,-0.5821996881496684,-1.0854966111294035,0.685205959109094,0.3257117597142801,0.15857789051327192,-0.7814287033868235,1
-1.1303907258985872,-1.493357220660914,3.599539635314229,1.6630852125798838,-0.9687988707108187,-1.0609884721979013,-0.9260827831658065,-1.218083767346692,0.9736108780825494,-0.8825179988013877,-0.45757318611313047,-0.4759301424563312,-0.5774621842438248,-0.4374667709786362,0.27682000440790494,-0.20231709061305883,-0.6353894560677683,0.48412025988576124,0.631957244423157,-0.23836750584494837,0.1666591342997344,-0.39562660147805145,1
-1.1203109396700273,-1.5328766406277006,3.650291722376339,1.6699126214689892,-1.0487128283230072,-1.0996377494795424,-0.9449477879380038,-1.0615233134797664,1.646615454442067,-0.5927476598081066,-0.25643432948616407,-0.39614854034607455,-0.3149983427421301,-0.9016176261438641,0.1910356113947796,-0.5567814304885287,-0.6418785213682922,-0.13727055956708853,0.8489032558634536,-0.08980659264165203,0.16252892789764853,-0.16580198839098964,1
-1.0726453913058913,-1.401518282880573,3.235340399609283,0.5595507511073721,-2.356897082366762,-2.08558583232734,-1.3724506173380615,1.8713302139397634,1.617771629022808,-0.0934874396166268,0.9060768798617073,1.1112953447392249,0.40426607241036594,-1.5267304837090316,-0.0018214519101453926,-0.7967581708784935,-0.3815335837845868,-0.4564379791771006,0.7994144880098923,-0.0940179086965182,0.0720406144467461,-0.28850997257381655,1
-1.038239304717496,-1.2007498619058619,2.9267571931662464,0.37397691178267906,-2.0155312056135766,-1.7345959007494378,-1.188372813654629,0.7689771189109907,-0.20864062495860244,-0.7899289775459851,0.32982436451526737,0.3851943348500572,0.5283914960232196,-1.7518312412437718,-0.04387802746563184,-0.9959093780828465,-0.3833471366262306,-0.7805646158501751,1.096815965566409,0.08529286841304293,0.19453271755001972,-0.44769291747308787,1
-0.8265040215566667,-0.5377517831642419,2.156667683648978,0.6332909481666198,-1.666945651618835,-1.833164213601268,-1.5007371864914414,-0.046934502572044796,-0.052951421782623985,-0.6214548427814719,0.18397660780502295,0.43829238932552567,0.3542047655933802,-1.0770169390792168,-0.709887214863455,-0.609197871119765,0.23532863837988477,-0.12824709133542062,-0.5685182096795736,-1.087435079798351,0.3658181718742342,-0.2598784031957138,1
-0.9380107136970252,-0.8184939921704081,2.881696763377504,1.685937462644369,-1.2140020212854468,-1.6757789916572428,-1.3450359048672647,0.011080615095626982,0.8527821799426859,-0.3873050181332012,-0.0697548864785862,0.24881945229579797,-0.6611403291119897,0.8129581722944117,0.6898272934936557,-0.166667833507525,-0.3028633995961595,-0.8249094701404257,-0.3328886501402112,-0.8786104664043423,0.06138600469912312,0.6192240788733743,0
-0.9514712611505963,-0.7197561223468251,2.789334517471995,1.4479059734148902,-1.0662363160791015,-1.4715903519190436,-1.2778524248103718,-0.45611902761012957,-0.4203407796881639,-0.9310968454872799,0.1619070506402435,0.5358591149598637,-0.42789971962745815,0.7427168597821551,0.24682523824653962,0.2266226506846405,-0.053124980067625956,0.4927927035625529,0.04963952131106661,0.119892722348591,0.14988121387927023,0.16778765266468534,0
-1.0020384397412523,-0.9212838587504415,3.2929328676966394,2.0932682463312835,-0.9907125852560198,-1.5386820907293681,-1.4828392220371034,-0.04242512125115959,0.6993909899656138,-0.5756335830727417,-0.1405345093767972,0.10284551841251266,-1.0844533049039964,1.2614548539305634,0.8306388666962108,0.3890477343840241,-0.3358244668637594,-0.2249498697396486,0.7951856510197949,0.9370749583998694,0.523067595246295,0.07578525522063218,1
-3.395012260885882,2.087337600609436,2.470157313001661,0.18774050803669665,-0.07187321959160403,-0.44305529044935255,-1.546361395109774,0.12527194609518205,-0.3933541486483653,-0.46267500008806467,0.4191943899330308,0.7115519051985498,0.20583370512189475,-1.1397241436435022,-0.436082391268455,-0.6813381259881202,0.11334553249323043,-0.366756784209979,-1.0515498448150131,-0.7797544033862951,0.391949955258094,-0.6826034446058419,1
-3.4865515034848453,1.81268646216068,3.1292758206435054,1.328575239971328,0.3626985385588683,-0.3571291270577212,-1.4614335017430862,0.1346594517969798,-0.1115187264847276,-0.381201098208323,-0.5965076113305476,-0.33689516634874767,-1.3663429978976065,0.9801514759479701,1.1210503592222258,-0.027350524826356613,-0.6384693930034497,-1.3223396308858895,-0.6708856843805278,-0.5650024063839832,0.20126599005979748,0.11630447788366695,0
-3.676669712113464,1.9198739378616017,3.5447086186105285,1.0336590949819844,1.2306548984717147,0.6097490780305987,-0.7759262251960025,-1.071280087143777,-1.0814202850830408,-1.1925033805288574,2.2246813030895,3.059359542181683,0.9009363274035561,1.0633723600809795,0.9709863037062776,-0.41049504925945085,0.327920357424065,0.5913358924148258,-0.6180391892655536,0.4543619750303885,0.04428351206261863,-0.40361649353790124,0
-3.5850160655574483,1.7403214065889674,3.6394580745444083,1.8834628662903161,0.9086957071592027,0.04485412351226673,-1.4290336227912448,-0.3499949640753116,-0.07322678669143569,-0.6700121148054692,-0.27367228980554537,0.03862566952279583,-1.5814771806193062,1.8933986291358138,1.6785961344617735,0.4041439646407593,-0.6266248079517504,-0.8118418761340818,0.44810961110369174,1.2465334597649629,0.6630091379598152,-0.41700813737581305,1
-2.955483941627084,1.637055241029546,3.951294870844909,2.347068991833103,0.4580705888814876,0.1704109957354296,-1.1173192735834143,0.5672776194622271,-0.5498160676067331,-0.6378532616439505,-0.3532098850182784,-0.3575244908821721,-1.0451883287985917,0.32404429287073533,0.16419632223630523,0.1155815233005927,-0.0809847036381475,-0.5366109707635773,0.461497568539378,0.54894636944677,0.18299895522846746,0.5905601047847202,0
-2.684389025335118,2.325082214354563,2.2538949590444433,0.4728502970553076,-0.589798749267378,-0.4356254666236396,-1.3999455114012835,1.4441532482780601,-0.8223097487292601,-0.5547152588307858,0.34705530719071764,0.5734233298948553,0.10840507007159181,-1.2202985553801333,-0.7529751554281863,-0.5947924159582223,0.405505658086175,-0.5087433935048461,-0.18756381360969177,-0.41873991328221627,0.3177655896567569,0.11378540261221988,0
-2.8085697181650455,2.2645931080023742,2.8845843689015984,2.1160658263693146,0.9178414518412251,0.4602101741439479,-1.1242809975644945,-0.625674339823561,0.31118033107212184,-1.0256809550255903,-0.3588762188834213,0.2636873357962352,-1.6966967298146567,2.501520663849788,1.5587963168017243,0.5070253418854407,-0.10083968261173328,0.09586927538258344,-0.21169028797692738,-0.4056815629843509,0.8568903050943744,-0.4331870432740917,1
-3.020018927127009,1.688587480289568,4.092943098138429,2.1362464125282625,1.1807048196574876,0.9988504648588684,-0.6119468809354103,-1.2823494740639994,-0.3094004627547176,-0.915322118272437,1.0768157543690349,1.0982268807821585,1.0085097719867635,-1.2027815765356349,-0.6062735692902838,-1.1142924381341544,0.6555628379414296,-0.40624453243099573,0.13264293445796516,0.1320810816916721,0.394636355719948,-0.10680036746182969,1
-2.8747297722036618,1.891002496404806,3.5028436602524096,2.2779483525556916,0.6723313457362897,0.34169737006725,-1.1039666968191741,-0.15277705218314175,-0.16628399128053026,-0.7316536474264721,-0.5547292996114075,-0.5517317508313306,-1.3096889581038347,0.7395816386742261,0.5019862265359667,0.16072703506557431,-0.18704449629466452,-0.5719205836700615,0.7265467797251256,0.8040858760999329,0.535016496193131,0.5520159466722151,0
-0.32184048344319965,-1.1350224220566,3.5227015584915358,2.7479139141501046,-1.1109079464932134,-1.090543263754585,-1.045664969565123,0.032511815793981755,0.25952054104416716,-0.6518549251521748,-0.10199623465276149,-0.09688700330811424,-0.6730363102380218,0.2622785713029875,-0.09593227543622371,0.14029904635954304,0.05387992262450417,-0.26386879752735876,0.8038988705345989,0.46793138511725507,0.13499254851675102,0.886779398220578,0
-0.07281680913965244,-0.4754721385764848,1.9290913778699985,1.0225113662124163,-2.0689997669834583,-1.6633428712864684,-1.2983011183690125,0.8887681456829578,-0.14172148187904485,-0.6262501640987681,0.47670813768248377,0.7476352712669799,0.30798882819328555,-0.9357740262426463,-0.7212803536996196,-0.5169767742201814,0.45519365006585444,-0.41739827470297525,0.15838524130312148,-0.5808304994852326,0.30278615357208183,0.4114985543283596,0
-0.16418107518143882,-0.6344746608717597,2.50127757521584,2.3151260239967377,-1.1648555910443907,-1.208920093548513,-1.2694554923087957,-0.28290320039467814,1.0310988258106477,-0.7926627685204581,-0.2954646244832165,0.20418047946537093,-1.3436130816315317,1.5989591621763444,0.5816980308920641,0.6187625436745554,0.0741900521398876,0.6192321827404556,-0.01182511895687023,-0.6047787491960593,0.7163736149810848,-0.08558152979337119,1
-0.23317678462749916,-0.912027515456374,3.005946578024918,2.185511069513751,-1.0344889192014006,-0.8568537628560233,-0.9872968883632651,-1.0102275477829024,-0.09545882393542823,-0.8824581502263663,-0.042737407676681397,-0.19655457131066723,0.2700543421405149,-1.2553716201108966,-0.9689609889067546,-0.6053908518213245,0.43189076464782933,-0.4321523173440752,0.682405031354537,0.10465009335418249,0.47351145585486926,0.12146930924654696,1
-0.26446653974123663,-0.9192815985491576,3.148221258321774,2.5882494292690006,-0.9879109879967876,-0.9779691268714052,-1.0267008939120574,-0.4696347101036574,0.04151856661913475,-0.8564842692358516,-0.2990665025509251,-0.2812918216328264,-0.8057155691931884,0.46228056775743803,0.07400751700990292,0.16979136320189467,0.007120527027822058,-0.21887553619177455,0.9714521666227206,0.6074911258305419,0.4231860608777807,0.8179726526070894,0
0.48173476196100884,-3.807877227848453,2.149441366185848,0.021216039514998047,0.03014895362529158,-0.4020126264208608,-1.044032480539367,-0.5910252276211695,0.26241756783253367,-0.34366770440485744,-0.20006132742421903,-0.4905486736067962,-0.6260057908941493,0.7260699974309557,-0.18254325459183676,0.11070755077849131,-0.09823343000800142,1.254082476112929,-1.5325103668896223,0.57001535387696,0.3715782924536366,1.0871156373925135,0
0.5188852761321661,-3.6491720052270593,1.8186407949087564,-0.6179264303358156,-0.45208236283635783,-0.7103911028029055,-1.1556521327614768,0.28323109675741426,-0.4260088911868289,-0.3558510089200524,0.12278765720519044,-0.12684453977081592,-0.1315075789152699,0.03405139497840863,-0.45717500775878184,-0.20221248885402,0.04031222196817699,0.9879590980006376,-1.5020356657080365,0.5089980307889579,0.4457191085008134,1.1936206518159416,0
0.4745559638891458,-3.753869659624528,2.1393120870353983,0.1549696510184825,0.14520554383060857,-0.3643836065378129,-1.0101326497989878,-0.6507229385997328,0.36265430587703945,-0.36539965320783097,-0.37139212225531587,-0.6002126186612845,-0.903551127436093,1.222005124543359,0.28489988524527504,0.1154194153257263,-0.24517274119723584,0.9933147067202298,-1.7109826459179354,0.14949246892630558,0.48752792189182453,1.3795918720035045,0
0.28618305372874997,-4.194940531083896,3.0799812801456916,-0.04569193147432678,-0.7238284032878609,-1.0275417489023266,-1.2146483953955074,2.170332389937676,-1.1535810063992133,-0.17103941775027964,0.4594487901850393,0.20481406402804497,-0.19903039866980707,0.22293096595996056,-0.2269958877410487,0.0018661596189492222,-0.0639620517757658,0.658876840081998,-1.2574135387440226,0.9613045296444098,-0.005957017930451299,1.8488787502155317,0
-2.1897568759382153,-0.6774638801362175,2.48874459274625,-0.2142041546395129,1.2900236187689935,0.548672770682076,-1.328274280818203,0.10794110407151321,-0.12656267254992745,0.002376069399700229,-0.5280689980307114,-0.7888631731687193,-0.8813451636953421,0.6138117703407507,-0.09763415436850105,-0.10346480189348702,-0.07079087636610681,1.3376199927409862,-1.5592996110172737,0.5411692404438163,0.5055500640874206,1.090839617447849,0
-2.1419248061829603,-0.4775342086104016,2.108341372026296,-0.8270982789516712,0.95211626023617,0.38042575571580206,-1.379973806811453,0.6140971598073263,-0.4744382019101553,0.006107521092728261,-0.05876868488152703,-0.29282935518408404,-0.25952878904430615,-0.10693133000021389,-0.38623380774670035,-0.5076021323186282,0.10842548443591657,1.1227737955523605,-1.509038864478563,0.5450642417072734,0.5813737080883419,1.261850431678864,0
-2.19890224786416,-0.6127041737073959,2.501581670234617,0.08961890030217633,1.582067031780719,0.6988062622709399,-1.2496283858155568,-0.24957431267719465,0.13803731482364318,-0.04683902679105728,-0.843512479805945,-1.040934179701748,-1.3553584647337409,1.4696919815128722,0.665368799958693,-0.06495495597024929,-0.3145583180776206,0.8984827056574888,-1.6552714342841452,0.15181229167662819,0.6860339493577864,1.392750251465012,0
-2.3726084678567143,-0.9873434600660785,3.310471880392119,-0.33053224677179405,0.6570087741943991,0.044494022491438086,-1.4411159084074185,2.5673141411089233,-1.6035074295459468,0.0699116521817632,0.23398409652562965,0.040235847675206174,-0.35062541671511716,0.215045554398936,-0.055467878679160934,-0.2630209646118743,0.0013699913840730688,0.7572923753766234,-1.2210416872093497,1.0361879921985295,0.14444677609008885,1.7906700719594124,0
-1.593071698346987,0.16231923446317809,2.4387633258992407,0.06889072529204998,0.008470899306654673,-0.12404909780923448,0.1313483219076891,2.2152481292817807,-1.341060915607219,1.0745496049814551,-0.6696601402043247,-0.005373368583023057,-0.21543731277507516,-0.024838268278551824,0.385899431625391,0.7880336117641857,0.8408468414505724,1.7162174823740597,-0.7991235005621461,-1.1894739076131107,-0.6235924895594767,-0.2627197294964517,0
-1.4134497122995386,0.5357511790893821,1.6159466479378666,-0.5458715160796284,-0.006824447015687642,0.05053575755823197,0.13893999581911087,1.3747990659626412,-0.7754407960317449,1.2110490590953937,-0.49254248106184645,-0.18093184628937473,0.6178667822967386,-1.3192743064336279,0.1752081947705586,-0.24098456842390145,0.8873935806124149,-0.026812507738011304,0.5759088939783823,0.13875441207892952,-0.12130687076940641,-0.5327972980123818,0
0.9815544022967347,-2.847216227470939,2.2678080207511813,0.45933280956032935,-1.2480235968507034,-1.2676748047596673,0.3093810283991272,1.702918334402958,-0.8813318573968366,0.8417059853245675,-0.45345575545129596,0.3500056470147708,0.18520216605656747,0.00015054027939213438,0.42447374666860643,0.8782774670956975,0.8857124569334035,1.7890317878322486,-0.7731333801164092,-1.2515269353919618,-0.9708935365276171,-0.25010560200468185,0
1.1387970785744288,-2.5472099974656994,1.570635873979472,-0.13681216241955987,-1.3274233535718998,-1.149283665864471,0.30591691604057114,1.0553288568860129,-0.36997126428924915,1.0147437885574593,-0.2075757605746977,0.25152721574090725,1.0789583214108762,-1.39929525069796,0.12036855109346657,-0.13220949871304144,0.9623493250305823,0.10643487838751343,0.5966921706157107,0.09706121702609292,-0.4762742794028869,-0.6179739998826451,0
-3.1839658630401173,1.9545766641622329,2.393675439550207,0.8320844188624366,0.7060320922160754,0.2022275673494659,0.35818026594588576,-0.2091230147580491,-0.06395348303413101,0.5651210053201388,-0.5986245917657482,-0.6660113395237014,-0.580090666194802,1.7261690793040705,2.1103019969574395,0.09186313168683656,-0.7480747942727843,-1.2509959663498698,0.06035540541117526,-0.2951283160114501,0.2432911598003836,-0.10031119673734769,0
-3.212208117380257,1.8996282440757004,2.5724719019538584,0.873102475947042,0.8170387777412221,0.35178177451726944,0.4396285080946528,-0.42661425741441017,-0.1563921128827399,0.5524142085462381,-0.38835449495167845,-0.6131222806955305,-0.19828814147647061,1.1707988568114713,1.8313645226048334,-0.15639851199679008,-0.6703343186499054,-1.4018119235615458,0.42420615481789664,0.21170210755551339,0.23969812588861045,0.10132767830868378,0
-3.285269733838244,1.553364151913672,3.114022205591467,1.0703490504477053,0.6131565994591175,0.1818004579956029,0.3597638520348654,0.024541445143748515,-0.31776625083913845,0.7299198361443568,-0.51866005379127,-0.9491137261050728,-0.14453580626899026,0.3518565128688557,1.0718491034427604,-0.0050027758942792246,-0.6109342178969207,-1.037786201826401,0.6131860638324307,0.6281544626421933,0.15589464726737584,-0.09902817039794846,0
-0.5594813270835776,-0.9893449485434888,1.9829759366276516,0.9453039160747962,-1.3420206112953916,-1.4020266195005655,0.2158639551450618,-0.1814036588350892,-0.09015787477142224,0.5587114583795612,-0.35005387249325376,-0.5340823987509933,0.27085710611394803,0.8598995550797576,1.1725314140660126,-0.10270109775101559,-0.47412675584086017,-0.5699665433451674,0.11759708842967861,-0.4671150244532216,-0.12231290441926758,0.15987326279265923,0
-0.5866266364715316,-1.0836145685149408,2.147816217231775,0.7722184648815146,-1.5074641928483645,-1.455148068559741,0.20068770055418064,0.07432795021192821,-0.6214505734345971,0.5442521313670557,-0.13743102385905875,-0.489037401544644,0.7506486430544536,-0.08768417628254828,0.5387934360804507,-0.27506769997125047,-0.3191214125228594,-0.5063337656268031,0.5468710117934664,0.20015596585212672,-0.11355129324738487,0.11080520198955111,0
-0.6727673588037689,-1.3423337798572283,2.725914850020071,1.3955241176208024,-1.1182803585894456,-1.2017744107249813,0.3277916892802282,-0.44124040701560396,-0.30830781588255585,0.582558137577864,-0.3436191411192132,-0.825036196393378,0.5198040423904903,0.14505226842330535,0.6836050303274405,-0.1711265472198831,-0.4428365389408993,-0.6063448388845868,0.8251718892028228,0.5579310422970688,-0.09060800941986286,0.09509720804718841,0
0.9573642297497962,-1.3188272116261799,1.72350098926457,1.5584488025075867,-1.019597451078344,-0.4711128741421867,0.22863042275430578,-0.6012172406875379,-0.12161075156247546,0.5902401091845738,-0.0770776186418817,-0.7138838821175593,-0.04309405029602022,0.3613417446714636,0.40336678432522904,-0.08664617853974232,-0.4824640800790798,0.4051002177007484,-0.17088385309093077,-0.9412102886112541,-0.25287368162741636,-0.025674891754918088,0
0.9148672324080659,-1.4697258437177456,2.054071148998557,1.4676344028083121,-1.2725242769115308,-0.5838674317801869,0.18373527796136427,0.1656884116957542,-0.756540100348715,0.6777039524412944,0.25723279792368436,-0.6553739943469509,0.570660964326539,-0.6309865821694579,0.07169039044058616,-0.5529330980726644,-0.4232590555199443,-0.612804959869693,0.7598638609353158,0.23211807595051823,-0.48304145237618173,0.2957979698076685,0
-2.0041331023889106,1.8580281396807699,2.3382842999649927,1.438468434810361,0.8804006271521038,0.938856468761182,0.42029924433348465,-0.3155308866802725,-0.09006853191037874,0.5479333546876388,-0.09888733990513156,-0.5078749231320199,-0.429616736862465,0.8789675707002186,1.0732816350460046,-0.17043354915114559,-0.5960557261124467,0.13957416523851618,-0.1821118718665537,-0.9549489994884334,-0.0181555893766155,-0.0005081378270213606,0
-2.0456889853593445,1.6505582661812441,2.730983568925878,1.3418996990872036,0.6536226790100764,0.8997621688050508,0.41005002073337404,0.15644466324981154,-0.5473458592597537,0.707198160988547,0.26986817429465815,-0.5777476262326723,0.46010575824740585,-0.8540934174934507,0.15087374673526052,-0.7932815095352718,-0.42521925307742847,-0.6169747244733307,0.6145024974778542,0.12823706834235965,-0.3443494312207932,0.5322532407487813,0
0.24960932151004306,-1.5963007249802368,2.050827164455189,1.0442560204937057,-1.0979893713643212,-1.155967672284712,1.5514538831713043,-0.6446429403240203,0.09034252010989524,1.2311129220462447,-0.4718319163484218,-1.265857813834621,0.583356653795464,1.425525847867259,0.27754787955447774,0.1502934446300482,0.41897273434213794,-0.9892413858870329,-0.14650818700803905,-0.36723276264671456,0.26490180513866474,-0.14916542144050135,0
0.15021698931227656,-1.8358049896827129,2.4310729497024584,0.4439345729172213,-1.9686100967614502,-1.7674721391129422,1.2498871155769142,1.347302160967051,-1.2424313959475501,1.1995590426262306,0.3848496963837663,-0.28873515425793705,1.0982099281795463,0.3357769106841907,-1.2058699158664894,0.8950921038346089,0.9136686705821029,1.3792223027470647,0.006372239037333664,0.8060267910556328,0.09141006888357192,-0.569465037834456,0
0.31740958487982684,-1.4832595735280376,1.6112027915222928,0.43101477250739084,-1.4618347385140553,-1.3508890629335975,1.4717892389971998,-0.46132838001778653,-0.3285846053309056,1.16106561353312,-0.25235081825818123,-0.9564460966336975,1.04454842544363,0.6675707181386517,-0.5614713107901741,0.14096043857100884,0.74488237153211,-0.13582717822744447,-0.8076535799386054,-0.9768973630225891,0.0067332656524221835,-0.5388179085142666,0
-2.4945450523303188,1.6604276228418078,2.2397837206836653,0.6520190564242303,0.9168083542134277,0.40429937899846047,1.678156544247254,-0.28430412901252405,0.18032861067837222,1.1790528767567219,-0.791124493215989,-1.4916016094868985,-0.2619909076587731,1.9660219322249792,0.8655853668651987,0.30763817031816565,0.20680495614672828,-1.433871614068901,-0.027731203413945534,-0.2789554955587527,0.5842106441652637,-0.15875903394467988,0
-2.624630796790186,1.300840742566773,2.7864815828225455,-0.09926985837989945,-0.19671065377733093,-0.3599707909962299,1.3388796668044136,2.1622334551680074,-1.3812212003493105,1.2330377083460282,0.2988820797787647,-0.3281663754418505,0.6223923475116023,0.1323197290543344,-1.2208004825140457,0.9734614978108507,0.8699543807379891,1.2653184489209008,-0.04902280095539165,0.794367059900882,0.2876529575691026,-0.5708942067735631,0
-2.488385869134901,1.5920966218784935,2.1647253110738185,0.1629514090376767,0.6216217312674704,0.3079369735306811,1.698559500967104,-0.24324698876068984,-0.08197981224461486,1.214464822892345,-0.3221071714116639,-1.0607380513127938,0.6383448072064848,0.4236649229082421,-0.5683366981929809,0.08684285422009565,0.6889162998984156,-0.283498288563831,-0.9267864868668255,-1.1010027179741182,0.19388445392016762,-0.2942280702902754,0
-3.3972891758846755,1.7089378828468547,3.025614089416139,0.844606169518596,0.45036875042523256,-0.0794709010641286,0.23464590468871033,0.6810502211810592,-0.42178859136479463,0.485395808840695,-0.37353569363448935,-0.5787643918059315,-0.8278484404620521,0.9488485489506513,0.6680180296995508,0.23872424560501254,-0.2478399757856529,0.7203878012325108,-0.15499875465219104,-0.27080733031714077,-0.4559240510764441,0.1691377116107849,0
-3.416631468186796,1.7101799950745151,3.1910403404883665,1.0524570125301098,0.918683449590383,0.35889698641300355,0.37784002682162343,-0.19237437575529365,-0.14017093964731023,0.3775054091344711,-0.009822988054733445,-0.3044801769462451,-0.22833933686296207,0.7927212681159187,1.0499803260789524,-0.38883664829731485,-0.14505252000415894,-0.4857945184780556,0.7795534113345634,0.6884935823071326,-0.09077207452588634,-0.6393023090131752,1
-3.2668190855826262,2.090460198069099,2.2366406129242735,-0.36897529567658427,-0.03342295074577441,-0.17256073571851482,0.21682289792252596,1.063421114215703,-0.8878632511246091,0.5175284305839476,0.7975431707742948,0.45882355225482013,0.926028002490305,-0.931455730958524,0.05423491006071188,-1.006275967115698,0.17797469728486537,-0.6818764571732965,0.9765936211591397,1.0043118937253206,-0.29354838412416046,-0.1105628242942639,0
-0.37269311557734575,-1.4264511866149836,2.404689376828687,1.0896355180518902,-1.2107274974306068,-1.3060908575709507,0.09021514623729342,0.282960454456985,0.13123964591301193,0.5663200523176822,-0.0023165230045928678,-0.24583702071071922,-0.357856152311235,0.7071018974713243,0.3139253738318512,0.1568462097993505,-0.07605971618791364,1.066406598726106,0.018904874965228594,-0.3058305916879268,-0.4856290680802043,0.33932524427980054,0
-0.3836639930901517,-1.4471502007453378,2.5308824319845664,1.1634294290718448,-0.9531606141530384,-1.036058166312698,0.1468971755285833,-0.2776953664547101,-0.23080878810981745,0.38693375623184356,0.022846307060501784,-0.38725508949813164,0.129329704915847,0.23066552505607693,0.4185371946656268,-0.3919819900154493,0.005309779849194862,-0.09713098862575152,0.9120116620679178,0.566606398829485,-0.152111570663713,-0.48599170465781905,1
-0.3018868532778027,-1.2400895793041222,1.9732519464500888,0.13469353387663408,-1.7367192901832462,-1.5035716016062366,0.0502295456725744,0.9621996711538225,-0.7951544374281017,0.5874645890589637,0.7202807236394208,0.2786457723487263,1.0655565037050192,-1.1143691906759186,-0.2567438051514365,-0.9420099639934597,0.20916364888380912,-0.5151794962460944,1.1100426816238769,0.7815002441694959,-0.31224382723945754,0.031057882654789686,0
-1.0340675535202257,-2.469800312473334,2.609873896970989,1.6677338031762472,-1.4751491021395744,-1.1619403621164222,1.3364380762718995,1.5765556504047737,-1.7385852398776276,1.2455447515659008,0.8610723667324577,0.20526246932475764,0.8145697974952214,-0.367444830423258,-1.004514562297925,-0.05759749806951543,-0.13768874347272575,1.3804761592598387,0.07856737275822638,1.66686985486081,0.8563442645793746,0.050803873595692474,1
-0.7630918745374133,-1.8453911367740852,1.131933242505944,1.1279892410500816,-1.3424125544400054,-1.0533307047058327,1.340651026496438,0.1941384732532121,-0.7554399449982772,1.1855020633023818,0.2345606614075604,-0.20621722443511026,0.4676865908746006,0.34690091920584815,-0.371447124865456,-0.38496879690760194,-0.25172734623297494,0.7018336005924584,-0.9604018341099412,-0.22312762787892,0.9905355588774594,-0.3656794429863118,1
-0.6255634243755086,-1.5744758504838905,0.36479734685460985,0.27945731962612536,-1.911850279923685,-1.3944291683964738,1.2475870163641087,0.7449651566689219,-0.6987665145090425,1.4088935606733155,0.5357459238993284,0.06889720775786792,0.9621891914732134,-0.49285344063876907,-0.8157702375972049,-0.7515973122863356,-0.16800948972992163,0.34552840183051536,-0.878876642122557,-0.19786042422693917,0.8805549115300435,-0.09180598535511218,0
-0.7533904584494285,-1.8879838828532518,1.2127265349891068,1.517034211692174,-1.0876667809233136,-0.9171034052845974,1.3547760181575648,-0.26222667046091197,-0.19101391197260936,1.2576102897309083,-0.13587319147878718,-0.640504639074696,-0.0020997054724899693,0.9377319221236726,0.10632983340276547,-0.2711269915594402,-0.4713820205363706,0.23622569237521485,-0.612775360050526,0.09910490716073844,1.0901679293490523,-0.4897509544522563,1
-0.875050933759318,-2.1365081146752947,1.8446427766893843,1.6581509864939752,-1.3030351215631053,-1.0976874071266958,1.252714225160118,0.7841115532709524,-1.0150929048937636,1.2105510933983186,0.15871409998189048,-0.4127085541695716,0.005727121540893703,0.7579157448151443,-0.15860596864676993,0.12063991554234668,-0.4363394235589167,0.8063879763505091,0.14903126255321497,1.4679018684474991,1.1074280171717732,-0.31895630046118095,1
-0.7128057571721362,-1.7904374840455985,0.9806490204747295,1.0216276097194037,-1.4635427668558416,-1.106047458384421,1.3261154408825067,0.3773097234889649,-0.8195021592470384,1.2915619270004433,0.25768045171241183,-0.3921805579804609,0.482934388596942,0.20107324213182054,-0.2705943115292067,-0.4809255347662078,-0.4244387284569922,-0.07308246471465564,0.12657134412321724,1.17335349880624,0.8948508162622517,0.0795040151785886,0
-0.8964923041487378,-2.1949062989441623,1.955059394827317,1.5665245077312615,-1.313346635845386,-1.0352104553852344,1.3171316007182863,0.705639068995164,-1.1980218759235834,1.2010899482033357,0.4149851712472597,-0.247873142794904,0.48095865799310905,0.04850781072951108,-0.6788204780766302,-0.1034086674009778,-0.26097898608817627,0.9946044708483138,0.018510074974749106,1.4021735365130128,0.9311782529999981,-0.1543313081521038,1
-6.755253070465209,-5.279736207507695,-1.3770307071614891,0.8080817778160844,-1.1486041897893562,-1.215744329003307,2.109937942528121,1.6605490476593487,-1.2516659798465677,1.683640946473994,-0.9629458254700209,0.5185979310292511,0.0013844827962254933,0.471239529945659,-0.9559419437478415,-1.3803345127748556,1.566806754755337,-0.8109090571094371,-0.8266144764081874,-0.8705577519463752,0.11767623418109167,0.16722939610866047,0
-6.795681178740975,-5.4326842186993405,-1.0817066398748652,0.8728262723825588,-1.2077684948085254,-1.2440434033168164,1.9900486588673374,1.785304479188697,-0.9859400058064001,1.7812163449104566,-0.7741628807348309,0.631572221557095,0.24579471509732936,-0.14689433507210914,-1.4323789288536803,-1.375373007140913,1.7503591751058798,-0.4852917480090321,-0.4132812537901075,-0.1988131624809589,0.48631594172055553,-0.6148861787941592,1
-6.8609626745220025,-5.583414961960301,-0.8002285603450103,0.7411197450999089,-1.5940553823032488,-1.5532359813039034,2.0137325828891206,3.0175521557401854,-1.4311491090869966,1.9793011918313321,-0.39169611645130364,1.05712009301653,0.4988976651411828,-0.3013712791283995,-1.3891216753262035,-1.5075399718303482,1.7034634887562492,-0.9322979700436015,-0.4681588220529042,-0.3031231701396461,0.06246421983766387,0.08956631157111059,0
-19.923232891052592,-9.24859437351248,-5.553666748942359,0.31699922363298333,2.462840646048234,-0.8815771769368845,-0.23578587036069382,2.7161868952149932,-1.4501577480513188,1.4583093943915875,-0.1372548017802589,0.11361527155859452,0.5690320895089565,0.8641443347100135,-2.1766440024119533,-0.5850956147606202,-1.9625860746338686,1.1370848813023888,0.07183797761805485,-0.7739089169301567,-1.228063678657123,0.9618057735285841,0
-18.503551019616502,-11.182902832597756,-5.527873923175861,0.6878260154700272,1.468962601668884,-2.079100831147202,-0.2839404031901443,2.4583794978868747,-0.7386887734379786,1.521701005909223,0.23485927490159583,0.1857795160996173,1.147346398267471,0.7983550117634847,-1.883838221876908,-0.4792550661711282,-1.9821440062093976,1.0854787089808238,-0.5566173827457136,-0.3880808526910205,-1.5737390029453249,0.4076725470647855,0
-3.171195195720238,0.5118091400821169,3.062627158230411,-1.9920270358947247,0.23229329490327497,0.30897028419388356,-0.5239060406810869,1.420106355281207,-0.7192688735020756,-0.004202148871822049,0.2914853209724967,0.07940259003334009,0.45517713892886313,-0.10158858730146052,0.49244451635713826,-0.9174358570517289,-0.17192239086761302,-0.6658199691855408,0.09147444919110981,-0.43475698275344815,-0.17327295903296225,0.2379597742324535,0
-0.37813606671936534,-2.736207532583472,2.6740232363469842,-1.5308450247528922,-1.2392982103503163,-0.9444492428696191,-0.5681327615364167,1.0247097772350742,-0.45906185667236515,-0.14815854083444502,-0.005543666530104317,-0.37503577432307733,0.5283180447472545,-0.057431480021696894,0.5118438535689285,-0.8157932518563188,-0.2936822676999393,-0.7052623890272645,0.05567860294365035,-0.39850933199880956,-0.2759058151851608,0.12655307015044212,0
-3.891273080287733,0.314731794753845,2.8649488477996945,-1.9234840246284777,0.3860169699084519,0.16761776018733907,-0.09191394831033166,1.159064348303183,-0.2600586244314597,-0.008959797487678075,-0.4631270587610106,-0.6744646717769031,-0.26741987642709253,0.21393806594415962,0.58917585950012,-0.27424654691953193,-0.5126570613312815,-1.4463532278086981,-0.07379481469348415,0.18999604347077712,-0.016455647614176148,0.40415794373018693,0
-1.5135182268223535,-2.384899478692517,2.654289361356438,-1.3819584986291664,-1.254928203263481,-1.2781797337643699,-0.005341757618546188,0.7534767281251854,0.03769772793885724,-0.3125646697792415,-0.24795096775938025,-0.45305432354586406,0.6468780430105223,0.3359927098964778,0.48223265125572806,-0.47871159460497115,-0.2313445880947717,-1.0697639111634136,0.10447666335341785,0.09205380338430903,-0.20748458800734326,0.5697833739464635,0
-1.2925422445469463,-2.2528520606733995,1.8096655960649033,-1.834152156184612,-1.9326381688919543,-1.1631382627237596,0.13914022198348294,-0.009857859452393106,0.10261091557067728,-0.4844313547503028,-0.0745067211793902,-0.39654506557521085,0.3461031522058003,0.6983411912464078,-0.21841361995227887,-0.4375735489833995,0.40145174461270206,-0.1595412662946651,0.17979262590449185,-0.36058070939099496,-0.24939595741488238,-0.05514721448415245,0
-1.8362980557765616,-4.026810057733935,3.553233179432691,-1.9667829246852147,-1.7439891957740248,-1.1326568517002442,0.19925208297377192,0.9421958084157716,-0.6066571283244702,-0.18121480187312358,-0.4297586076903122,-0.6371401561919212,0.2920673072630347,1.3129262362084062,-0.2581885204043144,0.34375083432108905,0.6157304286258587,0.059648935382762745,-0.3714974841227036,-0.4842605040401657,-0.3396313759834631,0.40762767747643636,0
-4.430787898759391,-0.03544908367295738,4.0226125601932115,-1.6289647284348212,2.0887127504218976,2.10693877633104,0.7066235833449894,-1.843269314412617,-0.012584482556001376,-1.6675476467374402,2.306745774371459,3.0748138223351087,1.441332604252434,1.0792558375670334,1.537483312501895,-1.2625905111443207,0.24055981098562879,0.262893717813723,0.07168207318281623,0.16916047973901244,0.16632104964964997,-1.166239672079755,1
-1.745400291131192,-2.8956561593806605,3.254003022108684,-1.136026494769892,-0.9502607375954119,-0.5758037182362465,-0.0983161691222685,-1.0704866052885376,0.6381103052235303,-1.1535959039299983,-0.522727075401684,-0.5686413396407017,-0.27173725896652257,0.3045800393288228,0.485422094136248,-0.5144688460637228,-0.3992702663301665,0.05924477566554742,0.4543043403462286,-0.023723129871724733,0.2764814395618614,-0.7068554501982391,1
-0.8068586930409407,-2.0901397638751424,3.4512622837273446,1.0919226491729217,-1.0505072444489627,-0.6977539831118343,-0.2741723857531548,-0.18463276774420267,0.013646806555556504,-1.2069251513918482,-0.8108212498933363,-0.3782766388383536,-0.9144363131114924,0.14253245513296464,1.0392718915391699,-0.09894775318385561,-0.6477360349460537,0.30406441720027727,1.4477821577910637,0.13464215578361904,-0.16637840309391022,-0.2019305536017939,0
-3.4901282862049223,1.0708535380394337,3.835453631274709,0.7741499875620548,0.9070708312757417,0.7710893845738541,-0.2503329449240529,0.1349863019199557,0.12485653901128112,-0.9713886465261911,-1.0324358993845637,-0.4991652194760212,-1.8253337044970743,0.668849757531784,1.6534652979788556,0.190339919542335,-0.9693004480178002,-0.20185915599764484,1.472469405006396,0.2106551769397121,-0.03850946013058376,-0.2992733070017313,0
-4.34410576860901,1.2176727052004286,3.4785827947051233,-0.2261817236224153,1.0819064705405503,0.7034679690134265,-0.41088364260128474,-0.6686164711254716,0.339996317010312,-0.45664569791010345,-0.7512596943229516,-0.5789522584269913,-1.6570095243180711,2.3688299073873673,0.4073917661516824,0.698058602045745,-0.04168420674515344,-0.1638582901384744,-1.0574851129276133,-0.2486609372856575,0.08032397608149774,0.051167387370325786,0
-4.5426512635470075,1.2245803337942331,4.124733391172466,0.08033826946581601,2.1667957081554743,1.684733477972036,0.2667221630857782,-1.7987611458363255,0.014006990284852007,-1.0279480921586481,1.3436651389135186,2.0701993918501516,0.14034239571595455,3.3816406528004195,1.866779255064474,-0.4205462809527288,0.45128974868907246,-1.4165795176351814,-0.8437736752945232,-0.13596647676553916,0.11263899436281465,-0.8490637454498443,1
-4.460072723130927,1.0730347359908181,3.9663258821621854,-0.26283715799290297,0.7842489695823293,0.47094682122540427,-0.41564948288018627,0.8682754151828123,-0.7211685374332277,-0.49894706168357045,-0.12569922644005208,0.16762790357403734,-1.238007632108776,2.510936230863631,0.8402765851390753,0.4428353219875349,-0.012020159780742903,-1.0024095211794402,-0.9689611619248705,-0.1628237058370208,-0.42483398153848817,0.6891454997011999,0
-1.5832942376622543,-1.8441727131962737,2.9478873510695163,-0.03833403890848548,-1.0927041800661061,-0.9650893791756779,-0.4715255087467445,-0.7898779848543666,0.2660305999986872,-0.7427941326413492,-0.669127138387798,-0.6304931241674386,-0.6193908752209385,1.5978189181573295,-0.41085766664803963,0.3320976470612332,0.3683138454185439,0.558651198659438,-1.0017580181549695,-0.3406499959758013,-0.11342057854265443,0.21587004547686647,0
-1.6162144840493704,-1.8942492540519003,3.12447662362369,-0.023839434862090524,-0.9814868400967196,-0.8338188119938064,-0.4215093175329208,-0.8188670911884168,0.07178468383381333,-0.8117181184591655,-0.33420968870103673,-0.2728239732523334,-0.015649656553436968,1.367888643941054,-0.11490859102929171,-0.2726576695557766,0.5049265546361474,-0.6524185378659032,-0.6472358631628267,-0.18105959209580655,-0.007209656814947109,-0.5472216398019001,1
-1.6893545545957525,-2.0324719689141326,3.4554047276919446,0.009864278668942723,-1.4837864916729904,-1.318700629260146,-0.5713470559632019,0.922229389227602,-0.622674184550383,-0.6770928117598264,-0.3649910840445493,-0.25902544421621393,-0.5472812519916277,1.8311246148030316,0.06692442134994964,0.2403827490096916,0.2706398163723929,-0.36217984706017403,-0.7498327502589178,-0.10515305780729046,-0.4876449296487036,0.759358663691895,0
-4.308131632529202,0.237619172395123,3.058193247920177,-1.5625598073858977,0.15135760907537624,-0.008742289722106339,-1.131799116299791,1.2148668731992505,-0.4746935479627212,-0.2883325545301147,-0.4488112753738326,0.0739197645899032,-0.10280576883995617,-0.5801892848415917,-0.017476271549989503,1.0179452668120308,-0.9094075948197851,1.034087640251907,-0.25178771121854576,-0.11272769899229544,-0.12404949197605873,-0.10240704482275395,0
-4.348287654105349,0.2446024376310833,3.226758568935047,-1.4734233456553352,0.5169863332357809,0.34464519320534615,-0.9385914962527714,0.5508394302134882,-0.2243237244864941,-0.32434775930023224,-0.0983181762577557,0.3782209114833371,0.6577258369257175,-1.0950614138457624,0.17901762027833074,0.14342581432175988,-0.7647014922071994,-0.10950773919051096,-0.2480191019233974,-0.5507112151882991,0.15156599155254938,-0.35998400935561137,1
-4.32801276427312,0.3619168449882223,3.1692798683392085,-0.7221972898422808,1.0684935555059707,0.5816545435007938,-0.9084066692631335,-0.1707927456031672,0.1901949661534683,-0.5119093466936673,-1.0143860403673879,-0.45720103174561666,-1.1018203173588943,1.3965903359714364,1.6151642456930972,1.2489814858643407,-1.4085121490937031,0.272541790213964,0.33754812116751093,0.34013106386115743,0.2933197131988633,0.26503510385844226,0
-1.5680992199001635,-2.7230850383540393,2.7322677368026858,-0.8723192212399525,-1.6049749488093135,-1.4136370103539788,-1.1206850969678004,0.3430018173811813,0.09116553263790542,-0.4578434499846939,-0.30033700629385396,0.16962042863368412,0.6004989247467587,-0.05139518194485547,0.2944224233498476,0.6362084640916925,-0.7459136030400808,1.2580600984625552,-0.13322038123001215,-0.030230433961834998,-0.10771116972142972,-0.07132542947285145,0
-1.5938487670843933,-2.7894168720737147,2.8942067219415812,-0.8935546489492718,-1.5840932754169035,-1.3571072786700331,-1.0944579124623206,0.26049090015121246,-0.009180329246917635,-0.41009964921234787,-0.3476346290494197,-0.024253526953851464,1.1344862108518932,-0.9562281227767638,0.13612323761413467,-0.09324456582325527,-0.6557365949102041,0.15610771000461507,-0.1694099183388313,-0.5465574911673572,0.13584175764225115,-0.3634056688218614,1
-1.5744748715748436,-2.631963948828915,2.7577699810126983,-0.49823209744071173,-1.154152974256859,-1.1088647531322442,-1.0209683739684299,-0.3929396339382899,0.1084473722537327,-0.6551788543738699,-0.7129307760157615,-0.3034557235618585,0.07062715790394668,0.7487701251315726,0.9558165612719606,0.7824988883008511,-1.0041712026823766,1.004004238043367,0.2584497067606085,0.3480483503499085,0.1398626168952328,0.2947136907200024,0
-3.4052678129695417,2.5841844611784097,-0.28009243503061737,-2.577812580737775,-0.44098486616709465,0.032313423487602105,0.3991525637038632,-0.4794062866703481,0.3407817322392883,0.154952229241027,-0.31337552330432017,-0.12644811100518338,-0.5345639605460756,-0.14982101076635657,0.3953043798328544,-0.2632855823079334,-0.46939609092595175,0.20475014558302979,0.045203749091750865,-0.12280341763276831,0.34316150631522313,-0.05787469870027979,0
-0.7178493334949948,-0.19669374684866928,-0.8136590282779663,-2.099116647796863,-1.813804544705859,-0.996680118628943,0.46454079305007917,-1.296353343127909,0.24802797879139418,-0.14652291861581146,-0.20301559569236888,0.03173200861570239,-0.1120586864160862,0.29543033866543406,0.5417321638538708,-0.3837526862376114,-0.2925855528316204,0.400618955018666,0.510875463238438,-0.3353760521145452,0.3267524088667944,0.329450113650705,0
0.3790148898074343,-1.5169105191135845,1.4141828035258952,0.12072487698686525,-2.004080470247747,-1.3094426607051268,-0.4376923830873011,0.24763849899556342,-0.5318012178919304,0.0526577952552202,0.06695900324763181,0.1343159723968711,0.5431032704349368,-0.6899614768914563,-0.1368919934006783,-0.6811182901722304,0.10676451383376288,0.1510281573138981,-0.07002950788455203,-0.5035464946471594,0.24619754795254636,-0.3037081888805762,0
0.1726863945404316,-2.048515042669392,2.6316417690816096,1.163668862673043,-1.7013035346023664,-1.2343840523131946,-0.4834648258448407,0.6097902220547889,-0.31745801563653914,0.09016883613542587,-0.08385897993714549,0.02950427456782921,-0.12267165118082589,0.15983999302202379,0.09937462242967396,0.03233226982940713,0.029959198200070994,0.9672548001160902,-0.1440707520901599,-0.2551065925731205,0.16650878983646095,-0.5918098004821686,1
0.22457807950743533,-1.8682448601707382,2.3338584939241644,1.193148788007419,-1.4159138500110295,-0.9991321473044479,-0.31958948788201974,-0.1736246903117796,-0.4680928121530406,-0.07626385544794584,-0.3689113141285783,-0.34241852922935107,-0.3665811431956054,0.5630023741871433,0.4617068449199741,0.03659849641143163,-0.18394632228237068,0.6839716742794262,0.1987258908309488,0.07203422748039447,0.2101443129036051,-0.022405934873195782,0
0.21945078027245024,-1.9150932717734666,2.321271092453582,0.7650538460829458,-1.8967459541690788,-1.315841145523457,-0.3446615307534665,0.8980738756284894,-1.0125451438640918,0.09648629174699254,-0.030914467410864507,-0.007779600761640545,0.3922103852058309,-0.317894632381025,0.3034664730983409,-0.7255915963748599,-0.06168646577793942,-0.6278810848212747,-0.17911966602691473,-0.7883536576111637,-0.21330928568093963,0.18277965320170006,0
-0.037451307406642646,-2.555269632989881,3.8584377925297972,2.181434447411518,-1.4522844980451173,-1.1994620268048397,-0.3689031774074155,1.3211320614640707,-0.07343717948992798,0.3469836654931787,-0.18577684211114398,-0.13367339836141,-0.5363711871474433,0.8921170152361151,0.9224793536083247,0.02210469296756613,-0.30469348022352694,-0.06321217114307474,-0.08067353190158073,-0.4304138874180639,-0.08173475833501355,0.17502556068627204,1
-0.010019732995362646,-2.4891460644045864,3.6547331712925435,1.60980618396315,-1.8107629914876902,-1.358003407775782,-0.48356205142745007,1.6352660755051118,-0.5776374305471083,0.2991864644670121,0.209716902137848,0.16354127437240987,0.023903308784544216,-0.30957366324249597,-0.15331009138536808,0.07670376804000806,0.007509193208239745,0.9630558910821849,0.3037617415027822,0.4538684625273175,0.10138726243352154,-0.06827215281003289,1
-2.729442413284949,2.194087103071067,1.804494725357699,-0.27819143217447545,0.06834690284502155,0.18513179797887805,-0.14539641414624438,0.16798901822349338,-0.23477559298214756,-0.13694870341281,0.09011657302212733,0.35479121596965624,-0.020562899590859215,-0.22384909859052385,0.3420615472203083,-0.5611560062368238,0.006194479450030096,-0.1592186442564508,0.16301327821273162,-0.6501467163203725,0.5468096414233055,-0.0017717839286751286,0
-2.952440401835188,1.494141194574939,3.168155903359634,0.5830878716488789,-0.12581402710977485,-0.1440275609640132,-0.3789846029074382,1.4593071568019105,-0.6609094959497849,0.00218531140938367,-0.32987115993393884,-0.1239350636095153,-0.7165527014479021,-0.1297473772854674,-0.07699166020740239,0.2868990917448099,-0.03321209093896294,0.8773188365215158,-0.015415292710082582,-0.49941884615858584,0.3895491099732429,-0.4154487994702384,1
-2.8554235960450978,1.8395055812905565,2.664618592414864,0.9599637134978475,0.5894977112548107,0.353714878031873,-0.15674679120158355,-0.0884709169524849,0.061000767029252584,-0.16200902480927437,-0.9397119244118347,-0.7596869456833982,-1.608132753845661,1.5171422857057713,1.3020093394263488,0.41432586835965074,-0.5501979524937146,0.04770221468136545,0.6306706672980087,0.017362307952445286,0.6736503083226113,0.23146158577931664,0
-2.97482374719755,1.6068220984911863,3.1050367445237255,0.3787131018922471,0.02795072927874884,0.06554715454083458,-0.01404519361314922,1.4327001262738885,-1.1534559772049366,-0.06817019127256262,0.319493711407277,0.6026421468545364,0.17580588515271997,-0.1611993983734488,0.5656288995130413,-0.7016988401925285,-0.03318306455826086,-0.838607099370183,-0.28885694047770527,-1.328386679770514,-0.13953885292947932,0.5603705708753263,0
-3.1740397741287345,1.010779456763329,4.422665267828999,1.759313419086301,0.34455503972999185,0.03916348015627179,-0.18539679926405703,1.7959671111262423,-0.7920032087737533,0.06137167863328274,-0.7054928317741169,-0.5547420421444097,-1.3462338902982043,1.0195084836231745,1.0946768634530033,0.3203900565653105,-0.47537843884900904,-0.37773094185028044,0.12033459720438439,-0.7018040365834745,0.20601660603655392,0.32688856387175363,1
-3.1074228320424373,1.1652827809097484,3.9806004560764334,0.7857728534990954,-0.2294260399389241,-0.1977511301273915,-0.34568566053468947,2.2724036825661114,-1.2555189810933087,0.06072931352839685,0.138049716653155,0.19189217620322901,-0.2778550634636368,-0.856358134328605,-0.5400615105525863,0.23480169987321647,0.07519921185337229,1.067794129065931,0.4598665279481235,0.33357041694477874,0.3003711803797089,0.03596887866070574,1
0.5132368772659224,-1.7313545057133788,1.8501664192722287,1.7392066987140828,-0.5131724740508895,-1.1632549783949613,-0.9241787442569102,0.04395742494612417,-0.6130848014680047,0.07745845144955012,0.2193982343408526,-0.0386035706646031,0.045225729271338264,0.8215092857689629,1.092425006134448,-0.3174064649382318,-0.5862470787615686,-1.6619792161525455,-0.07382297376863498,1.5826299178802772,-0.12733697403661343,2.997115099172049,0
0.5206407699573437,-1.804842771791242,1.8364916330800403,1.8147659063038069,-0.33996371392172586,-1.0149932027492028,-0.918252404410738,-0.8197990283263138,-0.3481735098629178,-0.05252660445087184,0.12612001283098037,-0.08313629458929805,-0.152271887855084,0.731287724105898,0.21090049538234845,0.399584106711795,-0.34607310244773853,0.525656076702442,-0.5570298449615703,1.5935147720693783,-0.13438743863360914,2.31207078523986,0
0.4998945672032097,-1.8743900743053759,1.972344449299537,1.7637739562071155,-0.5657506484978476,-1.192089766328536,-1.0143224724847986,-0.2596203645639265,-0.49463787701655915,0.04947636284087213,0.1377615209126096,-0.16155883173788527,-0.13921875808843828,0.333577061555255,-0.07144702671269766,0.4392216175666509,-0.34777650233655416,0.6291354388873971,-0.42402378813512914,1.825038226924563,-0.1289054371264231,2.599447883526758,0
0.47840361805413006,-1.879433685998585,2.1031058269375467,1.8423556519714377,-0.5112598675713209,-1.132229895853085,-0.8498441460832724,-0.09068759000699723,-0.5238340020493636,0.23586577305925832,0.018024412540785788,-0.4876167632019297,0.31264097434877963,-0.19861483055342008,0.46331003359952583,-0.7026847049160104,-0.553838785435936,-1.8146426165637346,-0.6159481821379992,0.7131845810200538,-0.3138761366817061,3.6760600743157545,0
0.5608708558099127,-0.429622120807712,1.5882939107272032,2.1038033859874674,-0.7860574271205213,-1.2854427099161312,-0.2916279180169687,-0.613356594179405,-0.11944849774973448,0.06042521973645831,-0.20748536566109038,-0.10235990973187804,-0.6504598392013324,-0.18010234374346604,-0.12280469802126863,-0.3473638736789371,0.4130003770143359,-0.8371828702316975,-0.8023741825231528,-1.943833373757514,0.11311115521792454,0.46171817532099857,0
0.6032972000454961,-0.2980018722947305,1.3244626945805664,2.001818335673976,-0.8792054543537988,-1.409199448415278,-0.42483703270664114,-0.3007568306005389,-0.2145097903095217,-0.05449486929785615,-0.15250057446475632,0.18539679601248613,-1.0661186235840023,0.8626858724203935,0.5087709889872598,0.11213504336010975,0.3309194061305758,-0.7311372694809856,-0.2386397860588129,-1.0724689299433097,0.3140082048817057,-0.25051223281319934,0
0.4244646892079365,-0.7757739421126124,2.362915291431232,2.4380132544244124,-0.7148813922350309,-1.2268817536496108,-0.4386605082091607,-0.44541530300805404,-0.6170250095033579,-0.1623865609470802,0.16004801877869523,0.2506920886096146,-0.6738904096354977,-0.3688703540683037,-0.9264483843332468,0.5611776472433491,0.7245563584074993,1.2366496222000831,0.18101394794897083,0.21281040927734665,0.498248638782097,-0.8042216547826095,1
0.4608063225058315,-0.7135580819763983,2.2107024102644752,2.473957986345956,-0.8686548912887299,-1.4341544703285898,-0.4826888955094023,0.17947844735811422,-0.1346165066070057,0.10919466564167958,-0.004138467727097427,0.20050191950966104,-0.8685292352370062,0.3190545835022672,0.1962382069611081,0.061961615376646455,0.4246106887628498,-0.823276364836805,0.1201609437879097,-0.5601387221101715,0.4629502665324208,-0.7115798541492271,1
0.4441069829992312,-0.7222356859052006,2.2312124205869255,2.1235595929406665,-1.203042570768421,-1.6312686151195606,-0.5016580774922123,0.915823893650434,-0.8322228270095559,0.13864550377237878,0.22313392400141838,0.350036009199389,-0.3045645909812203,-0.5648776097024487,-0.15005226460385532,-0.41243750886652875,0.5341180375090058,-1.3870752988940864,-0.006894445624402097,-0.8941883299783214,0.2864539223151062,-0.29380823888310725,1
0.5259735684034771,-0.36045877227990963,1.7131828276099135,2.1801448671206023,-0.6523340852057228,-1.1904969212705885,-0.4752740688518696,-0.41129243403693627,-0.622821276745,-0.3177540609366057,0.23223940441217175,0.513636539377242,-0.9162300202034549,0.8430472826726253,0.41070890387426884,0.38651394738020556,0.48557259149420207,-0.0953269152150883,0.9540325938723382,0.8695347281055342,0.7953226283413427,-0.8432225969996695,1
0.33616920941577316,-1.0094018482937885,2.9197338390698366,3.036553150628625,-0.5626747837644093,-1.2113654732142365,-0.2816222085458874,-0.05947406416184417,-0.7575475460597253,-0.01957369957683271,-0.19100125446976168,-0.21594615508924062,-1.0979285754750576,0.31518457405351014,-0.08181780035083942,0.41443504931303776,0.29760700656653405,-0.17939213091800835,0.2644236710341697,-0.05949877194167344,0.037105250370140626,0.3505513532411777,0
0.3076938519004246,-1.1376871507013804,3.085567032614128,2.5873815101489575,-1.2541249978614484,-1.6987638914419791,-0.6075956935309768,1.4469791221569355,-0.48233320971348054,0.33004206196969,0.5831501658115397,0.5989744518111235,-0.46681105680239393,-0.8410660414603965,-0.9739580351786062,0.37712630187463037,0.6710655985205212,0.44571041883980006,0.43948671070685646,0.49458433896192583,0.2038284523250941,-0.24504309189045517,1
-4.158019804105459,1.2856924586473206,3.573211494607846,0.02445723623749255,0.051916885945935055,0.1725321285021114,-1.1435824525392881,0.7681202379240529,-0.5631206530727497,-0.1081833950197978,-0.4153801847994441,0.22730775581166074,-1.5268977593261266,-0.05745570844634671,-0.8659816662994083,0.8717388550424606,0.3258575140224247,0.7074995730937473,-0.8785500683292573,-0.9746087350120598,0.5044515391928687,-0.25092902333971084,1
-4.023636210456192,1.6093259892168044,2.9069195718796177,-0.1976434484299046,0.597494610661201,0.7705564398948398,-0.7933836846624992,-1.148717974165283,0.1290218454737679,-0.18706893744995262,-0.11803666671966907,0.3418770509897068,-0.824819301860734,-0.4576050740500881,-0.8567423208089554,0.14330919424317867,0.3839323205551173,-0.1109927673439246,-0.36621139050314006,-0.47633245604136976,0.45071932087007766,-0.05398498382306439,0
-1.2121184259620763,-2.008444198322605,3.1806876289856207,0.732493526566524,-1.6276326684701223,-1.1479842035611716,-1.030097707918729,-0.11423903553637615,-0.33331143092608173,-0.36531740969195997,-0.37480097645479243,0.24304911064754678,-0.7137672667691447,0.3967115058290398,-0.6458210901904083,0.5004366010248148,0.5440283742101764,0.9146183500622347,-0.7989340424829835,-0.9649052702696282,0.4639294516608057,-0.17624792740201042,1
-1.0574432449284297,-1.736237085811912,2.5178285565124807,0.6563124151913599,-1.209711169214377,-0.727568074910084,-0.8172640814158256,-1.7776806034651316,0.5603060314675486,-0.30626355757867685,-0.6158899401409624,-0.25356182144515355,-0.5734899118290787,0.2245674075569558,-0.490745336614755,-0.002451308650884684,0.3901719399218277,-0.1311433556191831,-0.1648378071729645,-0.43396738753336994,0.512769643404328,-0.017605275212390324,0
-2.6494816232833447,1.0756200695689833,3.7307550195184374,0.3790989010469031,0.5583030027026272,0.7352655097574667,-0.632862480580845,0.7532130335069711,-1.0632459021587282,-0.9461361165832324,1.0776342759284816,1.319552484327958,0.09421165711001729,-0.5219272490677784,-0.35093748414685666,0.14297790769006116,-0.39956448425470736,1.6211737719681496,-0.6840844368163076,0.323418188579974,0.6051828085764467,0.021454742163361244,0
0.2730170761249193,-1.96032762967898,3.0254951362396243,0.849609095865164,-1.2996128690967366,-0.7057221739012223,-0.7158225152250943,-0.14941309268505662,-0.5826364068567077,-1.035222738799269,0.3244899162326971,0.26792277572447126,0.03280730244309485,-0.4362648539403854,-0.4859181312525517,0.24879629774059622,-0.6092891774494035,1.581699320639295,-0.552238873203441,0.5703252368234787,0.4502741549559149,0.10198643955297158,0
-0.1565809636923026,-2.5702612896450736,3.2541726937067077,2.010871648344095,-0.1961927409152061,-0.6458038241343881,0.19184975528535098,-3.333676541671213,1.6363758376991588,-0.44048180336911036,-1.6397424771986329,-1.1652517660638702,-0.3167236740249059,-0.5589458729021345,-0.27915706017193154,0.019482293694243535,0.4724625602265111,0.4806906814193497,-0.9525329405133466,-0.1616605942793981,-0.13681885541125213,-0.32045604166178776,0
-0.22821529319834777,-2.4905633463609282,3.368676347101802,1.5606661321867277,-1.0910162414887814,-1.4473577340705106,-0.1825286581790783,-0.19955631714271044,-0.1111547363056492,-0.5568314509247227,-1.054038100559098,-0.18591978536118428,-0.6031254172932993,0.6315428396404975,0.9296248781787514,0.4124571916759966,0.2832909809643002,-0.317023590746406,0.029296035076249425,1.1210729936571624,-0.05795860072777195,-0.03842876951958077,0
-18.239267686386516,-9.778963527836218,-5.522415395203731,2.368365335470224,4.563113856952645,-5.968977978651637,0.7490296575262786,-0.3016638021293137,-0.3950486883634832,1.3126530341520417,-3.0005538069033175,1.9242832272212989,-0.9313130982507759,0.8049898172641242,0.7128430056607273,0.7688950998655536,0.14500238165360388,0.49176055670682284,-1.755025002411247,0.3702376252842036,0.09153234102344905,0.4954892170823397,0
-19.54402120694278,-7.979174471248443,-5.38746195636189,2.1591534891690776,5.865890475331862,-4.611383142270827,0.9054154474305898,-0.03606590498003045,-0.3732653196728544,0.9304239288638886,-3.2978362420144824,1.6208925336386626,-1.8303478404224212,1.5581884027917243,0.9728268098931193,0.8742224868888898,-0.09046843321767141,0.16435779680941723,-1.1172959856529299,0.013524266803246048,0.4981511733741713,1.126105145643725,0
-10.216668079540508,-7.629239078982889,-4.274853263998506,1.020933652722588,6.103716658802661,-4.940484630614984,-1.2953745899011258,-0.25642756599088085,-0.13739825808940925,1.306027217102065,-0.45528619055353764,-1.2131266626505381,0.4083517710268271,2.7394964361455982,-1.681037589294886,-0.21257848597042955,1.485895199256171,-1.1989888449652706,0.12436676605523041,-0.8768692892960361,-2.0082684191392643,-1.0898574398807392,0
0.18945539917187992,0.8050712148734847,0.10695784640228737,1.9074015623082565,1.5182968257377458,0.8503604455386655,-0.9373911614421845,1.257372170797204,-0.39910593462956856,0.47077453425538385,-0.5747944816182148,-0.3925943081107122,-0.2061083333927113,-0.5882264631999956,-0.08845665200261649,-1.231374605568775,0.9732277764543662,0.013967258341539567,-0.3089405496216035,-0.7778740637147217,-0.3235443190102524,-0.100925272854863,0
0.039465434408938946,0.5349015953031594,0.9749715468662333,2.8537827948464987,2.1594602240800516,1.2610277670629497,-0.718377394812258,0.9597285824935884,-0.5147070948181302,0.33073559857882345,-0.5850047440462603,-0.4460331076480837,-0.5665814806428725,0.6704266203864255,1.1120211515632152,-1.1776867593434222,0.6618148349700389,-1.077231575679109,0.6410905323384785,0.3286639748751661,-0.3828489278688438,0.1379326470654982,0
2.639245548775724,-2.451979477964488,-0.1888755087473358,2.050208470810432,0.48911257768671434,-0.01887558974469846,-0.45684068224460067,0.8044128811201404,-0.28419907090195595,0.1522006369751962,-0.01779188513334905,0.2550694579642715,-0.32780789197905275,-0.7730265108529945,-0.5454534127010802,-0.5101518543904131,0.8346159517811013,-0.19610019975369128,-0.0767345785337659,-1.1209708425564915,-0.6805704598435713,0.11015381811479913,0
2.5270915543316455,-2.6949664750100797,0.5316877664769439,2.8988680284491704,0.9657107689809311,0.25581125321710674,-0.34103671699290933,0.6555133750318618,-0.5272599365233233,0.04139205965081251,-0.35806967651505434,-0.21639438822150966,-0.8829078409904537,0.2787049444136409,0.46463470020232567,-0.38411386005758263,0.4667369578455801,-1.2964944939931833,0.8634550998936696,-0.059531271873568124,-0.7524423939843848,0.4074072595149801,0
3.33075661372286,-2.726992966472826,0.6286853987344875,2.417688565059191,0.17029842466455433,-0.5071555546465736,1.606692673141423,1.1398844837156912,-0.44245471170137257,0.7581242767663781,-2.3670956799801575,1.4849472533210202,1.0105145372269668,-3.3579877234658557,2.1800696667297474,0.9402027010879894,0.14261186641762624,-0.7328880842880217,1.1221236905839247,0.16779364419969303,-0.29445617139796065,-0.006954742767334344,0
0.6706952614909152,0.7992931086789823,1.1237540597475881,2.415633766752593,1.4323192473228918,0.3391989259852322,1.3534052605523654,1.4355884135980013,-0.36833152941514435,0.719434605367323,-2.867558458827419,0.9088612226929234,1.19579988254553,-2.75490200801059,2.8179689862501243,0.4159052777862854,0.22348881300015352,-0.6907341966056879,1.015466572245139,0.42204943581756565,-0.07007864887619852,-0.11187078554644811,0
4.087067078662318,-1.9192193796920185,1.6674070235480143,1.2696032261378776,-0.6910664005228382,0.4474825654332693,-0.07620324959482552,1.0933073203549908,-0.30386122182025616,-0.8168950329188872,-0.05936125623847252,0.14694026551176628,-0.01583492464048496,-0.09626130119562862,-1.0878441750323111,1.2013571900254914,0.7936686437337078,1.2989696638076487,-0.21070657414572422,0.08941776235237245,0.2145572053365705,0.6444047387260278,0
1.420335415118327,1.3294839570843127,2.3036977752155945,1.399254121407324,0.6014091046954545,1.3663973453746159,-0.22190147669495033,1.0686412291149479,-0.2532849665895389,-0.8850074422054095,-0.2923812124236552,-0.09317620038266546,0.4840915244325308,0.558107309429313,-0.24421087574278638,0.48278104676781497,0.9307958953472192,1.388989176190027,-0.5061774826204289,0.408189331678233,0.37921456040840595,0.32501729576738875,0
-19.123205177570952,-9.944548957377018,-7.9176915036222075,2.396330048837949,3.331605386920775,-4.072629559555828,0.16481392626069913,0.19829069071425393,-0.8370172340966446,2.292178410362219,-4.524587419192724,3.6408626516295652,0.9492188615533086,-1.191783061406574,0.43513951820979296,1.0068559723548602,0.6011652412416367,-0.9273902730833129,-2.0638467318175047,0.3350736039016103,-0.2169450545113042,-0.45132369740403716,0
2.723152238474157,-1.5790761470705015,1.233758765796029,2.343618380001555,-0.25265625334757924,-0.369731504789884,0.39708002569219925,1.0757657128474796,-0.8301294138370303,0.7156052848215606,0.15634276135135772,-0.30396986139950344,1.1135509715518421,-0.5124840223733637,0.14680102774387763,-0.2582786925141706,0.28640840585502286,-1.1862972740522315,1.1272354889674994,-0.003954006419585063,-0.16833130979401004,0.30000409470065537,0
2.711771433848246,-1.5693348840780799,1.1706364321117688,2.203532666673262,-0.5172315396192618,-0.6357809493026523,0.20438576579958329,1.6592696352808094,-1.3057998864970901,0.5435620258928517,0.08407910308570667,-0.13550230410599798,0.5379197205913621,0.04988144411424767,-0.19593890763994476,0.738228475937176,0.38274110763664076,0.873121637863945,0.639978050934835,-0.01838032992942765,-0.2100444120569056,0.07606423624422619,0
2.6806748901332327,-1.6098902921717315,1.3871320712640256,2.664446737148583,-0.1001649369507473,-0.3594935539274656,0.3406158823213001,1.1174525142021494,-0.9089416930513848,0.5229012463400754,-0.019223392425003837,-0.2419251325766603,0.2947019311842491,0.8033784880764976,0.5479702881014326,0.6612613506795983,0.18830715542052995,0.15139335421314454,0.9435106866402103,0.18050131944362507,-0.15458695113139437,0.15929786584131278,0
-0.4071787196715884,2.327605450876226,1.7671277307595907,2.013183196875483,1.2440143040403158,0.5645212559033315,0.3111853338067555,1.6032822960397064,-0.6430514190324564,0.6601851049102556,-0.22518920597126774,-0.650138835200976,1.1398312251683935,-0.22429966435056084,0.4625171986284197,-0.49209379112133994,0.311578123390028,-1.1300682441873777,1.1197887631769994,0.17379583318566078,-0.15587055983039996,0.28823994593796126,0
-0.43462680017375943,2.3184976920161016,1.782112383524744,1.9393980118754013,1.0785101539055755,0.3909090250881525,0.1867103207121332,2.0370102641297865,-0.9956381545336159,0.4960339049974597,-0.15786897406533718,-0.34411295456955027,0.7140839598593094,0.28116924574747854,0.10195521709411991,0.3869252341523284,0.4489704044844091,0.9188774141122785,0.4552071464291068,-0.061253900410904075,-0.3137315271960075,0.2628526917916678,0
-0.528847226351218,2.2462553303490127,2.1875546864010147,2.3580882521894253,1.5953479988997983,0.7733064739573831,0.4500463104260918,1.5673894768675372,-0.9903650265659345,0.31946386235877955,0.29946925747301384,0.2866188786069232,0.8922202922862351,1.2021568821004074,1.0058780640603824,0.22918665322419865,0.41036711004402554,0.32787144387508815,0.7999069834160255,0.27902175687359304,-0.23766704450160814,0.07157089782811535,0
3.643346708767771,-1.0280931374202393,-2.200208627158961,-0.3669758301797469,-0.6256402831579708,-0.35763218047477524,0.09625862356859069,-0.42174258514219076,-0.10323078482533947,0.26992934111396216,0.15419802961904155,-0.4514081378950404,0.922748941068542,0.6749554898158661,0.05787369570528365,-0.13338497422782,-0.033784927303541976,0.15056305650980048,-0.09956801576304226,0.19977315884621366,0.061249032835336496,0.22584154742242038,0
0.5983386377932609,2.6714588034511992,-1.4524101887380874,-0.6658623123156362,0.8772141377716808,0.6206802417347589,-0.13086817641634657,0.5958875789547641,0.11351868633871745,0.5265279039864202,-0.13123896227313883,-0.7372276976739282,0.7740247936396467,0.46482493434931305,-0.07449962435554672,-0.29065119411141116,0.10588275397378738,0.3347492798024786,-0.05600002506276947,0.03921182041167503,0.23270940714617186,0.3306930660579589,0
2.819388832962795,-2.3355931109969346,1.7227622729835632,2.411066931498124,-0.10799766154697239,-0.2117917011168445,0.09753199602970407,0.9609640224962214,-0.637061196548992,0.34453140006045563,-0.10179456801336477,-0.6302994386711488,0.2342298573588537,0.5905367513502594,0.07248104101716535,0.7995002683940923,-0.17645660128964827,0.7638277916748945,0.3394385461600691,0.1246624906088475,-0.5381251268753668,0.6031925888299204,0
2.9872120546844605,-1.9193793071215361,0.796429350117117,1.6911511376141968,-0.3184525377342048,-0.2768467322325547,0.032465061778417084,0.7815975499675135,-0.5537708337965912,0.34004432100861026,0.03205912790770961,-0.484138913994509,0.6722103648955126,0.26870062251602894,0.3116431789231233,0.1981403055386292,-0.1460620399511726,-0.46626590796228634,0.9007252392865133,0.4687664065781352,-0.2289016595046487,0.12423218681039432,0
-0.048092406084695144,1.2656272210458128,2.2243924312202297,2.2558913375715175,1.3973735414815143,0.7881340728541567,0.003779140802756244,1.224754358729618,-0.4860399487749851,0.23985110449853478,-0.5770877796622831,-0.9823073665832516,0.011948688396875374,1.0921346277606605,0.7043874605543162,0.6059776002718666,-0.20628525752072643,0.6553433150974697,0.39314974127274116,0.22432971984856231,-0.3229428542585468,0.5756134513523643,0
0.140663437412891,1.7802147957207626,1.0814272784541001,0.9806453245285153,0.9725531325134873,0.7066563490255126,-0.030451756211048786,1.1986632242002004,-0.6291659400810482,0.19742584206691685,0.41287230606188574,0.06531247383021173,1.4294599513688595,-0.24089976176800956,0.13694342727801656,-0.3133403575927675,0.2496429729680412,0.05651884731030459,0.7186054780276893,0.5820112151345391,-0.2500550954012529,0.10831667737245781,0
-29.335339315698956,-6.383093229344106,-12.168527810409975,3.6284855768940782,-5.495848850650267,3.3256664410978933,-0.5326433934233517,-0.5962060024320508,0.0358921637029724,-0.420059674523036,0.5456918393493735,-0.18981673146759323,0.2448564357868553,0.10514395531428902,-0.0017754275703414449,-0.6146397821881279,-0.6030523262061513,0.11744768844801341,1.1584637478443676,-0.3627641031740057,-0.24818853615549474,0.04555838261687684,0
-1.6546694339664672,-2.834784272898354,-3.7408286021094,-1.056388821153456,1.762753623664182,-3.3652926385117614,1.2227526922741607,-0.4388374446313188,-0.05160924166715845,0.6120549508755554,0.5896417207894966,-0.7727932617388482,0.04203308806706933,1.1578591672115028,-1.3885234710199654,-0.6891185965838603,1.5810602858914966,-0.26679433782186746,1.5913692502430812,-0.7059050309953011,0.3567046911029382,-0.7570089252414902,0
1.8807473879352317,0.8520221901879755,-1.3756978161078257,-0.3536450670704282,-1.1515411850323851,-1.0578210303352733,-0.09751031565101499,-0.7938516194266585,0.09273312603738423,0.1729448876708267,-0.37201840938382985,-0.2848848991298229,1.1252411862705909,0.598240222979323,0.31276321961776454,-0.12033570998058997,0.5531892491169257,0.3479992572792149,0.49559690451821947,-0.17081837983926912,-0.04136039913431797,0.18401009938440313,0
-1.1697118048631514,4.480491065090164,-0.6945224207332706,-0.6937640844827303,0.31713680229070684,-0.07693135315148796,-0.21969324715240326,0.24251583639770266,0.39044721722524506,0.3269840762240258,-0.7150627922073653,-0.6487452489718512,1.078660038333978,0.3603539066181933,0.19832371588450529,-0.23991968536415811,0.6296283249945445,0.4924730345439836,0.4120351375696344,-0.12710815990748142,-0.15694494320757102,0.16639518740971118,0
2.188465167355327,0.6527507861076814,-1.3108718383459481,-0.4060479447472395,-1.3009095039077438,-1.2132863208008506,0.28826527262216123,-0.8312331028124844,0.03931285621698124,0.15943620130475913,-0.23235904672349555,-0.3457013680629026,0.9570915318352716,0.4537539787620738,0.583030355704655,-0.26445323730190384,0.4526273554810563,0.45315446072296095,0.562952162216479,-0.2169245099195684,-0.1047881752197237,0.27177595794876647,0
-1.032595209845259,3.719275760112283,-0.42114770828407455,-1.6171424711674482,0.36861395252386253,0.22213500181048382,0.011752152502244604,0.2413291181674768,0.4441663116240811,0.28015307560046643,-0.48588240873698185,-0.7747424385888675,0.7484182984604784,0.25769305567964046,0.400051119606751,-0.4328037252515558,0.02790368131340278,0.6474938268541776,0.35664636614326717,-0.13760117403965416,0.20852652999323906,0.22311590159013164,0
1.8826122572850665,0.38069780745519627,-0.9955892896547233,-1.239190918776698,-1.158257922582894,-0.8310857828223425,0.10186956312152753,-0.8051903377572631,0.1843818919826808,0.046702216256915056,-0.1491023787990149,-0.45881848218173316,0.8606768489389595,0.4894025979471668,0.5498542090795746,-0.29083727117056724,-0.09914267461177258,0.5088597806811829,0.38544150237872826,-0.15663224925597014,0.21470628149928292,0.2083979582543082,0
1.5374111793566883,0.09319430228781116,-1.0756074086668774,-1.2932046015973648,-1.1634610036932311,-0.8954216164518999,-0.03472171696183457,-0.8685604997188652,0.2013823407212151,-0.13690772943160734,-0.23301218422399467,-0.25919978026587004,0.5486080424982434,0.5954051456685051,0.2916443297399274,-0.33692162153739885,0.4261891437503412,0.27388673695367743,0.33588256722301424,-0.0484499446550471,0.0030472347145407363,0.5049752984604178,0
-1.3378312038300089,3.5279647399198373,-0.45341075269159453,-1.6502668905797389,0.327239606308961,0.1730467972536672,-0.20043954771816005,0.14406307054426817,0.43312820732042373,0.1530734678295025,-0.530129808966858,-0.5668045289874042,0.37172927356336827,0.3079883552710078,0.18278010094952277,-0.4860674547974635,0.4785006781907125,0.4115057475891478,0.2368985500134911,-0.001754003138307486,-0.048277505568536196,0.48464625432714026,0
-1.3196732590255547,3.7464384831125774,-0.4364995767642984,-1.4263400400006607,0.34505585435870434,-0.04853414772517777,-0.43767948605420454,0.07785876701209164,0.4812401107107586,-0.14885709226057361,-0.5728972841489235,-0.4276030165280353,0.39303738987232106,0.07160026628251312,0.3390532832904546,-0.411279581002316,0.2792597539725288,0.4518244074414891,0.2747176243518946,-0.03735381729471161,-0.012304059716114401,0.46470730594934895,0
1.6701353983998146,0.31562583030370595,-1.046149793949369,-1.011954667918113,-1.1746756840374026,-1.0419457980084144,-0.3852517373101398,-0.915606701994361,0.19530975759844466,-0.325203121498822,-0.28185990601165806,-0.15906921997688744,0.5885968679242263,0.361005341097748,0.5184776057819513,-0.39366627516358565,0.26238206377911333,0.3670814579871331,0.33109455864938364,-0.07136772452304113,0.1181494729955954,0.4517953083291769,0
1.4653459605468204,0.7015552772534758,-1.2584615350792767,-0.5932278329159197,-1.0288138451550328,-0.9480705094592558,-0.6818674516379175,-0.7974090820015795,0.22239337792416344,-0.45528727364336397,-0.19158624488038506,-0.22287683075978645,0.9176226183337729,0.7870632431452612,-0.23824239687326323,0.026256421607656063,0.44842181754040894,-0.03543674605143018,0.045779839487136396,0.022596446225462138,0.46839835226104,0.4086506905531654,0
1.9601387635762053,0.5570446162238648,-1.3097586740320788,-0.4925185054077851,-1.2994684958881229,-0.9587279460225574,-0.07196721048329585,-0.8076910313924999,0.20621281440734238,-0.44405961871039856,-0.25739132019830574,-0.06459552047624106,0.4025338127319997,0.03970473723569101,0.6360249637999895,-0.42181778187691144,0.10257663636730092,0.5410978988746085,0.8560921669377751,-0.4441759223075448,-0.1383159315686271,-0.153712298953265,0
1.5881726971310288,0.0038332333682234397,-1.0222882052734648,-1.3141998079550894,-1.2288851615487677,-1.014148256393488,-0.0015495203559613333,-0.8879486583462928,0.2746782980205659,-0.43971482953028385,-0.20722417158957634,-0.25979939077788916,0.5619359828251361,0.5830221432018764,0.2036484520203726,-0.34677323190879283,0.23015272756010322,0.18542744641375783,0.11619357007148338,0.047402274193732934,0.3721694370497755,0.2778115878813235,0
1.8645841182667784,-0.1638454618052644,-1.2636187803599659,-1.007805169245448,-1.1067147824285997,-1.2210936697848935,0.1473674521372972,-0.9001926313265904,0.21121587898298003,-0.4287518626982325,-0.3757172689208856,0.02824006339090727,0.3868062985105504,0.15977924582255493,0.5485962604667826,-0.17027803941121333,0.36610742052247824,0.25829627567012636,0.4097511736155035,-0.18305006823636277,0.30205489363060345,0.18327810144292053,0
-1.1468189533714295,3.4604636110091764,-0.5940129676593778,-1.4315375328525028,0.4618614294858994,-0.09827803517103571,0.04727537572633794,0.18750666431359772,0.5114239862857104,-0.22522718307639744,-0.7147354931889967,-0.30993574095266746,0.2082785984961648,-0.16328996802651918,0.4103360526552554,-0.3199143630051007,0.40676120000651295,0.3956032232857774,0.29980924570493384,-0.08918013448782147,0.20721322035031756,0.1650652140899467,0
2.0878101399270244,0.46655644777388783,-1.3405343339984637,-0.2571435523749924,-1.498033367866086,-0.6406597796112812,-0.40532208440133466,-0.774867077648415,0.11279867319597717,-0.5482457212854235,-0.12875846303089092,-0.03183111899512826,0.6724623858252049,0.4437989772758002,0.039242596950228865,-0.06903634620603678,0.018125026457768242,0.024554145687793526,0.1369262628941055,-0.16522729135635966,0.5794203502556134,0.1490311204251709,0
-1.0272887816045877,4.231420679224394,-0.6884381079907766,-0.7179721827044532,0.17270732002671085,0.41404416885711537,-0.4278823313590471,0.31345929278622403,0.48661169005045707,-0.39426680424780325,-0.4996528170519102,-0.32432104708662174,0.48736639904074147,0.129013093754834,-0.188234342663751,-0.09198069607976499,0.056799340719752754,0.14081470542078914,0.1148211978444409,-0.08360022265899103,0.33295246831424,0.18398688002059418,0
1.6079906227249148,-0.01633067293615648,-1.1808055573171572,-1.1052833824988484,-1.0896823978047254,-0.8979634877781721,-0.38767251678047154,-0.8754344761135864,0.25095978263624535,-0.5654355289881551,-0.20374980415666977,-0.06000297489610029,0.36433688581714885,0.16752568128219947,0.5376197996526224,-0.4311966102081431,-0.07176072558798079,0.44295995043033687,0.5308265438590418,-0.25091757377615126,0.31888130012288873,0.2890520595740688,0
-1.2109993998994675,3.1695081787407595,-0.6147307777950816,-1.4672326302927245,0.32534437593018706,0.0072170702106831375,-0.4222783530992141,0.11085199805169875,0.5629840575860314,-0.5470610779863924,-0.5535871697928949,-0.3648997232915317,0.30604031277001614,-0.07565865873156052,0.4011782976177555,-0.5023057565350607,-0.024797386994767714,0.5196154371789086,0.4208121447743759,-0.17895048020094867,0.24998398241265832,0.23138506026061026,0
-0.39127397213807946,3.9618275008201134,-0.9275345718108797,-0.4969465931565701,0.3022869043415527,0.16378170262210015,-0.02824945270598103,0.37477451472730755,0.37873747869862556,-0.17112042302639066,-0.2949581020396806,-0.5738357703672953,0.41822614407317277,0.6194074714389874,-0.641326657860607,-0.09225207023651909,1.1380419914800255,-0.08745458996299078,0.3127412031267845,-0.07076287749391447,-0.21325637371098005,0.39091595272186797,0
2.455128416996272,0.6441699339656188,-1.5796112597342602,-0.17309913346458963,-0.953789707663488,-0.7148065795533834,0.052179249334365935,-0.5099120832287029,0.12120493387689821,-0.2850968711014643,-0.023437762023772304,-0.2977618394510895,0.5587824720729264,0.8829848442605289,-0.5025042577184146,-0.0036282942614117813,1.1381246598635226,-0.16304087880433002,0.43852619413420413,-0.1292235948373695,-0.15144868945472234,0.4284184982219138,0
2.1181575986033248,0.37823431617961856,-1.7357218872675253,-0.0008686393896680723,-1.233106885311359,-0.8589345964259196,0.11962460730610992,-0.6591651047845656,0.07097896125070893,-0.32418406413361706,-0.20196288531292172,0.058379388363519275,0.2468480611559995,-0.11897743834768831,0.6890037902530627,-0.7555022630284028,-0.13301638838695923,0.6432856042950602,0.6228716188526598,-0.2376289215232697,0.17547414882697265,0.1061485533881156,0
-1.0468648764865631,1.950982320499059,1.975163603497087,-0.11374626189264708,1.8211338186294659,0.3655895844479901,0.05162679034457936,0.2565352355025198,0.2057491384876739,-0.5103029038663784,-0.22991596225443103,-0.14960856951822574,0.8986542611006092,1.367667235174594,0.4793565832662509,-0.1817852081808842,0.8345303043518861,-0.4259682614122651,-0.7547466410288461,-0.2934387677319848,0.1214233184596979,0.016809324984332994,0
-1.1251121033881442,1.7014470048492503,2.393867533925447,-0.4109207950925505,1.1105323803799498,-0.16220809344403264,-0.25384785863848863,1.9349137521186834,-0.7125089602344569,-0.4147087680282228,0.09536912924447051,0.07398407042909275,1.0354445128185714,0.3680490006510351,-0.6663745515903807,0.3964164376354247,1.0510082710801376,0.995093605579717,-0.22670263489039555,1.0398209222435781,0.06019927178125373,-0.0034919108390766445,0
1.831293440044534,-1.7812062396376904,1.7459775090595704,0.34190145531517124,-0.31252115499454636,-1.2121700296048918,-0.11849766418996684,0.23079181767487325,-0.20272158600518322,-0.24530889940623882,-0.4099411301356588,-0.5866982506853625,0.7099646997825728,0.724411147601211,-0.12807034688289065,0.19535968714732183,0.696311653273557,-0.38437830600074196,-0.7851288492058575,-0.5140010531980481,0.2198346193150455,-0.10011839482827628,0
1.826265768857884,-1.7327825744536554,1.7080254926785685,-0.0067897967929199205,-0.6839784662589079,-1.4499242741819933,-0.3298763267816852,1.103825076725963,-0.7805945657218365,-0.33024279937714923,0.013928177508188002,-0.15847843039366896,0.7649068599139203,0.4681584220383652,-0.6516549245390764,0.7089527870573746,0.8582766971620414,0.8220631911365273,-0.09290909561368488,0.987854383512531,0.26670878366829553,-0.05098032684595815,0
1.2566081062383512,-1.618063668485015,1.996061141789633,1.5315808981698205,-0.8227162267894418,-0.6211206353132376,0.08812920173543763,0.7823862703027227,-0.599105215538216,-0.19797645789072849,-0.2731372863224928,-0.42115812085189175,0.523433593788962,-0.175318334500475,0.5549791385369656,-0.4574732983679063,-0.3815026401603083,-0.9452486623333359,0.8613972204137023,0.611926125969211,-0.19126779934762203,0.5074210652705204,0
1.3727133616318048,-1.2946077009115922,1.3178193038125294,1.2666881577094842,-0.7164994761964008,-0.5212063025733935,0.06117037304151002,0.07400320607336733,-0.2090492517473884,-0.32319307745623105,-0.43987215021562615,-0.4756095695964743,0.2587617141102264,0.25520694244624653,0.6573170977129837,-0.26177969265068657,-0.3752607522728884,-0.37249744907264243,0.5910631239243131,0.342456168401762,-0.03777020725948981,0.36915103480412914,0
-1.3965051525705077,2.7392436983681545,2.019860045208078,2.189529731631149,1.8962220808239405,1.1997612864186251,0.4448428898712624,-0.13385226487367594,0.32977169153839114,-0.547489452566245,-0.2074961683075673,-0.48232878017062986,-0.36908358761421656,2.09210859541414,1.1907234942555216,-0.35178281054322474,0.18995695580934788,-1.135347564306434,0.5757028160218948,0.019502044028565688,0.018855197257218567,0.18896424137088214,0
1.6336606473685442,-1.038690505732663,1.3424860506368705,2.358616424558195,-0.26478264513107613,-0.3648179987879046,0.2627500103492954,-0.1934511380809977,-0.02072586188749502,-0.3809820727664435,-0.32938347509029275,-0.852531497656154,-0.4632424385721095,1.2825491333803696,0.3464187508989593,-0.044679695085119146,0.11414820727998261,-0.9769661156904036,0.6245339740222223,-0.1504500734079227,0.010478335883918966,0.2673461050795179,0
1.7461134039260975,-0.17169937200946353,-1.56501535789519,-0.6758913122777063,-0.9171751470051924,-1.0988496344374263,-0.39949850429779,-0.8103761366819557,0.17902279257336556,-0.5792918818675684,-0.13332912058945687,-0.008659953349488471,0.3188050026166568,0.11057631855074776,0.5151721524586059,-0.579837649111412,-0.07975277023127726,0.42751803549442746,0.2945274652096417,0.036297350430557755,-0.01490117656967469,0.5033870054570185,0
-1.2056424465061042,3.2796969071940594,-0.9324510440107275,-1.1250712823202975,0.6699519878354462,-0.06736119720770622,-0.4683175142476293,0.23376691841417693,0.49712394670212895,-0.5014724378049543,-0.4457478834308876,-0.28901538125194043,0.14777914984581164,-0.1955277431369485,0.33218699755700165,-0.5624718143545675,-0.07932555595488446,0.47428122447078536,0.18245822827226374,0.0946992212047792,-0.16748472832738814,0.44692950455335023,0
-7.742420402813863,-5.011721053059424,-6.6161017913313716,-0.818867948472151,5.093817207269174,-6.5839530743853665,2.357003007530266,-0.3544159102545785,-0.3245517857811676,1.3381307328400247,0.728616476564273,-0.4970527178036227,-0.9240202818552853,1.4380808426341112,-2.4878344777195376,-0.9824219423903895,2.69152964819702,-1.028977919335862,0.9209663085394443,0.10460840377854591,0.23387974781056686,-1.872741636914173,0
-0.04938078892642781,1.6962685275401275,-2.310555094993186,0.023627825980603447,-1.4649777322825501,2.3035595584555226,1.8073364062814499,0.8724607428951588,0.14813757716893305,0.28914186511551004,0.5431764004171339,-1.463621312681069,0.9272857130349467,1.0185965323255382,-0.8607582297977767,-0.8390417319703908,-1.1612851294896385,0.6175554340064039,1.383369297309276,-0.6073825843490357,0.1486715206061025,-0.5979603409299572,0
2.6402972863841847,-1.5605021876677672,-3.0265482145156803,0.1318925349813197,-2.5053813067919357,1.6871535072351531,1.9943903521259103,0.028632173873401202,-0.043246143389519244,0.07893693455849601,1.0356679854496287,-1.0283721636852419,0.6217487099982393,1.182520493784092,-1.002104106000698,-0.48310712889899654,-1.3773927163020243,0.42578157963284163,1.709803125670509,-0.7500054476143118,-0.09868146730733043,-0.27925372868467496,0
-0.3789503802281924,4.727719573830443,-1.4897981890120477,0.4897893166082262,0.33310246299993285,0.2934629554142491,0.6813841969427822,0.5969375371857669,0.182934690023503,0.4984696810069241,-0.43503361242277455,-0.3727192940544411,0.7494345711402095,0.004318963511317845,-0.17841243910302595,0.06425548705150086,0.15319021308134664,0.2982475745173762,0.36960117742443466,-0.08524024385808104,0.23249003081073236,0.3954301528475339,0
2.749341851689359,0.970078330115493,-2.2346538008507,0.9271432787664263,-1.1947354182487069,-0.6796033875076161,0.7064726043929414,-0.455206626313978,-0.17811526907817185,0.43693679782649214,-0.06166035830886,-0.05488936160332249,0.8793161281058443,0.32180722124040223,-0.006080717249872838,0.18317406136329,0.13000230718425904,0.16777270139507042,0.46896599701094227,-0.18006480317067802,0.27571917520752987,0.37620122695078506,0
3.8067390519139397,0.9589820479770802,-2.4131897674366396,0.9545740216724238,-0.521201868869261,-0.2909165996970058,1.1970614471931915,-0.11006654642975969,-0.37949512759709836,1.0447827231058195,-0.01020788597270393,0.01386326652727151,0.26433289827956896,0.038835189344988946,0.1508687827832438,-0.07749133470581128,0.5272830973684302,0.28358733907543715,0.4337057412200829,-0.153422434266895,0.22500072723048067,0.1141716408895965,0
4.328972441824804,0.5587871163782754,-2.324190738035007,0.2941017948791308,0.23591976134900608,1.0909818466332555,0.3032374734681866,0.3270195583154187,-0.4660666167637658,1.218866166643333,0.32085066736936485,-0.07575407314158883,-0.3528904699312172,0.05732641940483027,-0.17290463569283293,-0.4608188579568943,0.43838817421817483,0.2888096759795455,0.37080571474844287,-0.22003303872572616,0.9007753305949848,0.10467704125869134,0
1.2149533637233383,4.154955750141496,-1.4848160407637487,0.3998008154799242,0.5705419205951834,0.8939968103615761,0.39453545618807595,0.7408800833323311,-0.06588956588902166,0.9050508852100956,-0.0468161840753818,-0.43102129758122476,-0.020927741400401316,0.0964383591076399,-0.238378325184845,-0.7026352165327499,0.4449569749727496,0.5046069423189313,0.3338642009491715,-0.195035992822783,0.647865085406069,0.13518233970335583,0
3.0339756556020907,0.5275801082621797,-2.114074534712844,0.3193150118907183,-0.5294403901038146,-0.053504939609935305,0.23842245920692226,-0.24314611414259604,-0.2598301648164832,0.5224710142744146,0.09895286488230583,0.10656824056430836,-0.07537020109366094,-0.019826541195659034,0.09193109840861999,-0.30098832683723686,0.22174029814270582,0.2307266513460358,0.42039968700893643,-0.20579770361689703,0.548063021485671,0.28218278815299963,0
-0.035708625144289165,4.179989015496107,-1.407818423033952,0.11792561863247163,0.579152307782348,0.5060061912878842,0.3216390760412096,0.6201370182277443,0.16554518778942512,0.3651054515005714,-0.3062456937105022,-0.2193952526366942,0.0021007542106688598,-0.1673657229703766,-0.07971960160508107,-0.4589905187290007,0.28153634243286124,0.4374489238690264,0.4804666770415643,-0.19683319001948268,0.4018943553848436,0.4222979394464904,0
0.19178727152638797,3.858548495228885,-0.9815369171471292,-0.33136477779654216,0.3361945535965838,-0.0766606345332463,0.6943135725191942,0.3853690866674007,0.1310894617795602,0.2736218828968154,-0.008523932071348396,-0.49501386004071457,-0.11332960582119296,-0.01615893237892084,-0.04248074590590455,-0.6799855078455254,0.31380233444251604,0.23571339103576602,0.1784385166719813,-0.13092196617780322,0.8067498568998742,-0.286887129245571,0
3.2356003690313746,0.36406252755912516,-1.7556675439218559,-0.12230002254794654,-0.6932111121680925,-0.6839268542456758,0.7307716898977084,-0.3999313979677326,-0.1375271182331577,0.2827740769791152,0.3123011034357919,-0.22037319465002783,-0.10297790391165225,0.2043277836319598,0.03083664262476086,-0.5541838273178848,0.2809553563721111,0.129631135316269,0.30276562515958816,-0.13958634458831015,0.7402637865236437,-0.2711823251740981,0
2.922617491016107,0.10584410890614786,-1.5123859470381857,-0.6198576609897956,-1.0103874903455743,-0.30631969326138236,0.5057271869043243,-0.5294926926179367,0.04335157918881823,0.20126049537683832,-0.4418972999386788,0.1032421948261383,0.2631371543316995,-0.02684280346925437,0.509675963241484,-0.1977283269612903,0.22236227202457384,0.29580817586317815,0.3864855219031361,-0.16601090524270817,0.5372556045745085,-0.08607152989166804,0
-0.11328043594790523,4.046462729997912,-1.30135920656641,-0.029639711793152227,0.585233225177008,0.1388069988899118,0.019332508519873264,0.5110673237985079,0.20420164851566866,0.2405474168807785,-0.13564000722572325,-0.6421062130460314,0.5242612455663908,0.5095127395589139,-0.5913566748717208,-0.2831630617851092,0.8085809746800986,0.056998823467658964,0.08153122544190243,0.14570906737680156,0.03501557099897392,0.29871075597527136,0
2.909610332199003,0.4355905843798386,-2.0157207433922233,0.26497199683275696,-0.622612799968833,-0.6242341673980564,0.10424016583412472,-0.36321806673024193,-0.13859874628908206,0.20357453326397829,0.2138612075328305,-0.32178193568979957,0.5597414654991751,0.740551080612414,-0.4368604920176696,-0.12722440733364584,0.8009912595778628,-0.06865767342403602,0.2021405314360927,0.010694999257947863,0.25003282004305566,0.2953858333548351,0
0.2585098122243904,4.929904157174867,-1.3000077836408233,0.5214141685359823,0.31368772011965507,0.3792518591546752,0.5261680161422738,0.6068108851656586,0.11770690626554206,0.5722123347915814,-0.20652908664499153,-0.5224779896657775,0.5712665887612437,0.06660582690679037,-0.1078459916807807,-0.32905043227591546,0.08525166190927393,0.46774736384290927,0.16600742710898791,-0.05616247500585409,0.3835176646779909,0.32693884299533416,0
3.438678930882498,1.0882127377763795,-2.100684078781091,0.8181927529744875,-0.9724016134812936,-0.375749096266419,0.6254981829695333,-0.34317897778917517,-0.24264849392823726,0.5464893084507487,0.18927600148077373,-0.13416477932308346,0.5385487176994298,0.29165015429229624,-0.015241793380592153,-0.0912839775691323,0.028877024124770837,0.27034830203299676,0.28766504821675376,-0.15614118682028827,0.5014229570828653,0.3487152782198234,0
0.11255335656571029,4.8959155261268625,-1.094050799197614,0.1753775905993525,0.3728191535962422,-0.12070008452165616,1.1175138501146966,0.5654600588933819,0.21792324372022268,0.47052048164287125,-0.3326979777508651,-0.6163467731857379,0.4158099390260432,-0.1417786487795944,0.24287416442260165,-0.5459163666351571,0.3039459931259254,0.5980683603498995,0.38794559464324607,-0.11323899181082103,0.04085739153051137,-0.1571131575384128,0
3.22188684459954,1.0557205071864757,-1.9000565994334775,0.5875243357509499,-1.120320724944903,-1.0765972389127512,1.1944822022078447,-0.5143337704097027,-0.1435791397438502,0.41440786042644984,0.09092051011413273,-0.21086036084032087,0.43075379007814135,0.14654477759202428,0.343301106125373,-0.3498788700753852,0.22171389260548235,0.4588966711445964,0.5986764938952827,-0.26524445694005944,0.10751769842663132,-0.02520012676371724,0
3.6246422454132676,1.2754120300488414,-2.596817468358639,1.2546522775008389,-0.45597783140482917,0.2330315129690519,0.9205995594326385,0.0750083669862646,-0.5178295599236353,1.3186604565224203,0.2968399884239118,-0.14346143730222793,0.43410623024746514,0.24399940012943555,-0.18872478840063683,0.03811094160757274,0.21865021522415645,0.19941540049937517,0.385010072193532,-0.251209818124501,0.522871817941752,0.3274218542804179,0
0.49452163714355657,5.090354392305232,-1.8241662373838978,1.1334652167390187,0.5442483326168731,0.6903875837890239,0.9189760083835689,0.9100785975470186,-0.09027296978905423,1.185897967803935,-0.15039258796860355,-0.5546425638496996,0.6501332244531596,0.15663674180641318,-0.295142417567162,-0.24456815810093843,0.3155007001266486,0.46637460386657026,0.38876666764763024,-0.2035945150960094,0.3600740628867689,0.4014067314762543,0
0.3261272230012952,3.343675714339088,2.2234141709752437,4.28807350794943,2.242018550267212,1.2740756885564233,1.2274506963668896,1.461001186554164,-0.7572336442285519,1.206005283750333,0.017811940761190217,-0.2685172834840219,0.2913082590862752,1.1256849189846907,1.669261697078709,-0.38881605978795003,0.034223833353797,-1.0558312572148907,1.1585258273658696,0.01342264130192138,0.28947296247715965,0.07317120629730325,1
3.5807191894321475,-0.40442172392051956,1.2811418464347475,3.9308757594669506,0.9254472815937967,0.6714187027311849,0.7773725924788946,1.7912688948939675,-1.0702939125230033,1.8550439243015018,-0.023702322116343315,-0.5877830784578071,-0.15089720978432172,-0.11796029684634457,0.7351455424669464,-0.012945218121945998,0.011639833266833767,-0.9560871643375277,0.9890309460008916,-0.015997997611679717,0.41046350154361866,-0.01770211574791248,1
4.178811367528583,0.5760691700294001,-2.391290598900224,0.3571088398158946,0.35503323811932175,0.813582627504006,0.37605441980318166,0.3162205269463622,-0.5413520300501248,1.4286837769261727,0.4332669093036063,-0.22998603681543742,-0.04819480056935863,-0.034005548619575096,0.15263233920223193,-0.37955170382006076,0.08167891908023166,0.46612901329532086,0.4628931995106717,-0.3349825339855142,0.7528840367043407,0.2260738175790187,0
3.317209437329895,0.5999216719100952,-2.451218472158747,0.5396694715451811,-0.00652316045694904,0.7730855665094425,0.03509160341983138,0.1102685490747619,-0.5187572247390337,1.263133518000543,0.11364858712182967,0.19349436677256523,-0.16390603959439273,-0.06912371974413811,-0.06380978246089236,-0.14046617842035472,0.4361733030525751,0.13827756001457112,0.431784992944125,-0.2947923473469151,0.8990650699524912,0.3865462790277696,0
3.6886629273051907,0.6434476899258635,-2.0842724708640388,0.16666910566959334,-0.09596500232839457,0.3273234654710787,0.5429526819512661,-0.01351320231865529,-0.38649234874336647,1.0365782283194929,0.05048075511808494,0.1556675334569058,-0.3236134060472551,-0.3279515309162667,0.3768737013191831,-0.3790034466544213,0.23855331321714374,0.3686764684168264,0.33918998294886804,-0.13028398817590497,0.8011485412508782,0.39722508457800043,0
0.0077455734894493556,4.075477237295277,-1.3048489867229072,-0.12018608701159768,0.4145974567459445,0.7730350551943281,0.43082303197269173,0.5654045919598226,0.11727009758636944,0.6708080986326155,-0.4695946206384974,-0.14254822228765057,-0.035307128870263445,-0.23024298885725306,0.1418097059306859,-0.4344145845426,0.30830450597136416,0.49924479365542157,0.3922816469830532,-0.13118626442229148,0.23184666566449916,0.44680898873040975,0
3.086883292184645,0.4334567514555883,-2.0349191369626616,0.08446076314745464,-0.6199475537512359,0.2744430278587508,0.4171665719468563,-0.19813804446638875,-0.25906232870348317,0.7193558030168801,-0.12593903985618235,0.16685068773418651,-0.06534861238186518,-0.09140458707317317,0.3205123518351346,-0.28994326524713243,0.2858717724107001,0.32928597076441335,0.3953601817715373,-0.17035608499454874,0.4476180920561495,0.36674832800156254,0
2.588981663688682,0.6169204727170576,-2.03852800738669,0.24409738052728244,-0.8615261137117948,-0.16970825450202712,0.36824319670180855,-0.33804685048315564,-0.17456631153400495,0.44621369079784673,0.1254324307006931,-0.09615714029025496,0.2763705712145796,0.19184850793896424,0.06546253550249645,-0.25327009751955615,-0.02258519370362388,0.2884978029338988,0.4451714266053774,-0.22523130582931455,0.421101600836663,0.23649117796073219,0
2.5113456028767827,0.4207567213500419,-1.8999154806167189,-0.032584234199040836,-0.8786395089919359,-0.46283345094911815,0.48939856897666195,-0.4384522578044938,-0.08821910223611563,0.29870170576587196,-0.13654387072234886,0.05227878198093783,0.14271900335220217,-0.027414281604139015,0.4739253938155513,-0.40937692575210294,0.12462340530403669,0.3834307417293268,0.4753008404615442,-0.11750714150789737,0.04100862606158286,0.36584484662216377,0
-0.45459149090753564,3.063111943656941,-0.8147059842332262,-1.324347833074211,0.9480848710277023,0.04751951520301096,-0.5958566227159752,0.3584958665390549,0.45178471445597596,-0.3347994458884848,-0.2692821224628195,-0.547447305589114,0.13284587325733996,0.18714820144301392,0.05480006780729433,-0.7636482253491457,0.16406033881936072,0.40760718518023503,-0.15629187930596064,0.1182486960387224,0.5085999523697077,0.18060528539316187,0
2.54223213989006,-0.5874619981343485,-1.511550383714425,-1.1016284204426332,-0.35419062072143276,-0.6875559817709873,-0.5571341576333374,-0.6014003711954737,0.09535157659806134,-0.3005777641679306,0.08579917638572386,-0.21103726666885483,0.10512468641252044,0.32103302104529213,0.2191269557790463,-0.6649700862230846,0.06976364905163433,0.24535102426925756,-0.18689514056472875,0.1796411067322899,0.6047342305375405,0.0920517006048013,0
-0.27600872971095136,2.598564292683717,-0.8040295655468078,-1.6411810827558053,0.6422907626031029,0.3306363941019505,0.3265823726205857,0.37634250672138153,0.39690824218924675,0.03661242644492884,-0.716714161261702,-0.23966219264013353,-0.30758693130984355,0.04307442604867748,0.2607822012387919,-0.7973241845667117,0.9655045072673288,0.29487684037414713,-0.03315678268029205,0.1757437385866149,0.34540967572565157,0.4197875378777768,0
2.5428660652080004,-0.622962061458818,-1.4163302017309132,-1.433450609918229,-0.4815574179148527,-0.3492705979568503,0.4236357217276426,-0.45737054715762604,0.1276440618266229,-0.046821180102924305,-0.3820527473295237,0.09364696559194724,-0.3621354650554917,0.16947025635839447,0.3565418523928596,-0.5824347235074193,0.8725979933231292,0.13263301465798413,0.04544411009760154,0.1354056221551166,0.3955097762810968,0.43496449762625433,0
0.1357964106304575,4.924162962327169,-1.4715508259123988,0.9739153611485231,0.1955204595854991,0.4088512956527218,-0.02058779604671331,0.5350036535173971,0.16583509295930876,0.16083399892160186,-0.5677933587859534,-0.03365031591750296,0.47131097797073346,-0.2316841478029568,-0.12854646419339127,0.0011151306210310837,0.42678855093530704,0.25187721012153563,0.5616093603425447,-0.42867353063515296,0.4270243524840308,-0.20804671151300339,0
3.286629265777833,1.197451302926364,-2.264715094579476,1.2311421555220279,-0.9705142295802607,-0.24417479468048833,0.058683644790319095,-0.34625635174476443,-0.18543033759762487,0.1766888299959859,-0.17370654621553427,0.3477593375089846,0.37151773303342395,-0.05057337112754029,-0.030651615563221747,0.17831235907362247,0.3745409059661967,0.099439915632012,0.7085344422318227,-0.5138334507029043,0.514381619161266,-0.138520890641638,0
0.1622745476530214,5.004605403064842,-1.393973377074911,0.6521862016209166,0.5137507540628553,-0.024991931371192218,0.7169597784402227,0.6253307630951971,0.16543317691030757,0.3554240264800561,-0.17883919488870487,-0.5255379849710451,0.5109240964872126,-0.024194623246516098,-0.04177587974867671,-0.29137987245823016,0.159467651328701,0.47526615523009563,0.2805525969058265,-0.11583904175172527,-0.029586909008706645,0.1718599623404171,0
3.253726500090599,1.222445954508634,-2.2082237815368546,1.0314060504851643,-0.8938505614445184,-0.9192803256266164,0.7751546144060371,-0.410872116586265,-0.19204068834315133,0.36623533963518795,0.21316771079723662,-0.1459459549388079,0.5254423247065111,0.24355351792297508,0.06940177757274943,-0.13653293004595704,0.10696102519088989,0.347577695779145,0.45777264531845063,-0.20539024314966497,-0.019622511896076198,0.25673721707317293,0
0.68394706004584,5.010968050068356,-1.8117802542849166,1.1309687312401684,0.786047934563474,0.4588708458877816,0.6394940651228288,0.9005013644282899,-0.024470331127679722,0.8437356305920475,-0.028958054592404095,-0.5394356165395517,0.5227867496401699,0.029561626586540463,-0.2891140313345692,-0.2459792756073302,0.27835102425576086,0.47545650222857294,0.5420994643635348,-0.2814782635942306,0.3113366166464588,0.36738906602310617,0
3.777614766691135,1.1714477550477989,-2.5750930875378057,1.3112960166292074,-0.34997622991700406,-0.14069332370565316,0.6376329372044696,-0.014011210986481134,-0.44992696485292105,0.9245604457488117,0.430692256014851,-0.13917629441545692,0.36484254643862535,0.1502203987970548,-0.168985152751166,0.019213354403133206,0.15489413129718874,0.20999046201446672,0.5280276230997049,-0.32651484397073044,0.47145386812702184,0.2673109301297593,0
1.0949995650669995,4.622018890978086,-1.8431383363037157,0.9443777273631845,0.9181793621390485,0.7613475335807702,0.6310339837763292,0.957419503850289,-0.10555988195522935,1.1206328719474856,-0.1979258603547649,-0.3764989662407658,0.3753330190695311,-0.16006163929425488,-0.041282472312309075,-0.3030097123736286,0.30323610845272947,0.558589895380836,0.49712146698543463,-0.22890260897185438,0.43843762439771183,0.5433705330183982,0
4.225185207999844,0.8823093496683123,-2.621994487432512,0.8885685035604028,0.3153337028466988,0.7199688177042243,0.5481311130263968,0.3490209997565418,-0.5615673190340348,1.3967139245828535,0.24409533506996536,0.022492527652166177,0.031696138922216774,-0.1863366194507248,0.055095162259294096,-0.007170098820929691,0.23187361876614346,0.2665424047002955,0.4402435732063505,-0.25078902620572047,0.7030535347562232,0.42458507075172724,0
4.13149011584588,1.0131747751410234,-2.576208172711861,0.966951700884295,0.3660491934038407,0.37251624507780723,0.5127890311944648,0.16123933846934094,-0.6700563672005266,1.5642044119658343,0.1752103109570981,0.3325057045160527,-0.5573475979882314,-0.6218303530949327,0.48277860577353804,-0.3370450236501657,0.48234938417627343,0.44876168978904574,0.5573337996310249,-0.27517101230017343,0.5585759705236709,0.4368985866839633,0
0.9181724795773291,4.816358872715098,-1.7570398299325218,0.9824388540798626,0.9986025642857685,0.45952971050334646,0.51538341359635,0.7450462927880824,-0.2712180262828837,1.418581686161106,-0.21368088118085404,-0.07099034249791869,-0.26224561755662695,-0.6215657679822644,0.3845799923448131,-0.6166426980197421,0.5238241168743274,0.6893992122161023,0.5097546712201706,-0.21434233299703126,0.29056347429592033,0.44436535328528337,0
3.043576758552689,0.5019299168189584,-1.9928574934901706,0.021854665631919314,-0.7638413336297527,-0.2565928612601692,1.1903781067770107,-0.28298076760622454,-0.13175927782343985,0.7323416798522251,-0.4855807924058767,0.21069274433108579,0.11312177167328097,-0.2378261363880916,0.6244306869947165,-0.1248167634569415,0.4691770411305045,0.37115083501310786,0.5832219808342844,-0.21962502699554004,0.010769954556403291,-0.0903326119083253,0
2.8400985896067223,0.11937439749735583,-1.8169048080329158,-0.24748571228704797,-1.0045555393179437,-0.15488094741822142,0.8305246547779311,-0.4223087660873436,-0.15118804016389895,0.41621514809055093,-0.05602952095260897,0.08763220258004245,-0.02346398230524676,-0.20128059157240027,0.6246707392263269,-0.3106094104950494,-0.2599406481802381,0.46472836043641874,0.4928471399657618,-0.36420145360269146,0.7998131859561137,0.21242277291551273,0
-0.269152383723935,3.7106342986805068,-1.119847247912086,-0.5235429235548431,0.20096677382879183,0.49927358367503893,0.8661524467445472,0.4941570640819171,0.26492848335334246,0.2761955657546934,-0.4743430804776039,-0.26873883058026654,0.060754931556739514,-0.38330976659285626,0.48124873314624683,-0.4753880379433,-0.21573672401025518,0.6364166856109462,0.4530993292045482,-0.2883270632759561,0.6576250322014863,0.23891387704008618,0
-0.040698167007924814,4.9152795498948585,-1.2462306167926143,0.28241493232473946,0.4140210852121291,0.17107726587707298,0.8506707325517252,0.6353180501724057,0.23218254764650206,0.4935205355642853,-0.45356488658609667,-0.5214334988106464,0.6783791148256596,-0.006084025951377372,0.07866667612078485,-0.12202549543451859,0.41424294990776217,0.4269560733541867,0.3853346821812444,-0.05928787546761522,-0.261952427863986,0.293462137036885,0
3.146419810643073,0.9446589072334135,-2.003930309576814,0.7449217135217754,-1.223865653590264,-0.8624728524959087,0.9025128107813829,-0.5050641655199768,-0.1984542635736741,0.4309591939598993,-0.008029849364055859,-0.1285645286160661,0.7253706105915836,0.28076615093533236,0.26342634619000804,0.014055815991941526,0.34100920480519314,0.2564691287942049,0.47340352935259566,-0.19300547945488217,-0.04307821265280418,0.29694625113808865,0
5.5253994691746104,-2.702198634341037,-3.237128596631236,0.09167499512705067,0.33008265225473843,0.931942855250954,-1.1461657545243698,-0.0211446668133198,-0.2791777047870409,-0.17870215540391762,0.4216448797729186,0.4331366196558524,-0.4518305775440879,0.03327714110223959,-0.41729898027828966,0.14630687831091502,0.049124211259629166,-0.4463764671453759,-0.20200390698091567,0.04742270042906604,0.1041907085929817,-0.2658514861428365,0
5.410058984861376,-2.6150646984168056,-3.062011735424362,-0.08394244833089676,0.24332229974376043,0.9015768191992952,-1.2428470216708003,-0.07484233667190647,-0.20722365466652723,-0.30899201937844983,0.38074501264881216,0.4429237938064939,-0.38395489217620044,-0.23805191340689433,0.0017634682356079876,0.049196651132430595,-0.42749872785223697,-0.16136229004520639,0.022294317938628808,-0.08409725090147002,0.069364313935454,-0.129543367042139,0
5.733521712539776,-2.9385917907150705,-3.1759854762333295,-0.28608350031577356,0.5397945587007343,0.987232244574858,-0.9260115078021184,0.013856794333024317,-0.22260766873818125,-0.1345571180964438,0.41776521742560085,0.4202270922483858,-0.3699896484499861,0.02255203942156768,-0.41207679793762214,0.4300904577331675,-0.129166271301432,-0.4300381798177915,-0.18025208637884924,0.001779887867954072,0.2864982339650334,-0.02479636391329814,0
1.815361288250706,1.5717719305785975,-2.1282116243403126,-0.17659574946561707,1.207039940706757,1.226206363591356,-1.219497998580139,0.7102410399310415,0.014760639876335208,0.31857067271935524,-0.11508993473093647,-0.1989545490862701,0.17503317856327544,0.17956185761482474,-0.381730175396382,-0.41407485625595275,0.34820033563851294,0.1860114777609917,0.004191785784115181,-0.0924974662103123,0.6147166471941441,0.21157593783729903,0
1.3633742213915956,1.7752576570523622,-2.086129665595806,0.18510405471575261,0.968486083396763,0.9773906394007178,-1.8053302351066494,0.5444884572319544,0.027485912731061452,0.006750707337249369,-0.4304079338625389,0.09552983943183635,0.20323431429256172,-0.07720354493559811,-0.055920397036949204,-0.4557760150415859,0.5616254659383532,0.17986344100817417,0.14596886818608715,-0.216280080106881,0.4455742346615082,-0.07059802483253584,0
5.354478193495968,-2.6632501103676365,-3.112449810417466,-0.0427021700267854,0.4456310910751337,0.9346164959256497,-1.5060549324486971,-0.040632401248720654,-0.1667278845470879,-0.45717932788545723,0.1092737857239401,0.6900178977347697,-0.4036564090682158,-0.23628671048386993,-0.15650213783230751,0.3867758930776525,0.052553885255994394,-0.4372513277965537,-0.04191625677635214,-0.09465979174727712,0.06399957861565475,-0.24807666023269268,0
5.441666859687512,-2.7121556850297877,-3.0239954510132043,-0.3916699607520099,0.7630250791866701,0.8429448577283474,-1.1943304410438362,0.054494080053817937,-0.18206611739260195,-0.32349153182849133,0.448160500334793,0.3902276639816198,-0.4034926266580942,-0.19527666761356746,0.004960863818341535,0.1871227071381269,-0.4733086642183392,-0.1826961811115355,-0.22828349898435232,0.021723336771782117,0.012751659744280478,0.21404794901468197,0
1.958007231987175,1.7357194224419576,-2.056829807090999,-0.05479445475246331,1.2027107848651282,1.048065373781479,-1.1537649859081889,0.7140408681377519,-0.03521451539030946,0.4140788428280605,-0.2915543999270825,-0.14443475221243685,0.09765007067188354,-0.13949236807141557,0.22552732258446415,-0.6378256352185352,0.6263086061623977,0.48207702146729026,0.39882599435751453,-0.1868537929538307,0.09632788879187457,0.428507624374985,0
5.899631163297801,-2.6882264534479523,-3.0957256432151365,-0.21145670214107004,0.5900449581611477,0.9084183150563017,-0.9705978137975491,0.013839885956244339,-0.2745819587896227,0.022388303630711568,0.3198589336138514,0.4590267339081317,-0.4882006266448581,-0.2961869252193795,0.11129017177307746,0.24975508919253994,0.06537558712054656,-0.16778481385752494,0.1975716430456141,-0.06400056930068282,-0.39943383723072984,0.1756339787308083,0
5.705101286096718,-2.679756179835795,-3.334437623298986,0.005287586215705028,0.43435531061546095,1.3177554023059057,-0.7376302683357039,0.1455555632656889,-0.3071839923513195,0.2117401597277303,0.17801894238727095,0.528190658300277,-0.3299251715037337,-0.09793323184159469,-0.19086699966339268,0.42893537967614453,0.03691970201286886,-0.3798263792400243,-0.15383149622594824,0.10516283903160217,-0.2160950427545999,0.033583757207380556,0
1.756327936210093,1.6882380619311497,-2.2634923301928516,0.11713996409838444,0.9332522755437967,1.405029513138097,-0.9472819651868355,0.7290500341224289,-0.08510313862170747,0.6057528032540901,-0.35862489539509596,-0.03244598229474378,0.15806277581056521,0.02193421680872816,-0.11605111468482944,-0.44292707104750445,0.506928178076398,0.21934617291907696,-0.010014923979308183,0.03733422743008152,0.2183344301628411,0.23199845694628377,0
1.2489380763986433,1.354858754888127,-1.9355472865459542,-0.5970210309369501,0.960650442939188,1.0111636754217994,-0.8185991359316248,0.5989684934104872,0.07285765103966488,0.3520685183118162,-0.35860739692024507,-0.24807204467039715,0.16315077839084818,0.025681253039851665,0.1576996822932413,-0.6760113496469469,0.36385269375147145,0.39186467733887825,-0.00010804568600335102,0.06614280053392613,0.1429425055531628,0.1714445436676906,0
5.129719226278181,-2.9449950105822498,-2.969139388481701,-0.6623049730064141,0.371416808705629,0.8547977292373752,-0.6585292603131462,-0.022353178261971716,-0.14527940053799906,-0.06713142346939158,0.17352697973533865,0.2954087359079939,-0.2707922329355013,-0.039433928204314864,0.07538714917014464,0.13614234133535838,-0.09438453927257782,-0.17248956116050648,-0.112829683443476,0.09616500864160826,-0.2414514546390833,-0.013902912970023487,0
4.985143809330281,-2.9165810276301922,-3.012551247797635,-0.5724572476541931,0.1545685424012458,1.1995502459696945,-0.8463815679595798,-0.047159590543921895,-0.18904240333411063,0.013599577173388284,0.11755965107415249,0.4380253310579157,-0.3301907355701607,-0.053157373590727364,0.06243903860621478,0.04460947815320295,-0.19800913003685355,-0.05583018849306306,-0.05750021582294996,0.02337121204253328,-0.10755954013102029,0.13170720804670574,0
1.726199924077245,1.4317237317912377,-2.094964964094754,-0.3401659413843223,0.7960024749680804,1.3438062453895039,-0.46082831001111607,0.675101578439571,-0.07093010113729699,0.8373519363817896,-0.22317115689008338,-0.3991307458092615,0.46079748747940724,0.31658524781457137,-0.05424716372975044,-0.432667079474157,0.26785012649288464,0.3755985206333363,-0.04290393586123787,-0.0066436953408075036,0.18404411739532753,0.07822606269222662,0
5.627101459523758,-2.9162000175152194,-3.1703066633235153,-0.3889168879930722,0.13547586249850246,1.1381990887209938,-0.33955652721543284,0.010477747470474622,-0.2985640871643128,0.5353509124199348,0.2921883210887724,0.04158810554862097,0.14697612470725624,0.28806372031195493,-0.10281489514181581,0.2575579334571979,-0.19915080495294862,-0.1522651560604534,-0.28023432328295916,0.1978858818961643,-0.3321908637785359,-0.19939653423499934,0
5.385647521868427,-2.8621520886915364,-3.1095035179968322,-0.48671767328735227,0.23252327424944444,1.0894349828674583,-0.37382740618057575,-0.02614746806939907,-0.29859623728016416,0.5264273455827965,0.22274113061210582,0.22339703595337804,-0.028840304349262103,0.027909057832244566,0.03002381797183621,0.4626359912480103,-0.17273572009536398,-0.1806805680956168,0.034606323369831014,-0.06780543579105008,-0.31292335869228827,-0.28930982184130605,0
1.4832857501511696,1.416580664728304,-2.090530872618818,-0.39946268632641824,0.8653222401771022,1.2653781884744901,-0.501193866554089,0.6721981948111598,-0.04070980686343579,0.7930446230080276,-0.33948456319634596,-0.3090438841217517,0.42778471217630726,0.12118554395463588,0.10438327742466771,-0.35474542092537287,0.3121379675733171,0.41510835475480184,0.2616028262829562,-0.2111502296900975,0.18299830685541696,-0.010056263557561831,0
1.7647640317112132,1.8713217534606206,-2.1589282717347316,-0.11543800109434306,1.0912479000142816,1.0500723771843208,-0.31128864661919925,0.7476876229585193,-0.1089302476945425,1.1156202585587884,-0.28632975478868206,-0.4370771461372681,0.7333942205771702,0.014781699587486307,0.2701444572545785,-0.19684959678273253,0.016411796913487084,0.5165121559125326,0.18290050998905127,-0.1755693628995178,0.2650576520181758,0.06241828693672175,0
5.716014297645286,-2.6154140908587773,-3.247821566167929,-0.26826403724219633,0.5899958356892844,0.9580615285001123,-0.07629145157779704,0.13287771655840888,-0.35051729430760903,0.7286045669825614,0.2908204791891895,0.17388384606546167,0.14765453387885702,-0.10356640381645571,0.17290462417186644,0.6772601118910997,-0.4139416109175963,-0.08017372186954137,0.11337483945520739,-0.17128657977261658,-0.15834207392503913,-0.09131518420970024,0
4.82326486836503,-4.745887629051642,0.5611989388971388,1.7526605887688218,0.8907022574361724,1.018881775033401,-0.23186893883427145,1.8363870179800676,-0.922774773853162,0.6353878562769684,0.40592668758498723,0.07940498163619836,-0.5331129318989416,-0.2183750300511957,-0.043950568016587234,1.0313455909407494,-0.5746601694383727,0.5698005630575694,0.4721664330521722,1.1502753051071866,-0.6283430536470029,0.29703779497922234,0
0.9171196429878767,-0.3457092515522421,1.527741001098488,1.9620153104858564,1.9427963946940399,1.4949846144022678,-0.24054135571494892,1.7488126518579168,-1.0157995742675157,0.7422852561594173,0.09869765502144426,-0.1549718223701916,-0.13532941204920168,0.8976620062968957,0.8862000463593925,0.10690438630786499,-0.1668235594650221,0.8629518734122247,0.7565613979970033,1.1799279997294787,-0.09417219548329339,0.3730696934897552,0
5.0588022344229175,-3.8840743385328254,-0.2242851225136331,2.2342808999845922,0.5252338744360987,1.203314651268992,-0.7578474221454562,1.2792749437872981,-0.7296661185636234,0.5215333112101956,0.2941467871409719,0.684973111202055,-1.253495033721258,-0.11276350460585732,-0.19424783460859016,1.2256242799976713,-0.48929136140119567,1.39322375405896,-0.5526559617431883,-0.3779854445834432,-0.216426206067795,-0.341960032704485,0
5.688506867402832,-2.524688296046801,-3.3313780167984004,0.19696123879626545,0.3978002595919845,0.788684322420022,-0.38323319722908544,0.03498460253595691,-0.37289776088609206,0.31164180758986404,0.2311048261756874,0.4697773770070431,-0.2513738864324865,-0.11952270178959701,-0.10003199251590146,0.41041872375846716,0.03166134420219538,-0.3489784984434713,-0.3903599959720365,0.23783534277358898,-0.05832917464598709,0.05680685833003763,0
5.64263845811516,-2.758674765116117,-3.2995148456728765,0.07323975316595464,0.1614204499779885,0.8661845250475413,-0.4188707100947675,-0.020382318677916643,-0.36384097609009314,0.28210912073242755,0.21863536921344334,0.45857047165085657,-0.4227384107733823,-0.4805661234745399,0.4009781657246152,-0.010727016222878685,-0.2792544808823591,0.01979833099422097,0.15232471630874875,0.007872618689375327,-0.3662714383472561,-0.1666279587209116,0
1.5848316217894796,2.0413263615507464,-2.202619147061645,0.13753477999522523,1.0516792168238078,1.1864690969275993,-0.6335732364368002,0.7790812289107566,-0.09053358835381524,0.6905150809639473,-0.29145795165593436,-0.08028000817211589,-0.0344085817032156,-0.3582453544033151,0.3615460212615059,-0.6943543722170598,0.2127302354616207,0.6213803435689275,0.48808294840432837,-0.25242172371542865,-0.0020285623067428427,0.21936893032059648,0
1.7186657526516473,1.7921822289665472,-2.094390863920717,0.011959204532963182,0.8296687059293414,1.1450202022096743,-0.6137941515898528,0.6856819932808084,-0.13336686103126053,0.719027333868352,-0.04407874755320438,-0.3984612478680785,0.28807785304315925,0.34386141305429013,-0.23389188956815213,-0.5361601664251644,0.42042771195979134,0.2817042274245754,-0.04472375240250393,-0.10311002228460459,0.4479388331504912,0.11208068457918366,0
5.553585113345731,-2.5410940514231486,-3.1632885853951893,-0.12351880757451024,0.2441896254260573,0.9817103185136207,-0.34855068559943425,0.0376096328020457,-0.3262439155066875,0.3592591694514443,0.4365297521511617,0.16301615377245934,-0.17951331598081363,0.211418143740289,-0.31128422247134285,0.2723940273432134,-0.04517551174979555,-0.2820863025820175,-0.19274291045913491,0.06071021781811436,-0.031717445442538246,-0.08996646286235475,0
1.6824328653927596,1.7459455107342534,-2.062688752368893,-0.09649703561785701,0.8348470173725365,1.0651452209638133,-0.5461704679952546,0.6447183760376488,-0.13073246230611282,0.937450765368238,-0.25037209517116427,-0.37402417601944477,0.5173027593599546,0.12017667754199307,0.08655937032918379,-0.4673228894471913,0.3076891238392017,0.4045912896114126,0.14856665214198825,-0.13378662492157195,0.4568083971513757,-0.023548993822218804,0
5.535308682993471,-2.564750922067573,-3.1012378189786194,-0.308165968357177,0.3411713792695539,0.9222317874727126,-0.2781563594156468,-0.011570296844800673,-0.34689270798346067,0.6054863519744589,0.3527502852443589,0.21966042732404026,-0.12320386751898817,-0.015330558558060854,-0.07032534187192549,0.40596610257074034,-0.21597439112606837,-0.21010913473990653,0.006621714372793202,-0.02798426273690408,-0.05956634682500201,-0.20835527785086014,0
5.785626264051151,-2.4612076165432275,-3.4814187368521243,0.2800083674482944,0.5607388284018328,1.1255169514125423,-0.4532974965072805,0.1749859991831624,-0.40711075394959184,0.4157739172943409,0.43076689899565196,0.4635594294859882,-0.5210894971685796,-0.21896400110581946,-0.1063670861399376,0.32946357644879465,-0.08705811572636897,-0.16023426262802629,0.23817952396230477,-0.2368962133625116,-0.19594559927245658,-0.12867152378009633,0
5.519769417575655,-2.6462624039342053,-3.2017045738393124,-0.33607979900045315,0.36857136138333746,1.2209814998392463,-0.2940265923541301,0.08534287540172251,-0.3040842218210304,0.6342910175939473,0.2016432216346798,0.19127193152728075,0.04816334666234541,0.1866694968918028,-0.09789861250532061,0.46825581561816515,-0.15568350920570462,-0.11511625544107666,-0.08733351638640137,-0.022475367461253507,-0.26200038815703364,-0.15074726634553276,0
1.5861606626081413,1.6857620342002042,-2.128605463326116,-0.14265721484976798,0.7937275018973745,1.228228750341528,-0.5923504009902864,0.6396592629583066,-0.12298300867245139,1.0534416944047982,-0.31107759041511607,-0.4440474878619163,0.6347820558397811,0.34731666957277846,0.024592526892481044,-0.48463144267441494,0.31354141607641894,0.4818278845764937,-0.030937918856114424,-0.056825189231500435,0.23497590091945034,-0.03639710590111749,0
1.7174148031800114,1.582521066522946,-1.8969337429800606,-0.7764018617124617,0.9691697027585704,1.4509373427190935,-0.21640581520659502,0.745890854948479,-0.10005020909530259,1.2466997803194801,-0.13664650918010257,-0.6315813250503509,0.5253813623097304,0.3784699550022648,0.10246871912287417,-0.49224651207457426,0.22809170568054868,0.5222657356734112,0.04550420600119844,0.022367482501646937,-0.022868723899892505,0.4412536058936175,0
5.671965640272126,-2.8867678767284146,-2.9316343920769783,-0.9369648049569337,0.3570263313506449,1.2978427970044388,0.10714877954222903,0.13615922373822945,-0.2873141545142846,0.7603774225299115,0.35137036077452,-0.07281104545713146,0.035187056484975485,0.27974191203649884,0.0527551771331056,0.33515140072202154,-0.19496044527899542,-0.057500637645517126,-0.1254945707613139,0.10677995929812029,-0.4403085898870848,0.20927549820058802,0
5.171891162820637,-4.786520949355972,0.1529151108848229,0.8357152894476436,1.1673290032749652,0.5561149379696372,-0.045361865582748906,1.5854494226929603,-0.657459130628355,0.944370698807181,-0.22415875033674415,0.44169612231881816,0.09161668264766834,-1.261837271456861,0.11934280708276365,0.7810746469602786,0.540983306405024,-0.6048938383670012,0.4556741214418543,0.5761198208368634,-0.7027800595663959,-0.36309447322095134,0
1.246021718258542,-0.10536707315942832,0.9102324427391378,1.0885773570368638,2.0208306907525855,0.9944655163268669,-0.23168773727795966,1.3947206863512236,-0.6570017933084576,1.1355152565124416,-0.7010434962114364,0.01707270694032436,0.46070293540720714,-0.29204033125075085,0.928269940291202,-0.14088785278464,0.9203493098362252,-0.247265457514714,0.8480893938553713,0.5309600799684286,-0.06844787361021859,-0.061254223347321224,0
1.3761049752485564,0.9993724501437895,-1.7351124097678947,-0.903924241235697,0.5581604811185823,1.512065654005311,-1.0503916541641372,0.49542252476209764,-0.01942866645245393,0.6025448761683425,-0.29734922655998847,-0.3622594714677609,0.41120886879164525,0.3337948399634843,-0.007751779422707613,-0.5058149434318382,0.31924563919418625,0.282845144331443,0.09969470432779391,-0.1909492657675264,0.7100455673628722,-0.00927602078200184,0
5.0945419234726925,-3.0751696283917838,-2.7579170488805875,-1.114961062611352,0.15755551897579828,1.4151810934071063,-0.7140815035475309,-0.03306152501855093,-0.10807979006114769,0.05894564509085599,0.20193316780736997,0.20219361531289542,-0.12805348036944694,0.19472356841429483,-0.1859372788322819,0.3679319625726864,-0.19069336382061597,-0.2613212353899754,0.07718407815183613,-0.1150736535113211,0.13730055547848033,-0.07102671991246169,0
1.8948915798422696,1.793699583697379,-2.0976589734935933,-0.23489959753141032,1.4319634144741678,0.8983416241747955,-0.6034428866896482,0.7506936833832644,-0.08407318599535189,0.9328733491318115,-0.29993941728632906,-0.3068247116117621,0.3705306637966771,-0.13030284699028044,0.3188746098630719,-0.4326629179725919,0.24053163850120626,0.5462315611709516,0.12491955237611137,-0.14507169369547018,0.3767485940687217,0.04707534890417548,0
5.93174731525014,-2.8450463208154213,-3.199824906231657,-0.31487677555108085,0.6937162603266928,0.6750101253306049,-0.41142785886309485,0.02403377745851535,-0.336139944527373,0.527024210818844,0.258930981767865,0.231907847493762,-0.056592696613317346,-0.22588170583701964,0.27185909027350275,0.3474864350484587,-0.269654683564972,-0.06846240011494388,-0.13404001163531618,0.03580436600384484,-0.052325265688092405,-0.2784675892627855,0
5.894385754794366,-2.7866701634927007,-3.403503895838016,0.10809986584812457,0.14379876855760504,1.1644538693469266,-0.3142806265910561,0.07037160570457389,-0.39053873507866377,0.5000320516433,0.31489745073274156,0.27344938168239824,-0.04387212924086565,-0.10792958902953104,0.05375904180996475,0.3134305271576546,-0.3834672324126611,-0.12175928518652483,-0.09610091939135519,0.04845979000920141,-0.20492097336818949,-0.18882379338695066,0
1.942344875216434,1.7194296277105843,-2.2921040316269234,0.11035400343527067,0.8729597467852827,1.4568021928077513,-0.41021448048342324,0.7933035762770272,-0.14896099927854764,0.8509228456509966,-0.1631598881035191,-0.2095472594646592,0.24924905981085066,-0.026824480525993274,0.030188893857585226,-0.3788355378017172,0.08181409663122403,0.428329555239271,0.1835209481853797,-0.19283797316824508,0.3151910021005689,0.1618590281318855,0
5.348088153110869,-2.711548020127572,-3.2191881704926497,-0.33199235680979255,0.3424374030419097,1.1090271049684013,-0.21654144166339662,0.08533422803212375,-0.30662046933016024,0.5210104111701146,0.2846516286595981,0.18189088024515837,0.001325327840377566,0.18527354777348615,-0.07239211808038193,0.3735201669112721,-0.22900420197782678,-0.12233048701410791,-0.2384479346056975,0.09014368380492654,-0.28585701152983917,0.020546859097140664,0
1.5264816317452745,1.578384127907619,-2.191634130021035,-0.27000362595973615,0.9356913313213769,1.2913093385364993,-0.3940427799349934,0.7137390006139457,-0.0690109163967982,0.9136848495762566,-0.272381981876265,-0.3522998091424782,0.45524156489926565,0.23892994086450603,0.0010516714779054612,-0.41928839682955343,0.20478557163367095,0.43411131886928095,-0.13426273225575783,0.07193581258534659,0.09942167971243276,0.18136290014161546,0
5.50088061879495,-2.7675301844105205,-3.1488851782949254,-0.4750382356263606,0.3134013716224773,1.12991176210642,0.028190828812507968,0.0876649920813337,-0.28089748856534696,0.6126480378910422,0.09174476083869608,0.25269329748245095,-0.003640496492333744,-0.05516255952914828,0.1785678923740672,0.40987481455829794,-0.227863043859233,-0.01902610401804088,-0.020946601759942438,0.004205903238864323,-0.22586358380020977,-0.023006698750840097,0
1.7082307754731483,1.489204414876671,-2.1032342059874907,-0.42826125260535663,0.9096736553219015,1.3295553054008404,-0.12137071400339171,0.7245608227723683,-0.0684695922334921,1.0077572158490196,-0.41436986384384816,-0.2761251310079263,0.39460844212514606,0.01487119237103564,0.24024953652019201,-0.3726213497954186,0.20779733012533202,0.5196886329007149,0.092380860373921,-0.0645209484733899,0.21547041801001254,0.1579622778927479,0
4.678822950263264,-5.169630628413202,1.5482726019440718,3.010836473917437,1.7934606993663946,2.1026339722435132,0.4275644338553253,-0.6655452334068236,0.7061892793692759,0.9856124824393834,-0.4980384290287682,-1.1590979056641841,-0.22394347115825392,-1.2323899640435696,-1.39126586879742,0.4302583319068673,0.15625664615575713,-0.048048798205631564,-0.24313341058059013,0.17355538856942948,-0.44392361567809063,-0.284061820970332,1
1.685376464391812,1.42816726057987,-2.0212146548496333,-0.6257522859829392,0.7416966338248713,1.4724314602790787,0.19505506889807595,0.7691661753752782,-0.06806838895213653,1.08847182989812,-0.2474433468705764,-0.46664343026884747,0.2219301126758128,0.23566196831135988,0.09348714008900308,-0.62674939608095,0.31687728217527256,0.5023282694892552,0.03353620421212352,0.002861695054183483,0.11153907122016973,0.12588744373594993,0
5.544730158193525,-2.9134124209819383,-3.0922372082964067,-0.69002415439513,0.16935101797512842,1.2493148103110474,0.3409353077990483,0.1285128196012694,-0.28623804018653387,0.7189732900092158,0.24355129993277272,0.04617069936367704,-0.14876233088376875,0.15815820755919768,0.07267769083960116,0.14019293483850515,-0.1269153029352354,-0.03256001242873998,-0.13693134568155693,0.12687984489249104,-0.41263795708158485,-0.10945243344546839,0
5.540845150441703,-3.075916729261402,-3.1011328738407222,-0.843917833097545,0.5486428776397605,0.8032661672132682,0.4577257375491309,0.13181215595630671,-0.1951319952638588,0.5100037625396063,0.23815468855413155,0.009778735668328065,-0.06176443784417588,0.21949687422506936,-0.1283357572532855,0.5099640143559717,0.23495931293798492,-0.29610315985117985,0.08660546485676822,0.015645438580265954,-0.561867779625952,-0.2609274685590494,0
5.0089654662818095,-2.810349601914026,-2.945408141571078,-0.5477019783125423,-0.047377016618353585,1.2553937075988104,-0.7530089819171695,-0.12776683653388546,-0.2541654614623829,0.11799504255105782,0.35494643686503274,0.3913481290945627,-0.5476598919846876,-0.23591294684881395,0.16503482647436155,-0.02403220328039201,-0.5587404123437856,0.016085932590700413,0.19981793253609087,-0.17687902252936422,-0.0426635953748186,-0.12511196776596123,0
0.9775821677755869,1.5519115410257087,-1.9797654966349856,-0.3623549340901847,0.576293186852313,1.376027241734931,-1.000698534703042,0.529983315139507,-0.026513964374072562,0.5058139678695394,-0.20109762535550235,-0.1855594074643129,0.04361446644877741,-0.06066142302299643,0.21785661252576508,-0.8378519599656865,-0.005790444934741092,0.6368723289640619,0.49554925628971147,-0.3543338254477237,0.34858322739959535,0.12478419848088326,0
1.646790660421656,2.021156594480812,-2.238675692782766,0.17631609673156076,1.2845859617874693,1.2270949036209056,-1.2343957572352064,0.8083984589668697,-0.04162908588202966,0.4531210094225075,-0.18528512679498738,-0.14053038061671042,0.13703236790046253,-0.04071454691944733,-0.050855783524818815,-0.6187309330837923,0.24624749586776287,0.40890178111270986,0.07899798487037184,-0.08729192296027832,0.22450013477598424,0.2918193671703199,0
5.681515392516642,-2.643801608436712,-3.294636538411226,0.03639767655296799,0.5454681675961291,1.0091318279608843,-0.9252466450868196,0.0917341641218045,-0.28493408142444693,-0.005040826109885648,0.332780308034107,0.47071441788247786,-0.39688524238157513,-0.21177538088101563,-0.053240929954104455,0.19285470475797784,-0.25460471622258257,-0.2207342586382471,-0.18878249811495326,0.08443264577301429,-0.12163599938241046,-0.006076024037313435,0
1.6262106944593173,1.670632212851113,-2.2156736256549387,-0.041581516540791515,1.0988084033118135,1.2569692745726684,-0.9831250878431058,0.6976949534073745,-0.03598029213481408,0.5062883607017772,-0.27595498577939975,-0.09808578512899041,0.15684416306225452,0.01399010732284424,-0.05549286180978538,-0.45519424996376584,0.3036872349618549,0.3887190765413198,0.1168827657500792,-0.14850666974428622,0.3034433246160653,0.13337724672383247,0
5.567988579356215,-2.729159830903204,-3.225997166124692,-0.1360382103214994,0.416113897496711,1.0672112868547603,-0.7077121873945745,0.04335113667411537,-0.2567550057635141,0.06518940032091766,0.21921201657908773,0.4705676153920921,-0.33848141466724246,-0.131381261262136,-0.05662785266154463,0.31668279796796245,-0.15706361963966647,-0.18084174161667196,-0.0898847391588329,-0.02347019348265184,-0.04142291209762842,-0.09404805745512511,0
5.551001412332796,-2.6783946008276254,-3.2342858868757296,-0.004873259783766729,0.4224849997343878,0.8965824863284202,-0.7428109108892492,0.0023611138061689165,-0.31242798125825905,0.08820285538011988,0.14900309414940546,0.6225189994162591,-0.5063774218800831,-0.3288352742665621,0.0960044334286175,0.18189713894535153,0.007281287686651542,-0.20802704288976845,-0.0886162359869302,0.06203207223752515,-0.06145147000702806,0.09505120440086604,0
1.6069554522307288,1.7708063208029639,-2.232693809529327,0.08447873933466964,1.1688749613323113,1.1602262781418071,-1.0470392348711919,0.6916156421680929,-0.08582877033019955,0.5419276542534514,-0.34884340644727313,0.07314226028746407,-0.020254574806060764,-0.19238955508446678,0.08040216385941815,-0.5443493534668592,0.45811620548486176,0.3662075400633714,0.15257969501937424,-0.09500552578151045,0.2883458489159123,0.37823335652143497,0
5.40793634465975,-2.6371513504758126,-3.310739106392905,0.11382740826170933,0.33705137617229075,1.055470765832995,-0.821756883576984,0.08306941893168811,-0.30680703545306276,-0.0710755275984069,0.5016376408139663,0.3979005790290214,-0.3176489508950727,-0.017290593949116986,-0.32358218785756365,0.31666847260500686,-0.4103380053591019,-0.34998880549189004,-0.19514502478194054,0.011363137032555587,0.23491127972471193,0.19946591953503137,0
1.7375826236860827,2.03390399312725,-2.2345622511894243,0.2546402214276441,1.3271853432696878,1.1647047932182903,-1.3605474647230882,0.7771921363736926,-0.08502732134295403,0.4711422924110232,-0.10354785802708909,-0.1383678233083087,0.11878401131630378,-0.11296827014806599,-0.06761367814527519,-0.5534275929540523,0.20446737854470423,0.3948316084004193,0.19687552622833765,-0.21862581335525938,0.4532786325423688,0.1571558728506158,0
5.7024785661792805,-2.4976770773516423,-3.279926012679588,0.09624663367602558,0.6638331257878639,0.9841954439287799,-1.0216102454606593,0.10285027427319336,-0.2997018116757563,-0.01022508451935677,0.4581519002152296,0.46522042269695735,-0.4448180522402467,-0.2451374582474142,-0.1702809219002741,0.3072183616203537,-0.302747006921781,-0.24103127159934865,0.02878324861620725,-0.12119549983901795,0.12928027747366172,-0.0403289441984394,0
5.573405665492696,-3.1925257520036348,-3.0556819710491325,-0.6690424823179405,0.19216903837223198,1.1088289207549906,-0.6303256342420789,-0.07244517662135906,-0.23994414671623662,0.23200561340345988,0.47419895796104533,-0.00031662304304414624,0.01195147910172237,0.5118044404363555,-0.4454114308724327,0.30526582386862006,-0.16777443941927905,-0.33855149397250384,-0.42342088428466995,0.15769897842901723,0.012635275775959446,-0.24480913734036094,0
5.280932209922657,-2.9585797505900313,-2.9267139094094707,-0.9387055860300902,0.5811209797873647,0.8138705224069558,-0.15633473667313255,0.02957576373069557,-0.20289697212287086,0.4875880774346606,0.21005803901668824,0.0472772647916318,0.10790341855521642,0.06313930897519957,0.1405729503591416,0.37198781782959206,-0.36950435968058665,-0.03993375307142696,-0.08463141859889879,-0.026069568956878567,0.13097113280692269,-0.19358126842150025,0
5.616385516815773,-3.0166913746550326,-2.94552083164511,-0.6382169253421959,0.05916906051387239,1.0600147114100562,-0.47361615989426653,-0.04618806624932738,-0.24341869267170665,0.23578705384126497,0.32678810579640877,0.0928795307928666,-0.17896294992652687,-0.05108086039002513,0.20255335855870557,-0.08934220070276135,-0.38296760130382884,-0.015618258813151252,-0.13442770423032882,0.16552406517915583,-0.2216783237853031,-0.09572782830067432,0
1.7611305939528248,1.87228575195216,-1.8273844114610955,-0.3864175493700394,0.9006863519145328,0.9691500914306134,-0.48501064661779314,0.6338542928469008,-0.017987962909651,0.69723644798466,-0.24269350230802667,-0.4179737016976311,0.35563144520203815,0.15970288461240084,0.1850671217697565,-0.583187076820643,0.39190920899872445,0.4541155407978874,-0.06898151145377653,0.0790902800690989,0.04721927158515934,0.30655872463512973,0
5.7858143196278595,-2.678179730684708,-2.940475752826714,-0.5528246617201931,0.4049285805487042,0.936240803333498,-0.3162549079703128,0.03717222778356104,-0.25990528824204157,0.35354083854146046,0.3069676067714137,0.12970941870428315,-0.11941739986129575,0.058852102311495263,0.08744507399787246,0.24619840454125294,-0.09393070434457883,-0.14986141924150806,-0.27510948000055624,0.20352081916493348,-0.33907791698198053,0.07220576928420916,0
5.153107804197175,-4.97773467687543,1.696561206969216,3.279915292369664,1.6886946851680615,1.9913855613256535,0.24185637632598095,-0.9521161488789364,1.6217818306732934,1.4609072658176288,-0.4486206907471942,-0.9102020136563023,-0.4264695685008473,-1.530436598228225,-0.59839189718526,0.36699227391966294,-0.20253026480935,0.46374722152949066,-0.14182126977166878,-0.1108435838695797,-0.579687164222207,0.21943533439499027,1
5.870552704997789,-2.9064359729369893,-3.140512373631901,-0.5800569570352564,0.7414042108390261,0.8297830534346308,-0.1430116950798175,0.09322501023358225,-0.2617795680931745,0.6273289920402829,0.17043107015921793,0.07492358939162178,0.30938964656675927,0.3556004584323675,-0.2991949263036578,0.9175465566420957,0.23988676319599903,-0.4133590595862811,-0.2044470112075372,-0.005265741309703092,-0.08762265497951338,-0.3156577429303275,0
2.0457863606527087,1.4016445240682043,-2.0758767004934517,-0.5098027739480927,1.2839310285559467,1.01020460222664,-0.3107736016264319,0.713109936722055,-0.031110117414847132,0.9692174140527274,-0.33076263861189187,-0.45096711226030817,0.720136168113587,0.43810533757246173,-0.2691790485195755,0.1144120111845793,0.6525635765100546,0.1421388900069425,-0.05779952273786932,-0.08533059039066959,0.3829979304555296,-0.06387343654692988,0
5.008290120724961,-3.0868841629632713,-2.9933726622769385,-0.967033184218893,0.24800839794030363,1.177721486628416,0.10435888672219142,0.06590692978494349,-0.13224873672310214,0.2872525979322108,0.09995320255051719,0.23323172408056184,-0.14899823595052933,0.07345044699758776,0.001255304566122348,0.4859726973539839,-0.1532905400781855,-0.15992149516493112,0.19451098056279217,-0.19588143301947264,-0.18424966609856502,-0.216896922329015,0
1.2498549394565863,1.180547475318992,-1.94382870785696,-0.8939808874685614,0.8107643838791944,1.3617858393329894,-0.09585330644521377,0.7050378120711922,0.07979865137823064,0.7347787150647804,-0.46566325782897994,-0.3544481176264798,0.33062976959634915,0.13292183728694706,0.1442422911690615,-0.39889570440333877,0.28900641575585256,0.4267090285189334,0.21806398453689194,-0.16769344929141278,0.24641867786425745,-0.1002323108552647,0
5.378611734528511,-3.3138203311589662,-2.848271143544813,-1.2148697347815283,0.19731716894602366,1.1306417249757328,0.035996468978185495,-0.002758546329526009,-0.12449622729748162,0.27976797776449724,0.20642904002138884,0.06871423929413598,-0.1874672991333424,0.09564580809642628,0.18745841106148284,0.08781734573428177,-0.36368537523791045,0.029856040803547933,-0.11163660538229599,0.11443782589811369,-0.38171624088852246,-0.19318998983869484,0
1.6174791657035532,1.0645560719381113,-1.756505300911216,-1.181141106350527,0.8828954448384597,1.4026069908124077,-0.10006745487225414,0.7094537680707871,0.09390494002252439,0.6918582594779373,-0.33188725863142693,-0.4644591531067839,0.16782946375573787,0.12944495879212464,0.28665738897135395,-0.7191605239249648,0.1090086371859471,0.6003661494277513,0.01180230375244186,0.011114644584731376,0.15507660215255814,-0.01887716534956551,0
5.15678525354705,-3.2735811441327876,-3.007935008776625,-1.1344533275531101,0.24530076849325147,1.1640824331074817,0.4715523846585635,0.07466068101444694,-0.18110270858429947,0.6156913458007105,0.06211511976593686,0.06927615864163536,0.014705424830374575,0.3390614923808238,-0.09311230108117202,0.5629855700724433,0.1544340254907239,-0.22954246346869797,-0.023901669646462856,0.0014582868683083396,-0.3246860954363794,-0.04762585961013232,0
5.139856984582282,-3.28540712392953,-2.7740592848828367,-1.4074813881902926,0.20149654076676995,1.1856965372929864,0.03928399691520741,-0.008401284521719584,-0.11164031201692541,0.46390327479695564,0.12323793846009164,-0.03341179761856235,0.14717018644115332,0.2871851598588025,0.08848745974373082,0.3092007506433831,-0.30909632053388186,-0.04921352899137268,-0.1512934400232325,0.1743255583883878,-0.3201976767052609,0.009687882640792964,0
1.3598401390115507,0.9779762541676053,-1.7054970983251794,-1.3287283317783989,0.7653276208512835,1.3894259593178593,-0.13904792037586797,0.6339982971718229,0.08388124072643396,0.869657746364299,-0.41667027921138494,-0.5667662416295419,0.5523007660121227,0.3365067000243683,0.21329626700849844,-0.5096159122341235,0.16945372319272647,0.5003109810340778,-0.063536406420541,0.11006580147556,0.17806810480116847,0.15777956474925367,0
5.349737608491534,-3.2619918729292756,-2.8515851089015256,-1.30540949998584,0.012580399970799641,1.3284297723133738,0.6788149899119897,0.0495672203801724,-0.16727043966799268,0.6728335702458988,0.11256740948636688,0.007092109448829258,-0.011659493617245381,0.25316946108004845,0.11296426345826635,0.410712790110818,-0.22486268977530466,-0.03285210779636418,-0.0015573794610215645,0.00742594457034223,-0.28591720570440776,-0.05765472686926069,0
4.375183113373326,-5.716004014196753,1.8900991352756364,2.6509884776307095,1.9557264659023288,2.079007010675469,0.8707915800121515,-1.8068155272670863,1.6618855683213614,1.185763888539126,-1.077044285454665,-1.445845497110161,-0.180061511038841,-1.1747260761085732,-0.682693277376088,0.31850393581582725,0.007538762010828062,-0.37448005952330726,-0.591296856477922,-0.6182584821410054,-0.44785971999820123,-0.10334881878041648,1
4.35929378649851,-5.7478749365038615,1.9653756231552069,2.8338037580902333,2.2997779913329164,2.378356216027927,1.089003838525798,-2.6628542634111536,0.8906970815346774,0.8707312502439627,-1.3983613592825923,-1.9073149573356016,-0.32528101427084977,-1.0566061299401508,-0.8324407993606544,0.5407578534217901,-0.07073559026706347,0.03913409059275561,-0.42649761670837916,-0.2319347790555983,-0.7215795395668763,0.28275525586857525,0
0.418687196672849,-1.1554391295835873,2.863540535395418,2.721531296342112,3.1129194545976007,2.6229170103303248,0.9327895555640221,-1.8594686908691014,1.0009525606373915,1.0335054967139883,-1.2700490874036874,-1.520980230644456,0.5216652192950297,-0.439678358428039,0.022291172249108357,-0.6687533271443266,0.5097510290175491,0.11526703633239516,-0.3633581723196577,-0.732034050607875,-0.08601440375881014,0.06659347409326101,1
0.3064762101713264,-1.4502980430805938,3.5286316459439018,3.2636501274314944,3.8290001055349556,3.29030420175194,1.4003334221862214,-3.4584564348039093,1.088872968903652,0.9267093541933819,-1.0175104793118563,-1.5872140746002141,1.1074222562070126,-1.2810263117329304,-0.8423768108567028,-0.8314105765257105,0.6745280509196742,0.9593310327797654,-0.437267442868446,-0.480368705079596,-0.49932106200775717,0.7947384845893725,0
5.04993553073644,-3.274107651017154,-2.7609632380432285,-1.1259508858566052,-0.010827901011922996,1.004783431192427,-0.5227373676693948,-0.24111124025861427,-0.13932401549958393,0.1776386012787985,-0.026213915323923684,0.36904387221067325,-0.2364987769174055,-0.0747459457184162,0.23910589607879854,0.22662870894788575,-0.0924030873817021,-0.16382930373450008,-0.007268311938808543,0.06475297443189082,-0.27323097896009385,-0.21762509856227533,0
1.0726888784200623,1.176672497734395,-1.7584141158333113,-0.9765882116144423,0.7230321139240048,1.235742753218877,-0.7651047878580064,0.5049675603706166,0.10467357346283843,0.5184709584708617,-0.5410342307721528,-0.21421435851344758,0.30225072882181314,0.10530099086956893,0.26052010947085347,-0.5198492503648375,0.4170771747618615,0.45039886406216056,0.3170710383699173,-0.18761333896414695,0.18357048433437195,0.14439943889556286,0
0.39249947848908884,-0.8991347760322032,3.1040728229682317,2.927591215630743,3.6330946142947496,2.8638809753803596,0.399414523963919,-1.9596244543563697,0.5468711998551751,0.36989676857220183,0.41678079475327917,-0.31171450207400864,1.2023534423543432,0.03820462692952452,0.37933580392639776,-1.1606566983257143,0.1104779597375446,0.007736469958838258,0.42764139604646084,0.4077327948714022,0.11410349284157434,-0.35839103696389696,1
4.388692901481942,-5.377644663116326,1.8564778002948574,2.7231502379367516,2.2575981047472515,2.0171283892114187,0.1771947073856232,-1.5975805358949395,1.287460832647136,0.603070053512593,-0.23087804524715613,-1.2915235327026833,-0.2782533906232547,-0.9393103565291387,-0.539726561552432,0.043619103869874026,-0.6557277102036819,-0.6200773175462889,0.2866250481100891,0.47720198658018326,-0.23125002038642417,-0.3537893662699758,1
4.748500371848411,-4.611712564931497,0.8301845094983535,2.2091561313299337,1.0887639050077402,1.4752934651764036,-0.6451481703821041,0.9839021269357862,-0.4654954076685527,0.1694506814447861,0.24678145284021336,0.21567471646825043,-0.8519739699014582,-0.3090057266405267,0.15606370151323487,0.5169894705647101,-0.3686006556924472,-0.16624459539257444,0.7766630471819569,1.0713795537440514,0.00683433484562868,-0.5721041296778433,1
5.51996480337791,-2.9027718117847403,-2.9814613280617084,-0.5876735314851173,0.5222315361702188,0.8794873807722832,-0.7178188386196503,0.008034554333687808,-0.16221415084234272,-0.05779408566627734,0.22293166888598048,0.33271052023620307,-0.27183387843055473,-0.033322838667154006,-0.05591859777911942,0.26463027146146334,-0.13676962137805482,-0.23346762625215065,-0.24419656350719823,0.08566252694309673,0.05407422408728251,-0.07482842689265336,0
1.6315721469304443,1.397168104070808,-1.9930623364597886,-0.4946274365438704,1.2033615868550025,1.1049504213949897,-0.9997290952696453,0.6509379620159087,0.028197376777237066,0.41600282652033416,-0.25527490575952966,-0.19982411257090002,0.1804359861324527,0.08687625417224712,-0.03166916929726763,-0.4761235135045062,0.3170982290730327,0.32721192407995436,-0.030382480442283435,-0.06041432168087763,0.44341094464203334,0.179513903440609,0
1.3687820466250245,1.4099597043029677,-2.0785694451779038,-0.38241503173324826,1.0204263892188241,1.2308422791550455,-0.984740047178555,0.6535302063689826,-0.0038520334782680505,0.4937709246097072,-0.26908387261099176,-0.1976204737955932,0.18635343738077254,0.08326674573793044,-0.004001657518288884,-0.5423209605262961,0.32941282243000336,0.3785544231397568,0.2186259195255811,-0.18853457086913267,0.25688274896657465,0.09285416121816456,0
5.258777435215865,-2.8958811006379412,-3.085902038079051,-0.5253938420836081,0.46844393622143204,1.0574454775190696,-0.7010080046337909,0.05874956938205954,-0.18830706101065256,0.03065438389794842,0.22731296371081894,0.3415131733814982,-0.29634382061822534,-0.033869150394170836,-0.053182449029208156,0.26065451232343034,-0.13565276634217718,-0.1949452485475068,0.028528869184498998,-0.07668099533087769,-0.15476072671666896,-0.14068501761103067,0
5.091868087488917,-2.7911057653643523,-3.1151268047033245,-0.35541898639231295,0.17443011065534464,1.2115217483373069,-0.8350764660386473,-0.08838263200367327,-0.2931760879079607,0.16114867122475554,0.26538314301627347,0.5933638493365191,-0.684782239982893,-0.34738259303889657,0.20108149826884306,-0.011483500163126095,-0.42382729871738356,-0.005855943714858246,0.07824027271864319,-0.02390432146576488,-0.20565144304506228,0.16097618136396966,0
1.569177375007855,2.0549884655661157,-1.9976614877982768,-0.03895234125190756,1.0314529781970136,1.0547338711927943,-1.0271920800778624,0.6562645800114509,-0.01264148694414961,0.4295995050684999,-0.10515792343087581,-0.2741690822987411,0.14530010658831027,0.21417867446611033,-0.23683113404037912,-0.5301456459945447,0.5314148275210834,0.2970781552493059,0.16164388422750825,-0.178224779540117,0.3032522984776876,0.21804808251047483,0
5.48174359897321,-2.4438068522182035,-3.032710528089271,-0.18380581628509252,0.37464960961675475,0.8904886773554439,-0.7293050398034365,-0.00766598535244369,-0.2535684806058433,0.015297372501275532,0.433324731279302,0.3270586719403003,-0.4364817058711668,0.0745516528740652,-0.28729924997412976,0.23024457986687416,0.08439675324486136,-0.28330328646917025,0.007500015088545435,-0.08925931205990267,-0.007253613789899921,0.013252883336530583,0
1.3069727780281652,1.8145747540910486,-1.8799429948712705,-0.3800555284936421,0.9210761163314022,1.1688715400415624,-0.9394921258270821,0.6299474422900887,0.07485222439851305,0.42923040245890004,-0.4940048843054795,-0.16436909461146731,0.3492340802919559,0.15000621183581547,-0.0438050536836522,-0.41265524231290096,0.46833415925310923,0.2994500115782244,-0.06685958232163948,-0.04329879608332816,0.4878787508757927,0.09352792799001206,0
5.364629755357985,-2.7490771078445038,-2.9149389870891422,-0.5290021185110914,0.24329476970876554,1.0837304595069979,-0.6616478320915047,-0.021642927629122476,-0.1814528726418295,0.021112976910822537,0.05109398506501322,0.43495620022570197,-0.2313769852302427,0.006643965404156697,-0.1023257998636783,0.370339596464231,0.010648252965196729,-0.32421659913197254,-0.29129993849776425,0.07854780303122783,0.18700885798969802,-0.155709012122083,0
5.132448225411296,-2.7255636421278275,-3.1023676312246624,-0.49658255430570664,0.3938134040380695,1.171420244473962,-0.39747476534981074,0.1148718516792847,-0.2047989430492367,0.24515632322097283,0.0861506141690898,0.37121970179907104,-0.21811565359234136,-0.1813451510385232,0.13199549879943265,0.26199109764222533,-0.2942999551206506,-0.08910231877553922,0.08750328590377392,-0.09835003078201005,-0.08695325415672661,-0.2331709482743982,0
1.1479951963904824,1.7131916996685104,-2.036920456908423,-0.35152151781925545,0.8787929684532249,1.2626729300788513,-0.637194193446818,0.6835532981429094,0.010807720408803862,0.6601027507569747,-0.40794310617266,-0.20839426905901184,0.3150329940714126,-0.02775054400692152,0.14576272154010525,-0.5373529326319383,0.135091644997113,0.4638317703764515,0.2399393804662087,-0.17436472907884143,0.3311399193331066,-0.03891423524507936,0
5.048905150495277,-2.978686646701605,-2.9940462155684897,-0.6870184237328717,0.1536893507418846,1.006990482142774,-0.3469942672245472,-0.032490137727670135,-0.2225944796857572,0.25179027437458257,0.17068914282284126,0.22139450090184307,-0.2812315505401144,0.12058864987135176,0.036358169985443174,-0.030196458171665212,0.0017950546483360451,-0.08115583822808727,-0.19770522930622528,0.17469495719727568,-0.22570141101664615,0.03702789412217889,0
1.058597840181535,1.5944377967678465,-1.9167478689976887,-0.6832548839087094,0.9020220214863107,1.2770797047108453,-0.4447536016841473,0.675594607372339,0.052079457175674713,0.6284750430606549,-0.3363466790410263,-0.2786507026803476,0.048825366126228134,0.1842636725693172,0.004374878424534343,-0.6959357955406841,0.42663370640145715,0.46857556894181984,0.06254148312519296,0.023160130211527127,0.1414974478446406,0.35933663473836897,0
5.739073640078468,-2.553670718043742,-3.2527509547019307,-0.16000600825615616,0.6050438406899866,0.9304858095310274,-0.24066842197211244,0.15816070932538587,-0.2964374671627428,0.31541427832387264,0.511437533287604,0.19579305274195527,-0.2620292845689714,-0.11228948842130071,0.014592881798593962,0.4128944375741494,-0.2851693133019836,-0.03196732902016255,0.370840912281896,-0.3006592290475086,-0.4296415834705159,0.012605849060547522,0
1.9901885633365142,1.656556350081884,-2.185888641772909,-0.12587140444918052,1.1307835847629197,1.08219666098931,-0.38668223526999146,0.7773380891790137,-0.06127922381084314,0.6573222372732446,-0.025472228801853333,-0.3769668981689311,0.20062608316683805,-0.024090136129962705,0.09226140515918016,-0.43885268284634654,0.15349427890808018,0.5141141294507315,0.4115051133616543,-0.29121658934550915,-0.013706958380935002,0.13482118960861936,0
1.8674741091366145,1.1111576904576261,-1.9983630977013027,-0.4964293870298089,0.8369821689325302,1.213719423303475,-0.38166083753258595,0.6697275052676238,-0.04216493464540575,0.5342967437435896,-0.17285439139516195,-0.33613312628454256,0.3175705563388711,0.2972413700515392,-0.23212099933130528,-0.2448319622773716,0.38303559097326056,0.13103881331029996,-0.06981288658586472,-0.1353124653977899,0.7564645909222614,-0.05750113541038893,0
5.498043006888384,-2.918396302657002,-3.0667433537963062,-0.6006883391905665,0.3749266935742954,1.0723264973487558,-0.16217384421932066,0.07981654460712083,-0.18479869351315795,0.14109928222842738,0.34115793307772824,0.20636248140899424,-0.12624936750225602,0.24067485592134846,-0.4376587443829681,0.6306257791393443,-0.06346901249426877,-0.42023507260657916,-0.059138516265407455,-0.08181303901705961,0.15457303435810996,-0.13746610197936485,0
1.4064524218569903,1.069785997791959,-2.0008485812021832,-0.724257803833777,0.990925647306572,1.075244947150791,-0.33036253064734417,0.7433951994719524,0.07862571391050774,0.3603288342201151,-0.20418501804993588,-0.41466497910940775,0.2559214836809889,0.045450789950133796,0.22742231726967196,-0.6437773469211261,-0.016818771848361346,0.4950092258624864,0.03233102695957576,-0.019317070999870182,0.333699630318263,0.2892243759847017,0
5.061486790471059,-3.04103166493243,-3.00966183282088,-0.865834840592228,0.4634200355214459,0.8813817062331164,-0.1433838606737058,0.07944344849318784,-0.11578100597694983,-0.0026611478157929566,0.3565589532016655,0.14855964098749305,-0.21479211711524537,-0.03237889349951899,0.04568088040195182,0.27605646333880296,-0.5327189059877577,-0.12524404240743311,-0.09178681930701978,0.06261865883034762,-0.22029141378524847,0.07789731869891794,0
1.258577700131037,0.591907740497788,-1.848776916835145,-1.3619320299282538,0.7419748245076235,1.3864834172560478,0.14709075548261444,0.6532959699852817,0.11614184415679904,0.5267083223920037,-0.3217726255401564,-0.3742539889481172,-0.08551702920598073,0.26872892533115567,0.06472299641466003,-0.6353931504145248,0.4306506272497672,0.3695955063358324,0.026975858012835877,-0.01852096038726087,0.17800180017353678,0.10788021392457789,0
4.972490226683056,-3.553991255678265,-2.8600915919714325,-1.3899001278309722,0.11504348557439859,1.1661598743340325,0.2797198822559871,0.026758716117814087,-0.06588356009033165,0.06928052398165635,0.15766130786155078,0.13081139938788827,-0.4213093138901835,0.22356053790149955,-0.00809062780588963,0.12160791901936338,-0.005020714815291618,-0.15829039118421426,-0.08688393499734422,0.05303358300843313,-0.29316123194190463,-0.07900207867124288,0
4.307725818252952,-5.422917095804068,1.4411347471591118,1.8987401200115934,1.4248395879943758,2.05077196066797,0.6051178749934982,-1.034484034629548,0.779814893131991,0.8508531941908917,-0.6503906680426481,-1.2708355635782296,-0.2651516927987206,-0.5161389313839926,-0.26488709628588764,0.2879032367534088,-0.6182954480558992,0.060103431640210876,0.172509146931818,0.8641617610069244,-0.7732111649323049,-0.23873714089117049,0
5.442338824563451,-2.450485680010609,-3.1856733441395773,-0.3622245432741533,0.24047549935226845,1.025194460480223,0.4588135621981399,0.10478628226606583,-0.40436067120228947,1.0234971099353212,0.5179365572851499,-0.06195244312651055,-0.026863440596284927,0.04490560154134976,0.16625354336921264,0.29954115512215884,-0.515932069112149,0.06057114267193361,0.19706498856030155,-0.12086721176547116,-0.5563209967090899,-0.12578399506902524,0
5.32507164735762,-2.617247068416053,-3.331594441374138,-0.05541477376641452,-0.049599364113707634,1.2941171587567206,0.278192065648954,0.0547365656442743,-0.3743654967088095,0.7935083743959752,0.00425901389133433,0.4252649064882024,-0.074906032630331,0.006735044138493061,-0.10945940829507537,0.612131682890213,0.029384643146906354,-0.19549291821955714,0.19982064421530063,-0.2345278149286923,0.23313415053667122,-0.209553638423101,0
1.3180560922283637,1.871319895973819,-2.2487080453525654,0.04372055825501963,0.530091867722779,1.3644698272397826,0.06953674218151903,0.6900469299216593,-0.119528661293007,1.1595435101741716,-0.5317363443769698,-0.2091214923599343,0.4618724592239501,0.13609907336200067,-0.011000567779404233,-0.26218707918548584,0.46003664170814934,0.41905824612066245,0.301415623909877,-0.2635937002737289,0.5099711712639149,-0.07784818753956164,0
5.406396479348441,-2.583904812342082,-3.1803738732981057,-0.0947556765879018,0.42339627555246084,0.7878508888256941,-0.578307662941225,0.012839513400776862,-0.28563824462582926,0.12397841126754218,0.2821546197207697,0.4121008451228898,-0.32917852619078536,-0.15474914982331245,-0.0032267978120327306,0.24031417854642154,-0.15342291346921766,-0.19763586952396248,-0.12600895458409614,0.0652140918751889,-0.05740341988015308,0.06944819353787224,0
1.4251835777620243,1.9402038542259594,-2.131376291465408,0.08532020152549245,1.0033235131575644,0.915122247946913,-0.8749419152045305,0.6439437386931689,-0.06137717589496303,0.5546650459680758,-0.2466561041175213,-0.18459395183119046,0.2444325355970737,-0.0014162026822687876,0.06708866580520331,-0.5566099736279955,0.3160662328646573,0.41108098803606963,0.06146230310672173,-0.05095090192280589,0.24782629863460529,0.3035758405686069,0
1.9261625067565897,1.543962187164264,-1.8698821825492462,-0.45457255742516867,0.6421794665898685,1.4077341852912262,-0.5211997422189036,0.6637715868382911,0.010921634000538989,0.45845187812098437,-0.10498339196170585,-0.3429612388825844,0.2839390983778579,0.3221237777734485,-0.1993896077318307,-0.31686586961051555,0.29945218597313095,0.18861772787550085,0.03250351765014211,-0.06831574529324952,0.1989463777676426,0.430459240638035,0
5.776117188469025,-2.7274245293735544,-2.8577761139503677,-0.5633576127590441,0.03983092810776268,1.2807004405271378,-0.30248647843505494,0.06091581158200886,-0.20334822422147733,0.04563400064465819,0.36274402544484935,0.21614757906796364,-0.2017112091907826,0.18317996063468528,-0.2114690360244081,0.4300967314753113,-0.11651503632215755,-0.3590097263655307,-0.13440578915885246,0.02654770693944025,-0.1352482551856855,0.2205067856054407,0
1.6676610189622119,0.9138494450040355,-1.8704559271371766,-1.0396432281455101,1.208078385988254,1.0019307299834643,-0.4960024071780532,0.5347120337347411,0.01021893125962266,0.9231776804736007,-0.6373380241197396,-0.19971651833063683,0.4291314534462956,0.061527999398607786,0.3199074850899052,-0.19647009421935793,0.6066093298632536,0.39791994426029087,0.012583411515810177,-0.12523610820030345,0.4863984945027957,-0.1925054792034519,0
5.595396198062415,-3.5177790888070852,-2.8495357566693844,-1.2509019087424644,0.556164696185798,0.8287411922095377,-0.14289052991600454,-0.09336185065124433,-0.16223323874232962,0.3841435614607564,-0.1378513022858705,0.34377510426305463,-0.06331515475822436,-0.05951176208896014,0.23401028671639687,0.6096200260530062,0.11681640485369399,-0.23804261755587738,-0.2677116170682676,0.06490063492479509,0.1271043129864456,-0.4625595283389416,0
0.1792166623126949,-1.4475070482261134,3.970956800502692,3.1332264781649357,3.5991685704693883,3.313276094162746,0.3044588589379322,-2.9015318446826432,0.9349518649563299,0.381586195730537,-0.18212124421101064,-1.2905273962636927,1.2476768721129787,-1.4145495884325978,-0.8811144654737731,-1.2488738606500747,0.3517534175268869,0.8204759352438834,0.1745669776530907,-0.007691692944266903,-0.13004917067220925,0.17463384212274832,1
4.193582301157955,-5.936491715569151,2.6974949903281558,2.909396344627489,2.34033119191234,2.4763148690360266,0.21329500657190184,-2.69727052483459,1.370210723025991,0.33939060795860954,-0.7285189234933991,-1.9741745526428125,-0.04954785946438595,-1.8327489377940966,-1.2187720676619358,-0.18223510898541595,-0.4464796686532249,0.09266492302433234,-0.06420630692120023,0.3300921977852248,-0.6449667049942178,-0.13558099290630238,1
1.0296132469888821,1.0706380792154797,-1.7925548768944806,-1.074767920225876,0.9048285059217659,1.2921510851868943,-0.8190545166206313,0.5602689038960428,0.11102710497698168,0.533372397447295,-0.5926175396172225,-0.1800301082901884,0.2621461161702009,-0.06359408629135388,0.422947555200356,-0.5555418000680286,0.26921553276282684,0.5472013934626266,0.26062963782913223,-0.16268947534749695,0.23811187167201028,0.07901949704741032,0
4.928911537650564,-3.3413464085946187,-2.8102593425375364,-1.2210121745888733,0.2610248861470559,1.0815492534269127,-0.4819805201376954,-0.10035765728583304,-0.08984063018133388,0.0466662359789684,-0.04597510338182743,0.41451718753957006,-0.2972974272957375,-0.1901623299229637,0.3377612775949709,0.2621984341103825,-0.24387686459302704,-0.043011114857036646,0.09680088406570413,-0.06557091824508215,-0.11659934248823103,-0.0767811109072999,0
5.0827285585962425,-3.2014757044967546,-2.921672744743965,-0.9271700836343403,0.21424071360365218,1.1306572107892794,-0.4513037002081591,-0.07944030526763389,-0.16529876138951174,0.08729516703107382,0.05755623642041196,0.45388146178393174,-0.45081409141420264,-0.21202052259948764,0.286375952856154,0.13422842729987935,-0.2778387434614686,-0.00737998319226023,0.06382136683923083,-0.09192587608739033,-0.07598187619165764,-0.0614751572981229,0
5.258465966844169,-3.109780473133672,-2.60224227705231,-1.2783570621829559,0.3597343278817481,0.8797886188011326,-0.6262127298887591,-0.08592788399460831,-0.049121235613298904,-0.03462405773711851,0.13438578936437487,0.04452817464169226,0.009416169911126178,0.29502487473209843,-0.09522086359882484,0.30165635999596474,0.065325054246836,-0.27446648097037785,-0.2501121704626371,0.08393928201809964,0.026179457512885775,-0.2348496563388416,0
5.1175207935295814,-3.2422333766240135,-2.475950363940065,-1.6621326911198606,0.249466621694901,0.9905769005687344,-0.18228349320629178,-0.058424185534118586,-0.009620083436511422,0.14203125019112534,-0.05404257833503951,0.04262533084606912,-0.07222944000375234,-0.011879510116523924,0.46016541976765,0.006856345838047261,-0.2900419565772496,0.06537473165047838,-0.1949006865010268,0.16236700126070433,-0.17866715725104526,-0.2215855775538629,0
1.262178636176685,1.1522603498643524,-1.4597179289422322,-1.5910883025128273,1.0018714626258252,1.2926871023844726,-0.4446699648216485,0.6281256335367048,0.1971082135179654,0.572722817444715,-0.5097155401203298,-0.4526882710838862,0.3034550829197737,0.07382141446171833,0.44210073548986806,-0.6553229781290923,0.1467833449982646,0.5943924530958778,0.06145606340873721,-0.037450632306462346,0.27650989071441484,0.09297739384210621,0
5.432164957297313,-2.9385362023339687,-2.7800905267860516,-1.0999301649589597,0.3890047603448866,1.1574486927032348,-0.04470567940435213,0.07708171372372356,-0.15325629178002273,0.3857035369810288,0.1587564123870542,0.057447884132348886,0.016824031639761323,0.16603155025375854,0.024433076727545057,0.4164296963136927,-0.15554714116312324,-0.12092605840850916,-0.02479071904648579,-0.07631586818533442,0.07618789152506596,-0.1913609363423314,0
4.909462023972611,-2.571908984905239,-2.993517735652624,-0.5831267455574651,0.2815909687615855,1.1366385378919064,-0.33772385071119715,0.053354353680761454,-0.18479212419524108,0.35270378037506844,-0.02865907232158678,0.3115385378932309,-0.06194590939723183,0.09218667238537062,-0.09418441122748708,0.43842326161092365,0.20110830180363945,-0.24959039474382502,0.06795074387842158,-0.08300922691809065,-0.12910007421282949,-0.25261939376783404,0
5.835456570901847,-2.399083934264043,-3.0689043733117805,-0.14166370722402763,0.08094493430533797,1.2966921758872696,-0.26611782628048086,0.069517953111545,-0.3388055520781927,0.41025585814573784,0.3848394584780814,0.3116182013282264,-0.3416229860640491,-0.33633547447827616,0.30796107999410793,0.15976521186865064,-0.5305357562794846,0.08913883620208941,0.3473772411971906,-0.220686615824435,-0.28402829943325764,-0.04362062744678657,0
1.836647004432673,2.2100872169417034,-1.9648129112498134,-0.07784913799955957,0.7808088950935778,1.4738232114362446,-0.4573237760635798,0.7816969941009878,-0.05690293658391391,0.7671917011025007,-0.16124375805657254,-0.28891195487971394,0.1408613562082116,-0.20595353528379237,0.3352250560347164,-0.6622515897009271,-0.057512655514158226,0.7062215307836579,0.5627607726065833,-0.3494893632468072,0.08804128146188248,0.19958058250436497,0
5.713576744948594,-2.3426484629342905,-3.332310720912577,0.2018914576433378,0.4648018833491408,1.0860755208022057,-0.6493481564876625,0.06958676137507823,-0.3193637617596859,0.3759992094371685,0.0012092787568158245,0.5876794158562961,-0.062001050498907424,-0.0924939641784146,-0.15924678342830376,0.7228967093657379,0.22704444227620554,-0.3279117332782552,-0.006487519460276021,-0.06585046860243843,-0.2169904143713312,-0.2516190065247152,0
1.8272472751870188,2.036031061614235,-2.2571878151540714,0.3348096421915209,0.9924575896174397,1.1837519506683758,-0.8705960664850859,0.685849317026873,-0.10448030985523792,0.7843804740128194,-0.5500837065974888,-0.0005236449474812009,0.4713223750621592,0.019615609548348747,-0.040770173950626064,-0.145852277328524,0.675543595963102,0.2749066039855921,0.08938171454849546,-0.12205073217249246,0.23193613518595885,-0.08238872428463913,0
4.850773060068883,-4.077214046520887,0.6618732502121601,3.1796162925769713,2.1832631794105146,2.0001496638243905,0.3249940316438931,-1.4919446031801438,0.35228568172113106,0.5632494673444425,0.2208897159872875,-0.2698003060655108,-0.005315682897596386,-0.17374379348567776,-0.0766674880879361,0.3034701702045757,-0.41422043228445904,-0.04529692550598167,-0.32481991684850603,-0.7564826870036458,-0.6790045337771082,-0.5275687044842418,0
0.4636084778020301,0.3933519353839951,3.0182586307131194,3.7966854058179407,4.763446481245835,3.9788317240386815,1.5254479053489396,-3.266311295045138,-0.573996819465549,-0.22768621104019465,3.586586411591654,4.034162276367384,3.6301795385088265,1.4996647707463973,1.6114513139072384,-1.7681490764044254,1.0429367778072907,0.9700330508702092,-0.5449364377564433,-0.8792804906822548,-0.4212558927209833,-0.6779717757376506,0
1.6047687457611663,2.012904452264441,-2.3587807743045524,0.2712737011193619,0.914673596262933,1.1720546211917322,-0.3218871331619021,0.7487137987128042,-0.1717283421395159,0.9777922476382075,0.05180813862732805,-0.4221358200508691,0.33808621894748014,0.27150531754803786,-0.3007877572250994,-0.3995976598453793,0.24936935407150138,0.3774988049204455,0.30689559502365343,-0.2566791882362766,0.2117887742819359,0.08314951289105169,0
5.550697579226657,-2.309291298929455,-3.3923226879399557,0.13701942744452766,0.4267638523276689,1.0722399906100255,-0.11458438871985596,0.1842245120740714,-0.3679055964582717,0.5413565663830653,0.5591175210087541,0.1155629807329297,-0.11707040240985618,0.16783772136656877,-0.3636408598165188,0.448935483348509,-0.19908275452946594,-0.20215025809636253,0.14791774460655838,-0.19413324185208597,-0.19929976477682937,-0.15439785584822813,0
5.080848528081738,-3.4031344486350372,-3.171902771659429,-0.8033618035614533,0.0403414347928427,1.2678663654543136,-0.43607225261059446,-0.049479324128381116,-0.22216344959175596,0.36711361248030283,0.16002550258083206,0.08804736204029906,-0.049136875752453076,0.4180177379295772,-0.21731521924316674,0.07281083397667965,0.16210587070973767,-0.23574724450817983,-0.32849889571938184,0.35997208784625706,-0.5997812276325375,-0.13961339933568798,0
1.1560927942888004,0.848081691756546,-2.1149305679571886,-0.6875907185628305,0.5430652758289825,1.3757966603733547,-0.5850067748841988,0.5134391662803969,-0.06043811325581406,0.769008528916996,-0.2684667523408982,-0.39101164416843653,0.28878749713194973,0.5503670466004789,-0.2080651419728484,-0.6658700962459603,0.6392789687004223,0.2825430565242835,-0.077259316874783,0.12036200877843684,-0.0068017309411095355,0.09924675096693589,0
0.9139520910540188,0.2922015854704767,1.264347849278188,1.859185344383622,1.9236467734581026,1.7745317611332472,0.8007932018555136,0.6652303954585802,-0.34859257324935694,1.0401947183358038,0.033960298772190714,-0.39767332564189445,0.20124435648355507,1.1536946638860184,0.5804569395981177,0.09373104070436795,0.2266304862481903,0.743025763816047,0.5442240989468611,0.4524369972962673,-0.08375307116469873,-0.4409152560020576,0
4.887469389610573,-4.250827898601389,0.20013781964137053,1.8213203916519762,0.9865411811905145,1.3146129009593899,0.6680906923477578,0.48631657437613757,0.11801406679940317,1.1274547579172878,0.08814201974178536,-0.5736864246852541,-0.45114862452441,0.4264278494704957,-0.0833201752315416,0.9580266507548664,-0.2728826413746564,0.30147347605109864,0.3273609170705784,0.5629673993644764,-0.5882900801847437,-0.5933066213791919,0
5.46420843926108,-2.8585815587077215,-3.1577650926464687,-0.4435012839305854,0.13962109953786983,0.9278663270536298,0.3316458674359783,0.03471004214999822,-0.2892089856432137,0.6515954806363092,0.06598106824255413,0.1945422975126467,-0.0564542052531242,-0.07012181573492737,0.1622474210268123,0.37089703314420575,0.021079255155543847,-0.10162058880274012,0.14905198214572773,-0.0727693239456334,-0.13463496252235635,-0.35994887270630116,0
5.049796638260163,-2.7027968148029546,-3.0632541511585467,-0.4538070113551541,0.13192969133252996,1.0909747395091682,-0.33455431653473094,-0.08959178489463568,-0.287472868740882,0.4473414024781292,0.0739611996250313,0.4994131414727417,-0.41154200483577147,-0.1862699084181926,0.09601325243691936,0.27276965039242773,-0.12435621108929702,-0.1128996707611603,0.09187295991714399,-0.10613975001601789,0.033845958949117926,-0.14784037798441538,0
1.1042448440992871,1.7243718504864693,-2.0478030715883775,-0.2800116552458687,0.7277155628165528,1.252666318279071,-0.5919283330086352,0.6101032977843175,-0.027263379127583736,0.7818059677375818,-0.4892665790890145,-0.14833435575520254,0.2263327228123957,0.0032311291505136707,0.1606844030046989,-0.6066134524604759,0.3825367989055008,0.5298739421672884,0.310997625613281,-0.224622832329128,0.42617474718241993,0.10112667642309667,0
1.9696791970201848,1.1993113952662382,-1.9146316558564271,-0.4223836107827903,0.8209872387196265,1.3992788486478358,-1.195925715364502,0.6580861449295946,0.07697780666897672,-0.020249606993928262,-0.24221614665884844,-0.1418730332769726,0.21844990037604672,0.394805189349873,-0.4513767227456537,-0.29327367834290075,0.7824841567409686,-0.02678590988980591,-0.09306694803389988,0.023475355346655066,0.42503124125442665,0.5999821220629965,0
5.605877303051781,-2.9892876324827076,-2.8896561440040465,-0.6034241728942753,0.2137817220449786,1.134850688893642,-0.9257507538173022,-0.03704679372729898,-0.11798059462703402,-0.40077248186340797,0.26837482525693857,0.41684556269541184,-0.28144715301223333,0.2753529482931986,-0.5504513189118884,0.5509705788649026,0.3050655806010935,-0.6511752376212117,-0.3192010208149937,0.19775459020206204,-0.12035881041970112,0.2813728114516018,0
5.452433446266177,-3.708686558286659,-2.75063864136832,-1.60790504616922,0.2745078105281378,1.0506552748118798,0.14346515453019695,-0.10794048564482009,-0.10305887288813308,0.3968795241566923,-0.06993816139722532,0.17503285750137815,-0.17384845838677912,-0.11045252553500684,0.5475812662855065,0.16312883261698755,-0.28591571075096994,0.14849137471087817,-0.08645149139752563,0.11203298996675304,-0.26924828035690807,-0.18826090690869124,0
5.506607527950411,-2.516643943438831,-2.9975125306865857,-0.43878519481141365,0.27573377763018236,1.1273378924353703,-0.19603905922458276,0.023049218501998404,-0.3219979414358072,0.5027839638815083,0.38129020233528105,0.25306545389822493,-0.3764437329134693,0.15317931522588196,-0.27663588240258835,0.3759737049192771,0.04662149434775089,-0.33220646018702493,-0.17902479121431633,0.05104113760398104,-0.05192488178740632,-0.12052352325310156,0
1.4816636394636533,1.9501576287884295,-1.9944514703133236,-0.25518687547722474,0.8474923459963773,1.2958983448686814,-0.4649670718287059,0.6869365615910937,-0.06468282310417235,0.8443773707058645,-0.16063181674631827,-0.35101992623051953,0.22754775239197944,0.3381526723893145,-0.2758766199184696,-0.4626915953464957,0.5397054995026412,0.2797109274658231,0.08491037091987545,-0.07462824644182164,0.3281321945650537,0.17073411230618654,0
0.6893356457486346,0.11237282640202656,0.922914697851288,1.2291143999640837,1.5023144553893342,1.4727330749209016,0.19525831067514748,0.8726573473343603,-0.2870402207496424,1.0243302009177084,-0.579824733010818,-0.64555999936364,-0.10534863039792598,0.23040158316150344,0.12114181710055039,-0.3353752108653132,0.41054147628972487,0.7043747470079365,-0.12790140230446867,-0.22039853970135315,0.14290952855122482,-0.10471972148359698,0
4.638493373889676,-4.345860316185857,0.03591541212923572,1.036254799523191,0.7346539778403228,1.1970338864641634,0.3519886725840464,0.47128364211079826,-0.24690418937400974,0.8279179987130454,-0.0214773071699436,-0.17922583601343017,-0.5938631436396893,-0.4261872014202935,-0.39008875044160557,0.42416933659147327,-0.019608676364320045,0.28625868501787644,-0.4413251242979502,-0.11520994585809377,-0.37887875954132344,-0.3613630184338733,0
5.470200315408343,-2.5608537170953753,-3.3587897937972397,0.12085575864433117,0.4575945488352056,1.1717229404177747,-0.8699363617932561,0.10147423874461746,-0.35597824803366396,0.15787408637102054,0.4121824092065496,0.5327521589982873,-0.6289023781542926,-0.4399180632666237,0.1756418706844167,0.07767602021247821,-0.3479138088874681,0.005647526982206065,0.4379629927193062,-0.26047067560424236,-0.36460693716154574,0.09769104430278078,0
1.4537719520056012,2.0155157398711823,-2.27589726060402,0.26396705848231605,1.0317755208766601,1.2632855174553528,-1.1001245727957787,0.7506226230273575,-0.10935528771039031,0.5982086658936019,-0.1595941883579296,-0.10778223061522635,-0.05309904033206848,-0.26906946315430635,0.25189238787621615,-0.8403587608440107,0.19027198790115757,0.6515261254633848,0.6073337816481893,-0.32751997694571505,-0.06899389415264301,0.2727868511366773,0
5.250718750738031,-2.369678103710891,-3.048338750354888,-0.18832302405393975,0.4656726581924365,1.1249842421562832,-1.0272703788448734,0.07206366478239677,-0.20723440549049285,-0.12205058057511078,0.33690046707400606,0.4174066567561711,-0.4211779059324396,0.1610761379721724,-0.5392824540284312,0.3596938669672433,0.21082094494038586,-0.48208392621707924,-0.13684032836043572,-7.868493216950925e-05,0.057623110257757175,0.10685137247194085,0
1.7001919738261628,1.7568876318079252,-1.767863456442813,-0.24859724210261436,0.9096651676973514,1.2497038998599954,-1.7528340096108088,0.5312178014364634,0.027618328259342035,-0.007540380154129633,-0.15309520415159167,-0.012117190445121754,-0.06720941847313275,-0.23851719960248766,0.16408417116399795,-0.6631806454023254,0.1316548420150844,0.4168241189083477,0.371799476057392,-0.34331501339465803,0.4674079137544027,0.16816255820982914,0
5.654239872106185,-2.6346504047824415,-2.7618023445007616,-0.4691354718074972,0.33121503474019387,1.0957945958435245,-1.4127750067814422,-0.0506511528039794,-0.11415611200294183,-0.5469737738758379,0.29161159964981603,0.5094702275889585,-0.5506716499537815,-0.40511349850467976,0.15382471928126526,0.10098027683670838,-0.3698585213301281,-0.16555798663812468,0.06935820788911855,-0.10507327543663064,-0.01270181690453468,-0.1370218332239796,0
5.81252351058246,-2.6107222914434303,-2.9913545853599754,-0.28718622651910475,0.548115701274272,0.8619603658067134,-0.8248396678446472,0.02832520639833639,-0.21285879172746222,-0.11122010502374294,0.10773311967685256,0.5583736321240423,-0.5062645134911533,-0.42609187552321887,0.32307704832806494,0.1356041233767102,-0.006728568943047127,-0.1485335924452484,-0.15017294844899207,0.133075757525984,-0.3794322247600616,0.027580554909137973,0
1.35537495323548,1.7760220657664718,-1.9398765534525764,-0.15720710195259133,0.977905241978462,0.7869227077938046,-1.1707302717688606,0.5271245396691614,0.037075828473844184,0.2192275770573136,-0.36164532226550955,-0.11911463843705569,0.21906018048886833,0.09953966575466308,-0.09708402641546027,-0.5357329777575542,0.6764561458647969,0.23347276841976858,0.010348547823514924,-0.004625615066708727,0.2821121753883001,0.05212202118528309,0
5.407891197120274,-2.7736477463485048,-3.0500879699072994,-0.23476561346600833,0.3551323657623897,0.6342596196071304,-1.056696749792367,-0.1134580809269661,-0.20959966118119952,-0.09620677208036638,0.13937722690770923,0.3445763893997838,-0.13454061782562518,0.023506012808037838,-0.0989878329865823,0.13547481829896266,0.22547915811556477,-0.30819793078409563,-0.2802484506045484,0.2112120964625535,-0.14960077070227923,-0.27994119677565166,0
1.119718841630875,1.6685382211505222,-1.9712459058855456,-0.46268796775288173,0.754144131714826,1.4164653333244397,-0.7148097368808668,0.6538183833833459,0.02241278915955743,0.6051993570661156,-0.2918041263165531,-0.2547047820972072,0.27898592901472136,0.26543720388295283,-0.15273400866465378,-0.4794492786146338,0.21701358645304167,0.3323583402836003,-0.015223517203206733,-0.022585693207408723,0.4156672609865232,0.38044124503155563,0
5.089040750850047,-2.691586083992472,-3.0322169403362635,-0.5453041186833889,0.2329787006968486,1.332762998419193,-0.5418752510197856,0.07150788902264686,-0.22161681044734452,0.27163979838323055,0.2077122485411782,0.2911631312864796,-0.16974085538978437,0.1466024887598545,-0.16860229902554918,0.30706365556730086,-0.19586534085304458,-0.20872510346567905,-0.1697119186556579,0.044343673731080994,0.012705091638394209,0.142973665687989,0
1.8387618761772835,1.494911248874563,-1.8672964881453424,-0.6653480994831993,1.0624315349303983,1.3395640149659098,-0.7183419820263035,0.681710948974887,0.03107225981599639,0.5511230928387264,-0.2695556759706254,-0.23023238406912674,-0.025343605329891328,-0.10895278328382185,0.3366452592468352,-0.7501702882407714,0.1789090698748426,0.6715261718695744,0.19139695006695095,-0.0957961459352692,-0.04347837207493042,0.18837926934883295,0
5.7452335422223895,-2.959507216339562,-2.9597119057789425,-0.6759585760126816,0.3824207837253548,1.1244330968248986,-0.6191217146832538,-0.003138023627524152,-0.22231083352394668,0.19139109123670217,0.23637384458614744,0.2887937168400223,-0.34820773354251683,-0.17633167771472139,0.3169851934653709,0.04308773129735664,-0.2898753644408057,0.09061224758174448,-0.03118429640094096,0.04065537950650216,-0.45932479578222124,-0.07019535495004843,0
5.30878832697539,-3.278791820442842,-2.8611667506895757,-0.9805411618492209,0.22121023462956727,1.010786174325545,-0.8123451579008376,-0.156339054388173,-0.16851206022445078,0.10363024911413804,0.2588142484193659,0.10566785910740395,-0.02921307595083314,0.5733167206116583,-0.4463614390611846,0.32797041528378584,0.2636244861320226,-0.4503202437611758,-0.48033501785703014,0.3359858204955298,-0.19268758845182649,0.058869817010501875,0
1.4381989467575862,0.9461412918681257,-1.7219982489066508,-1.1048720616315546,0.7913724882813941,1.176836147946392,-0.5310449443345855,0.5333559782858815,0.06381662589065003,0.5694493083640908,-0.40605494671240844,-0.33026692450334066,0.2600073894611108,0.09951934147623762,0.2888654040022162,-0.5678951380979689,0.28303987198638114,0.49276295005909365,0.10965666626299726,-0.12938321196135155,0.4266207985492752,0.0534780761433385,0
5.360370021722342,-3.471146595458463,-2.8395894164766413,-1.2197346001787601,0.23206430038595818,1.0157210160256818,-0.3783746658127072,-0.10365003908012052,-0.11866782609518133,0.20081605759372034,0.03955556969718666,0.17760378329034912,-0.055434308365214964,0.009196599507989222,0.21447951538394575,0.24023525537078252,-0.18438070975152465,-0.09059302272839782,-0.1408951322612277,0.11995080882497422,-0.13787676066785104,-0.20093327755104876,0
1.7500652977042022,1.3482915435992264,-1.8556138164369875,-0.8701455107619078,0.8373331309994095,1.6115768154025132,-0.3226640221822255,0.6574989457753625,-0.09791364816113511,1.213047538739154,-0.22006651305691433,-0.49354791862630143,0.2849920724775351,0.4080163273112033,-0.037750301181613564,-0.676630592152779,0.30623814839654556,0.47936535394622537,-0.021233780877276273,-0.0026778267389092115,0.5126520828031796,0.08713257616460776,0
5.862601078566726,-3.138103165698337,-2.8698355386100953,-1.0952998673415462,0.28990914424205916,1.5065276268249126,0.015888905471311703,0.0958359271254131,-0.2864235495464898,0.7668059630074545,0.3287450505106365,-0.04726432467553578,-0.19160231978635864,0.3167908307057739,-0.09397132576473277,0.06194248498035478,-0.18851887394580663,-0.09969784463839478,-0.33245134233973894,0.18888493907377252,0.10833798354347852,-0.276720925293391,0
4.592558715465308,-4.734683109375312,1.1671955194885797,3.5424034759935776,2.585599516460089,2.7058907188965318,0.96766100172221,-2.7115639876555626,0.8915985749061573,1.0967351514650325,-0.3769735094581441,-1.2417618473820475,-0.1710798693753713,-0.659434821289415,-0.400453609445873,0.002839098907669506,-0.32176888328458164,0.010312837818408123,-0.14138444817807624,-0.6171113677133389,-1.1030112805409393,-0.10551804022789171,0
5.463342624218648,-2.7557751137717292,-3.316113674258083,-0.16293044321182423,0.019122377825978823,1.143172591731091,0.21534652513173488,0.054555139311688414,-0.4252910035002412,0.8783069275186038,0.3648253729416764,0.08699136187234141,-0.013873223778999239,0.15143936320471396,-0.03930376158285608,0.3077856021661253,-0.19846871946525296,-0.1514268687580451,0.025019927989702498,-0.002743516303671706,-0.19899004816687488,-0.018646178048261734,0
4.91779305610303,-3.0523407674630594,-2.8730748631108463,-0.873778331916166,0.015292039936559825,1.0530263729151068,-0.25697877071094766,-0.12392057448386315,-0.1792233122820496,0.20695896491521926,0.03207833547904739,0.38384893406271925,-0.34335275251593156,0.03088607197012283,-0.003931685055756481,0.3073070354324744,0.02409904114826536,-0.2875362563023818,-0.19012019639654074,0.08959362175953461,-0.007913905795273879,-0.1587474956531857,0
1.0867407002339582,1.2607027437782747,-1.9071286541814643,-0.7489599825847769,0.7054578066605031,1.305374869041481,-0.46519447783128587,0.5861458561628652,0.0625521191577544,0.552641119721114,-0.46009427773512673,-0.16774798004525476,0.13264067877405208,0.16978792534046372,0.004614723576616012,-0.4517590436478835,0.50563100632414,0.31915963434170447,0.12306325105949469,-0.11161727906466162,0.40632824330843975,0.21094877017227134,0
1.275960322844837,0.9900166944790897,-1.495472757812422,-1.5123901491776122,0.8322563609156174,1.1497466244753396,-0.26818223665587054,0.5591668850891024,0.18080183150079532,0.4540385601592593,-0.3793885304992665,-0.4207618338435048,0.10467401480874212,0.031591786178386594,0.392278330655666,-0.7298106610782996,0.122489513228283,0.5497614466622154,0.19766881166973904,-0.10763120199302173,0.4115644622158022,0.11309318523493808,0
5.031389102162881,-3.3409687447180887,-2.4404469950014014,-1.5881721544968128,-0.056586472754518,0.7512744595760708,-0.0553728244034419,-0.26499607408028725,-0.06612300558774568,0.05782545041954119,0.15447553273058245,0.11400240047903287,-0.313231664698351,-0.07092692076146995,0.36001121225534627,-0.009142807435771469,-0.40714967546724046,-0.07177251638153338,-0.14342664575650674,0.14184500415779422,-0.0351535092543793,-0.2620951686632927,0
1.767413759353279,1.4447783122489595,-1.692838776503555,-0.83368372172783,0.7349265338261038,1.4805631406695725,-0.518080488516564,0.6317562194841012,0.1068551418925083,0.38948293270960027,-0.3566924148661769,-0.1804520990049612,0.017412407114325852,-0.05426238173305831,0.14570264890006543,-0.3994833491850267,0.31296637504645053,0.4348653403560904,0.4512620500388446,-0.3203726298256822,0.3415136786355074,0.19010681168274776,0
5.555723343111561,-2.810778668529247,-2.653908130104763,-0.8882442622782563,-0.00013208374076709888,1.212100971856936,-0.2642885407080084,-0.03668764848984703,-0.09823944850112294,-0.10356416408535349,0.1369465227810183,0.35738715241131896,-0.40803002550905404,-0.1423159355456688,0.10230990291736439,0.3410573103370195,-0.13623849734175664,-0.13179029620217328,0.26815146255292843,-0.22778364427466308,0.05013060870494206,-0.03557041522178999,0
5.3156405934812065,-3.4728482076794513,-2.6866245773432533,-1.4923225232714843,0.508149672677084,0.6174746883773742,0.050133495741166906,-0.07357020542403168,0.018509697733034586,-0.16844628010599744,0.009819372829696539,0.214914264735893,-0.3001810793749957,0.1320649970126394,0.12281110995694591,0.180132682774919,-0.038839880331724155,-0.19222314725507103,-0.6876684859631108,0.45511826116013504,-0.2679861557343908,-0.0025210829878283183,0
0.8866348471631286,0.6571830771029636,-1.6000834861475504,-1.5267395945817284,0.5698327818923055,1.45520317100032,-0.4281807786884562,0.4719446648537891,0.19105130520621483,0.23096986140537723,-0.4610960098359523,-0.14497041815256484,-0.34189662901946644,0.24184631962064707,-0.1083985740737871,-0.6674438491637943,0.7793200777719753,0.3113912966011077,0.34807674576350145,-0.28541172898147277,0.5991434817582626,-0.017034276106421435,0
4.684299917585823,-3.644192784351544,-2.594146546379282,-1.5907976382216131,-0.11568833968036299,1.1701976398018747,-0.2226966822270203,-0.182589481024414,0.012595524056835911,-0.3051306111148792,0.013324131995655977,0.37417094267722323,-0.7176761926034259,0.16979528923503856,-0.13563862284400635,0.07470274893814352,0.33293207095254335,-0.23969583218293775,0.16420161710832415,-0.1870610072722892,0.19981034121285546,-0.2553716734825288,0
5.683529569290075,-2.9615309421916725,-2.823828750061591,-0.7385400655800494,0.48346725500981297,0.9342435815306364,-0.835029160334185,0.028884284402971062,-0.07909289448624902,-0.3482030159639994,0.25614290001527673,0.3444596236817097,-0.356033683487642,-0.3578463665491591,0.19231094596472728,0.2719715978352163,-0.44880645118647666,-0.17000819375538875,0.21344717012150144,-0.24215382146511605,0.029897211235008433,-0.42979578639898863,0
5.137790009551395,-2.747774462231102,-2.929550477459173,-0.5851202018683809,0.30245464691536905,1.0316720438941127,-0.6125930097259912,0.03713632973254198,-0.13876545025342749,-0.15620969845864607,0.21191237319758793,0.36661511791957035,-0.39677449423458216,-0.14320142560300325,0.07758240266812835,0.1058910430657398,-0.3483152973000671,-0.1980616653872362,-0.20405093304945124,0.08492001699915797,-0.08661598903714707,-0.1280337704530375,0
1.215136303270575,1.6033805009556845,-1.9569073566320283,-0.4531727486378725,0.9284352592101334,1.1993561288218695,-0.8731421411916399,0.6465548894904843,0.07191257513222185,0.3185710645659261,-0.27281420864465683,-0.17677934819960106,0.08623818957441955,0.012330690685817313,0.047270356735385245,-0.6393001199106789,0.11966597325887716,0.35982705405617016,0.03953955292887686,-0.049106511803456106,0.29418573569079154,0.1392057107172016,0
5.386416209854698,-2.6253057731122027,-2.5673750246154823,-0.8388605892768296,0.17299862739956823,0.6663754183162518,-0.5773344361474049,-0.19166589454347518,-0.14358180292652165,-0.10137455845195752,0.18930623787425177,0.3387823317073647,-0.5075690941999288,-0.24388748489318776,0.28301896736012344,0.0014257978632398513,-0.10587512299400874,-0.1366592744226179,-0.24621838092428985,0.19479211321022039,-0.22861871266484052,-0.18013302753127888,0
1.958692728993624,1.8062872032519934,-1.82587304352392,-0.2391477840108287,0.8334410353574292,1.0547886493850278,-0.7749570082056063,0.5988129454883316,-0.04543661287166507,0.4491944655452101,-0.1837265157749205,-0.2047217012666482,0.13858044337878367,-0.2610893707284013,0.346358589941693,-0.6443293764098191,0.030645758092038945,0.5192746954738579,0.18722328732950508,-0.1936869093308557,0.4664098994658916,0.012840492939878831,0
5.810702516939474,-2.4292189078175217,-2.85127407888771,-0.46768991876073845,0.45862542988189886,0.966541513199258,-0.41033352306217047,0.09570428652305678,-0.18532258664270504,-0.009627485246309792,0.2905752387296577,0.339067066985167,-0.40000544135226807,-0.39687746949317143,0.26854226045593105,0.19309841014948675,-0.40990650055608346,-0.01461099906359724,0.07998549816773008,-0.12430426536232603,-0.015023260898501123,-0.17068533540234826,0
1.604652793922817,1.759613577911623,-1.9766711479044892,-0.15642426732522105,0.7280834611907137,0.9002065328680471,-0.2631713163850497,0.5744680305128742,-0.06615496003498934,0.6502375872078688,-0.2564450804813826,-0.2665273563930575,0.3649677079234025,0.06898897303944637,0.09299467920393686,-0.36624665050745564,0.24228290973641625,0.36918331122497966,-0.07798901001911691,-0.040749364736172695,0.43719998020292145,0.04391285229372011,0
5.42662839454673,-2.421973948554278,-3.0163323235934536,-0.29847174188998926,0.30726306321368024,0.8098705053877716,-0.12639528432921698,0.04973100577159055,-0.23320883204070067,0.2507342421298517,0.21960623347164582,0.19667939597885337,-0.01007802652989911,0.021176711297604248,0.007272571591586361,0.3868675591920972,-0.14879690442112053,-0.16146788949714816,-0.22685870535448363,0.07538286863016275,-0.15878765392628702,-0.19124127591171425,0
5.216583563146499,-2.3933868955672546,-2.7899990114313176,-0.5639414479009676,0.37240234588902743,0.42168520184113056,-0.2539830159687065,-0.052055219623568724,-0.12588898904129617,0.03992726516764427,0.1903847397786511,0.09526195633034362,0.025284265887510086,0.04859218162532486,-0.035810142256403936,0.3185157773190718,0.07146615585767523,-0.24543531131052185,-0.155200530933409,0.1326984322280192,-0.10243377558054287,-0.26492974348259213,0
1.3675702802769911,1.8649595042429867,-1.7294100801062362,-0.4877870859385678,0.8898592364753258,0.5654305516401569,-0.3240858232247252,0.523753519211074,0.06043683957103626,0.4196552543316123,-0.24397324521123326,-0.3639920344726865,0.3101684431683486,0.09197191713192063,0.01678987289158789,-0.38927845955816465,0.47605440311734776,0.28734095805764476,0.06439793326130337,-0.03740408350530861,0.4039608633067714,0.036027099786067225,0
4.4288811883055414,-2.818226083366998,-2.7825102496853833,-0.9138320056272853,0.02531441918668066,0.9884174585679211,-0.5600151213062334,-0.047071996503754224,0.023891691759348372,-0.3104520077585997,-0.06868979672909985,0.2632135604375343,0.02665378420665903,0.23624494802947038,-0.16793169058687424,0.3061235900796525,0.0046480871538900105,-0.3025492363586404,-0.22033207935791646,0.17072654139314805,-0.3088092953381465,0.03884591492037865,0
0.7737521215130565,1.1853326560037571,-1.8143569338164438,-0.9334339802156458,0.6299656374587234,1.2712445384510556,-0.6283571078942753,0.5502711872119873,0.20397884319125228,0.11288460970521848,-0.46061637342471823,-0.17977361726232738,0.2353902423604649,0.27937083040330135,-0.20525850614210964,-0.3539539071255955,0.4003826831875859,0.16531616442171645,-0.010118980816260377,0.030280782611782072,0.1735368238816784,0.27596242995735615,0
4.456730352053921,-3.7605236323525078,-2.398395020439183,-2.0031530627436296,-0.2941456198129021,1.0486714096260967,-0.2719516834385388,-0.31972468776878227,0.07173144237655707,-0.15923290035493332,4.146413273371601e-05,0.05628919711414235,-0.24989801788785243,0.3698420114821937,0.0995764196872079,-0.1673309976033192,-0.16024598108988924,-0.04759067121518031,-0.37111732362190264,0.3052849760983484,-0.354119526649638,-0.1808567674356642,0
0.8715591917408455,0.2351780527318245,-1.444938116499003,-1.9658343790830304,0.3889549011128113,1.3812039156999385,-0.3599694942136543,0.3863773937171117,0.2676312954764573,0.18520784675864094,-0.4666098226573469,-0.41243920611207846,0.049538513329862574,0.4149947439606485,0.14790868908525837,-0.87008803161381,0.28677653956104027,0.4847588402284553,-0.12803238535273057,0.10409028126887482,0.26052707113309737,0.10196206212361483,0
5.093698108323611,-2.8720311250129162,-2.868468191474,-0.8515241441274574,0.32817964880892436,0.9958799786226853,-0.34460371063367606,0.04429561006300163,-0.09544425619228143,-0.015995562468719207,0.11482754519030007,0.22955561320352122,-0.12701756616624704,-0.07518305225517152,0.15739212845364844,0.2764404910473932,-0.32221451658144873,-0.09325202348126989,-0.05115361467404562,0.0052371588500116865,-0.11906592586766193,-0.10315371062229854,0
1.4194939900390469,1.1374374498717166,-1.8841840943935102,-0.7549241462963,0.869402074962592,1.137732263575867,-0.5323211212888572,0.6176776086049325,0.04883314908536731,0.4303734142202705,-0.35220337160457177,-0.2678911544494059,0.23994685646165528,-0.019357057865712055,0.2893757399538468,-0.528102670009837,0.1311696352616569,0.45193368705512926,0.058067803195810445,-0.09174888468636033,0.3606734420208716,0.04838007138162693,0
1.3491345204986982,0.9011610952236017,-1.6562644501111012,-1.3386573385750713,0.7777476682523102,1.1345373903453928,0.05274161328195878,0.5954416937595154,0.10801405766251557,0.5567772638634328,-0.3476376378838048,-0.42874692160011846,0.14017099071771594,0.4007256783008135,-0.06581530911079056,-0.5408498373859658,0.5862584320386334,0.1780206034263576,-0.29369745604757225,0.2318241691486833,0.32527349135704064,0.19868339141140443,0
4.949108757351048,-3.030566975906609,-2.612411310627504,-1.4691968253125853,0.27828410734478326,0.9293328098044598,0.23477913465708886,-0.009495331469401866,-0.038182599245424616,0.14843496023253627,0.11536149145017945,0.09616991759530119,-0.2747047879619842,0.32411968764511295,-0.18207245088733026,0.29544328814011,0.16815226536089264,-0.37648293062487476,-0.4106326657171011,0.330047785626415,-0.342678264455865,-0.018154166006874854,0
0.9640451264097099,0.7422386911936479,-1.554097936936755,-1.701430079784951,0.6138802595252687,1.2418215925000258,0.2163898499414079,0.5640454023111371,0.19943729362195742,0.5508445618083819,-0.33062136305098183,-0.5785165792121311,0.26738267839734176,0.34706341257715395,0.13573290297722615,-0.48954901015386987,0.22062656996749708,0.4189164933950036,0.21389774980609494,-0.1220413424753804,0.1970596495120476,0.09301686673811718,0
4.610920510380802,-3.252867388434571,-2.50054943174729,-1.7571002025485327,0.007825109997802074,0.9398936046368599,0.30711556193320305,-0.11026821546389123,0.001100600867614172,0.19340882494511724,0.15312488166509475,-0.09744079292173374,-0.03608970034518439,0.3002118607005608,0.08002646726305221,0.28271801764396864,-0.23930490672285265,-0.1258939226808082,-0.006335467420520364,0.018698286904142488,-0.39148555240489685,-0.20956332976736755,0
1.2626250181800933,1.0860620147132305,-1.6064962143289494,-1.4051639421792936,0.5665144911393645,1.2911976904146243,0.4979723993926059,0.6435423185211112,0.15912958640970448,0.7589099284914652,-0.5710880857783481,-0.46485721898540344,0.3433445966477404,0.07520002474045376,0.49352436550410017,-0.5208710200002208,0.1829477744618164,0.5999848909260057,0.21080716932442606,-0.1166594934584852,0.07435202437941203,-0.12874028666221868,0
4.898827030463501,-2.985541170758719,-2.582228408283103,-1.4541381099581185,-0.07169183526734006,1.0094438407053263,0.5947249129337894,-0.0578529517368163,-0.0721055238272038,0.46167243885181525,-0.045924138358710044,0.04313894137861263,-0.029392824508436555,0.03231507049439972,0.4188824748372164,0.24773511257744832,-0.2743424599007954,0.05873398303752216,0.046396947457547376,-0.02175004371232098,-0.4418262923443213,-0.3705037157987475,0
4.529241187671431,-3.4228081739727134,-2.5190703380912978,-1.7808550312433526,0.19407134925332334,0.6738676718368013,0.07134132374083405,-0.23254331107012982,0.013223059421894296,0.1163905777622642,-0.0795463501994866,0.14965548986565794,-0.15477722324934037,0.20497707631918582,0.02466121464458832,0.4410710084001717,0.21384497303053585,-0.2725980426910757,-0.05155046740770198,8.539081790608925e-05,0.06321919624070277,-0.3015267102334278,0
4.692370052075965,-3.1830824264678927,-2.473023642810748,-1.365946721036775,0.05158056292056729,0.8700295674301919,-0.8882608388058417,-0.2761422167823977,0.031629849948818255,-0.6306692724443607,0.15834290373726803,0.48380707155014663,-0.7197798959127111,-0.280444811508463,0.2556070757830981,-0.07440260780898102,-0.4362123914406517,-0.07407225724435913,-0.041115064082452586,0.015728431555542762,0.0020861150835847163,0.08918648190520848,0
4.7484863902685435,-3.3411558630219758,-2.49985752902794,-1.5407278184073754,0.24428280824319318,0.6937849655982387,-0.5636617049418642,-0.1779622541627731,0.10593065894955703,-0.5814663467739444,0.06277511274263305,0.23028048253240088,-0.29504420879314586,0.16001882488971986,-0.011722448193052163,0.11230899260470603,-0.09812693529823575,-0.242734100907926,-0.3870202768196005,0.20471124439520522,0.05612923779579714,-0.04418537130674915,0
0.9717154259588794,0.8389799659210369,-1.6210592682801632,-1.313824723446736,0.8551032797500321,1.2326647637999977,-1.183192869291615,0.45546233074277737,0.24959125039188515,-0.06901623832679349,-0.53928435045298,-0.08921607165109524,0.1652545892215712,0.0056041910110966745,0.22258873075630528,-0.48085595455201324,0.23007155334782034,0.3758944358707078,0.10896580757028725,-0.11430400747831931,0.358674363117339,0.21425002015744135,0
4.69071722540091,-3.262505959618421,-2.5485415430961695,-1.4173820860333621,0.17720150520396843,0.9744715020476137,-0.8565625434904384,-0.1719402739299297,0.0902946816229693,-0.5645872905463712,-0.0696223543141521,0.42899477887421816,-0.2919486259624752,-0.07777410678021868,0.14427155614677434,0.2285460545060042,-0.2165098074229551,-0.16180088900318354,-0.05855407271985997,-3.922035323350994e-05,0.03733915314606264,0.021910454000876885,0
4.727610577192582,-3.366447230018801,-2.612334508440225,-1.394530219765069,0.26016395760652444,0.8846098502263782,-0.8195972325521594,-0.14891889801313204,0.0474743107785315,-0.5021618347180552,0.038261107791649714,0.3379243083735484,-0.3220638799323923,0.11550684647335996,-0.06674972039291294,0.16532843146430273,0.004442889003651463,-0.32079646262981687,-0.25996558480256027,0.16812433009180452,-0.013154627042807098,0.09479753301123575,0
1.07514169561509,0.7079111889504278,-1.6819170354939945,-1.2650104252715844,0.8985039128415083,1.2102974542223401,-1.192408530682101,0.4705273186779578,0.1707276648104687,0.035813088137298076,-0.39697051165570524,-0.16288335545126587,0.09888690658069073,0.20256156419175342,-0.007816793737344516,-0.548104443243821,0.44401563806531036,0.20397130110622602,-0.09039278605131641,0.022697296545973463,0.4316751434519382,0.3246807850349487,0
1.2408877409755685,0.8519319635513201,-1.7663081564713858,-1.1547017004372093,1.1053297352600766,1.1562048966240637,-1.172634344817022,0.5910077213177316,0.2755019752507219,-0.23651636326832517,-0.3658924511714688,-0.15954111613736538,0.05519647439545915,-0.02044253711397241,0.1267618636306538,-0.5067705558681953,0.2311775552529616,0.31284684817543695,0.19535673337656662,-0.09132235132982769,-0.08392032254809217,0.2284965967412557,0
4.894443150909021,-3.312663812147082,-2.710611088879301,-1.2318126167575758,0.39084622356354004,0.8796839833069812,-0.9144641378260837,-0.0654352555050615,0.09111037180652135,-0.7238456793639833,0.09116867292835272,0.367204490222972,-0.3564509075924303,-0.10583486310340179,0.08155507924727182,0.20991452884668593,-0.2124309574846704,-0.24289611955936682,0.0042827984584482715,0.03224676531979658,-0.39466510207879874,0.0036035447060886548,0
4.592522585451984,-3.5894152012563563,-2.2044974692624795,-1.9922329207225222,0.08109521667962596,0.8522568954301628,-0.979455444923772,-0.2723130924943876,0.22134240280454934,-0.8825652838061876,-0.03361258685305058,0.2589112281090464,-0.32902576913276566,0.2577051356379657,-0.08892579445854978,0.11819210626251178,0.06098264275326572,-0.39869990516475057,-0.38042046086140335,0.20253721285699378,0.16324705229189587,-0.07314559644363473,0
0.8902397227212384,0.5292420300659115,-1.297509775076288,-1.9151049570198508,0.8228772439497084,1.1451718577864367,-1.2294814210456793,0.3750185397491134,0.3926704209417468,-0.37426850261352396,-0.47144615034254006,-0.22263573096100883,0.04756653915162036,0.3407463079426369,-0.0713015064328559,-0.5167596123720005,0.4942329528478434,0.1368490206530232,-0.12108330421549064,0.020409487804291467,0.5021136244948682,0.21955517373875014,0
1.0443439884537358,1.1660244087373324,-1.5486239498942462,-1.1945823889299323,1.0297180464864004,0.7271529169403637,-1.017873869057903,0.4420515671546899,0.23506105507269645,-0.029005033955581738,-0.4277010114803665,-0.22260070751487268,0.12304408972979687,-0.14032066783041758,0.46183299804656774,-0.715267694968279,0.11177120992177748,0.5145517318922005,0.028876674481504952,0.0051331518381745826,0.29487002935975576,0.2184957069923145,0
4.857685294625942,-3.001707357720068,-2.479874097368554,-1.3173725102172906,0.40540414851627227,0.5985268757009242,-0.7442336342052538,-0.13991588900483246,0.045934337861752904,-0.5059424418045482,0.057554397958353036,0.3233436363515856,-0.37583654252966364,-0.25005877122657627,0.3968225880561126,0.002705169904789449,-0.3327246588867654,-0.024701756411495263,-0.1303073540198306,0.07835118763796628,0.033097936252158365,0.06171609363980069,0
0.04274865644471542,-0.8200743728986681,3.313160168401924,2.6462727304542213,3.4624800460889595,3.085390400699184,0.4659837430409993,-2.5993030448673538,0.7048116234627555,0.03136431104033645,0.10165765528453423,-0.35296971192917287,1.1135470560545988,-0.022060372390467976,-0.110705553619113,-1.1978654583366497,0.641479912219258,-0.2371304237614838,0.23652108008018766,0.5949972914832258,0.013580427961160163,0.08368769014047482,0
3.9623475169449285,-5.190831435040253,2.040480572842776,2.3527285553261867,2.243629934633202,2.2675554451115496,0.3422528421417275,-2.2030229154979115,1.0867483643888236,0.0029113166239471454,-0.5523708812571463,-1.1857669239907924,-0.3847790737168425,-0.42721233485259846,-0.5619300218090427,0.030893569835679365,-0.12289031997126233,-1.0161415669918155,0.1384526310078717,0.7600161296125583,-0.39661516500550775,-0.19047445716370162,0
1.7449777771473864,1.3771317173826159,-1.9228957741619388,-0.6459235978034972,1.0014521018741716,1.2873491516331048,-0.5804240675619586,0.7324862112228092,0.048132531316030534,0.47307036463370683,-0.2706457653847093,-0.2562381667716845,0.062477792830693005,-0.49018596828613165,0.7214110197627648,-0.8416173514155707,-0.3978239137075936,0.7990023681036621,0.4706390124971833,-0.2777788588382141,0.06589570681651938,-0.10796304959450383,0
5.578557404261367,-2.8709131943567257,-2.9170285065425885,-0.7998568877707765,0.49948568621286865,1.1664344417234274,-0.3001509331318983,0.17887214151371753,-0.12154753998923713,-0.053818411968849504,0.24548431495991566,0.29778877670842496,-0.43320850515913495,-0.61346581486021,0.6557745910545559,0.017222366739824687,-0.8695742724345493,0.23537264721735499,0.3524340492741934,-0.243446507460455,-0.3583238644706097,-0.246903632589316,0
5.769299692748576,-2.4815711418069677,-3.0669834862316043,-0.31827242433237724,0.38390336797861735,1.1741011916314137,-0.28949533455252013,0.16244500070606896,-0.21860795150329274,0.23956486639544297,0.33028215393560567,0.13003574235613893,-0.14199386253395488,0.307537757865928,-0.4680113495333455,0.442974174330436,0.2816337071306498,-0.41844637616741315,-0.11657845627828563,0.04061489366910203,-0.31227326692206137,-0.2874076126321931,0
4.875007036751372,-2.8812479372642423,-2.978575723594476,-0.6564727996523687,0.2756622394754491,0.9966493448857319,-0.8092722655014485,-0.0577450064371907,-0.11373259411136548,-0.0253519212639782,-0.043000600774482235,0.4043758770220222,-0.04704526103515006,-0.09318937612219375,0.13331754033856877,0.3158934152834977,-0.13917722933337415,-0.10112250821764364,0.05639209121575394,-0.07173455008344004,-0.11719143731447493,-0.1470312881276614,0
5.339860074226179,-2.6274011796834116,-3.0179509104597115,-0.362242365008567,0.336902445850097,1.0049062257791403,-0.716774754430939,0.019399663910479127,-0.18850126143683163,-0.07051513179400386,0.26338044560152896,0.3487201779992237,-0.3023936546090496,-0.06329412213919372,-0.019086526963927854,0.19261476570067543,-0.23730651063171582,-0.17867980084237942,-0.12801413436865186,0.04322088893471487,-0.17254819393057713,-0.011541634149815174,0
1.3530394303253308,1.7971000069237522,-1.994182330763365,-0.22394969937718112,0.9143727412491359,1.065998225645649,-0.9197282567342037,0.6014919791940688,0.03704368313348768,0.3508207759934445,-0.2400120464802175,-0.20708051781232675,0.2219672790888994,0.07345381243245955,-0.007270592815499751,-0.5312424970198998,0.17948297679305697,0.3636220303758899,0.04151148794686096,-0.04111595592819956,0.19905822527259015,0.20671571296945038,0
5.310098152329912,-2.7493977578541307,-2.79272804883025,-0.8406372439511737,0.1729707738345419,1.161664725612465,-0.5744612885149937,-0.05954348734226432,-0.1861642504270751,0.20946553927271316,0.32296185553513107,0.15942728679458745,-0.30277958219122914,0.15600513043958736,0.0016473663878288278,0.09727519221964603,-0.16352676983477377,-0.06857187344581812,-0.18980829820851927,0.06676401209833283,-0.5640655494035566,-0.1812021380484042,0
1.5001674025816134,1.4539779712758534,-1.778521251662104,-0.6801454668086068,0.6486073762437664,1.3095747605403927,-0.7347379187984057,0.5565092117819034,0.025358566515448894,0.504024048837933,-0.16786250713259576,-0.36592250520128006,0.12296307478644748,0.270588266181976,0.044563734137768186,-0.7517134220791841,0.30633499436151973,0.4970177138375123,0.0391458859061621,-0.08548452949667074,0.0247413485398511,0.09279443321918454,0
5.4559500943867425,-2.899588905981754,-3.100896452005588,-0.46698892199278413,0.28510509030401776,0.9487923757397086,-0.2349220370816264,0.0152188463648427,-0.20392937121729246,0.30309416908607806,0.0007291204439768671,0.2738013922407322,0.11307080787668933,0.04776648950664375,-0.05780031323034224,0.7079058625096465,0.18702209688279556,-0.2992156766244447,0.132600409409784,-0.17944547236405345,-0.11261032218046044,-0.5156965615082136,0
1.2391707080793088,1.4467682429491457,-1.6711599762480411,-0.8640859084009547,0.8284350756357807,1.112416080472595,-0.8392669746048784,0.49591883790705465,0.10648199899312669,0.4171879357460423,-0.5807981751196691,-0.10720944086379014,0.36470803485860515,-0.1462621710381936,0.4919394967244566,-0.4070024338843439,0.04452797971275277,0.4985542185007548,-0.03844983468789071,0.010307188411281582,0.345748288571253,0.2690092418922841,0
5.109639938968242,-2.7891653904478915,-2.649525524506532,-1.0052383655285297,0.22878668294307528,0.9123605617319128,-0.6909400909086412,-0.16567413875567719,-0.10299212061298617,0.06347844183434348,-0.057825213285949174,0.3960122157028739,-0.06864256414906156,-0.239653414359584,0.429281138186544,0.35642961555463104,-0.4548070077570222,-0.07777804294315073,-0.3053806282472141,0.19618165727462689,-0.17928125855024762,-0.023445727923660946,0
5.858395503108803,-2.5789903189413,-2.7134899485000346,-0.7787971101486942,-0.06347774183076692,1.2062537471004224,0.21041689407310302,-0.017028595619631846,-0.29835644246201765,0.6276785485062177,0.5080571635221774,-0.048560554108716694,-0.1697231223325922,0.03016463607269526,0.10818633916107204,0.17615736783453131,-0.5820799538051037,-0.054601696965296896,-0.07271261395721869,-0.006864649936369099,-0.006382071115703914,-0.41348596949439503,0
1.8428683516880913,1.1819010748163863,-1.8646227504790462,-0.973580249960318,0.8879446124056017,1.0556532560048952,0.6978297537261873,0.6907362789478485,-0.05336737125680142,1.17173452322401,-0.2737644187638705,-0.5383717824302269,0.15153440912283433,0.28898490996739945,0.1282079183886222,-0.5055163704263519,0.6515433459788796,0.44993405731861924,0.09941648788596984,-0.16902857958638157,0.30858837897919034,-0.250983747244455,0
5.6604456285899785,-3.141890642748598,-2.937046730998296,-1.0169300187958674,0.2187599973021497,0.8004924273129613,0.8136627412804717,0.021664420145431552,-0.2481064555847359,0.8248213360444121,0.13908274673190726,-0.08777301303427404,-0.07927109342045441,0.24702735757392585,0.11066388199756697,0.20193534103598754,0.2449737969335411,-0.09459977275408056,-0.17430925609188505,0.07741517562320727,-0.2307772199431059,-0.614927638966834,0
1.3154022064440112,1.423458714539853,-2.1199477035385774,-0.3375247987793748,0.9897819148925115,1.1477343805462468,-0.7804589817975887,0.6233867224659041,-0.03567575480622754,0.6484250229084911,-0.28061543483113854,-0.19156521192688306,0.18358327130345742,-0.011160038785660532,0.04372976570977397,-0.3940858623414998,0.4173117540432327,0.4086567343456171,0.5589449494744806,-0.451459521393557,0.4197834517346951,-0.11169042200994918,0
5.280804533144911,-2.8904535088630277,-3.0867587749269325,-0.4952479982458141,0.37491443895649457,1.0416184392910008,-0.5545365656168801,-0.03158364392465919,-0.27172799712986395,0.26947386093285813,0.24142289032004347,0.4214923707819949,-0.4044782310009966,-0.2075803731100511,-0.001106961539087328,0.46165469293954836,-0.08669285526306329,-0.23295866257617723,0.2894315265160229,-0.3000702337638999,0.05284671560967876,-0.35132503886326427,0
1.7003174814430344,1.6152752369560406,-1.990952799291856,-0.2511475262128463,1.0896543446626001,1.1180210095943417,-1.2461080063624115,0.6181683865913327,-0.019379510372565144,0.37432634866672354,-0.191477094775107,-0.1332721548538613,0.16658621956752623,-0.2411849941346784,0.35765706981316847,-0.565554517220853,-0.028000275618165645,0.57142453404802,0.4445049863182032,-0.369824816981483,0.1440809053214975,0.1957953506523468,0
5.63345531668878,-2.7671499825302157,-3.0031140075465537,-0.4038001328722979,0.5001007719492178,0.9233042387517907,-0.9496173420349917,-0.00011284090212212084,-0.2107505160673521,-0.07211671347066723,0.26150412524945893,0.41111469810654033,-0.3287563756247736,-0.4263658154785405,0.38442631046311904,0.16210465493120393,-0.5007039643376913,0.015054134487719984,0.18261478301495676,-0.1679824282385119,-0.2574728912224578,-0.11572800441443867,0
1.5984177151889534,1.138112939414696,-1.835991302439916,-0.7192451566917551,0.6934202168230376,0.9865512700617818,-0.4958372747601612,0.5200250889178911,0.02954418150995654,0.45078627140552213,0.0013475733678730958,-0.6012579429069939,0.5012207142910504,0.5878384950974933,-0.3697363574029614,-0.38768885571853207,0.2792422297095097,0.15432343557153969,-0.12908503325297352,-0.057609196309721784,0.5709708257616497,-0.05350704463665774,0
5.219082279547945,-2.8013066637875057,-2.7976336980622394,-0.8591704836709542,0.23718841043246866,0.8465268750819553,-0.22799383479985913,-0.012519734991946327,-0.11351116456180387,0.04245526244326941,0.4479404023621841,-0.09386243302256936,0.05155178684536023,0.49298458201578277,-0.4576386960838798,0.37633181424762274,-0.12400184928287929,-0.3479320288273283,-0.2207467304965525,0.02286883936917333,0.12457563898004478,-0.18749498192320285,0
5.012989507167023,-3.026797285243064,-2.9084337959327993,-0.84801937861857,0.21750752535348608,0.9899741108732572,-0.4670186960562278,-0.13619581019397478,-0.18755595653747284,0.09640887091929401,0.22099471321741354,0.45753779212898166,-0.5151710433091897,-0.19986675782922633,0.11545677907226817,0.27114675293975843,-0.27789214864114464,-0.1684311599872552,0.10476618200901501,-0.05686545705663188,-0.07028603732113642,0.10922205926561349,0
1.135929122884528,1.244706318156712,-1.956385994329294,-0.6618722647463211,0.8320358310123707,1.1212722926733492,-0.7298124247099653,0.5316648901834752,0.025760929454299936,0.5360312965480472,-0.34213352457522533,-0.17325440932046127,0.10076617976242404,-0.01770078585729319,0.23250611752338488,-0.6119046076287044,0.26542236707555755,0.4780274815734685,0.30991959569440125,-0.16835362164630102,0.28735933417148324,0.280227888234526,0
5.563884942441936,-2.8244610248591657,-2.839282733355653,-0.7259563284751362,0.5069494079362854,0.8530575666417712,-0.7471589261176899,0.04362046119839856,-0.11025131809482673,-0.18632904709239537,0.3820619559422033,0.11376587298893129,-0.12711805768505025,0.04248211864532456,-0.06549905099128644,0.24956760137738318,-0.3109606775723416,-0.24559968397017226,-0.07689806536366191,0.009920336479462605,-0.1793806125074287,-0.14318709785472827,0
1.6814032394431753,1.5287397608294533,-1.8738294798804125,-0.5805882911504628,1.1749535919751344,1.0796168138623505,-1.057218443344504,0.6746515251068762,0.07180599937459084,0.3120004041013607,-0.04608226000341615,-0.42565368531358044,0.31107168186096423,0.20228773581663095,-0.09800191830836286,-0.4876154644583913,0.1584072670020034,0.3175764333556913,0.20711272066279104,-0.18244083148678675,0.1605852366021862,0.15373163026300915,0
0.9659611960732497,1.1208692188014682,-1.7543036235658178,-0.9680239038168769,0.8044388815640492,1.3060064131359026,-1.2386124833711731,0.4787619557383706,0.16551167120271754,0.16424235727970785,-0.5756206738137744,-0.044716650765235635,0.180040378501728,0.18806602859368704,-0.07792048563314516,-0.43254839671886786,0.5850083157732323,0.21708948460265062,0.050274413986503695,-0.041634552657899566,0.5139356230021186,0.4070108325981019,0
4.919942229444033,-3.3579884949292516,-2.727011999870948,-1.0990147129594254,-0.02416245694787706,1.0262695650466027,-0.9953135611634454,-0.3056170711870869,-0.09660875006574145,-0.18526369132621498,-0.060540149477938655,0.5260989461000778,-0.33066805224134815,0.012989632476771195,-0.06282765884440697,0.28494887558467014,0.06331370732778667,-0.40215872430739347,-0.33556784749844115,0.23982277092195947,0.11374542405671632,0.011784561114933931,0
5.0672270589991495,-2.748893166193374,-2.6275025761733914,-0.9086336527700628,0.25040883623511917,0.9905916617605051,-0.9869211615900166,-0.07787478382903022,-0.017006366773141223,-0.4365443909017137,0.07730397472495966,0.40271426989269643,-0.391819584004316,-0.03482408146552825,-0.022690396418701637,0.09441909617213104,-0.09805385897001785,-0.24904161065966376,-0.22488544033230576,0.10639608877575929,0.026235406744855163,-0.06695266830262707,0
1.0588402971109208,1.5074406244353467,-1.6489869672349207,-0.7560505000851022,0.7847053508309351,1.0087013959562314,-1.2549509628376712,0.4644484124889399,0.18616867033736761,-0.016584264594606893,-0.43494890766596256,-0.1562025472659263,0.16468573640081768,0.10394880431715062,0.041732903984848115,-0.683539152499073,0.34129104225906653,0.3055575393218437,-0.06822929131010404,0.0331251913607638,0.35680261326444895,0.056648987426415005,0
5.163724553342824,-2.877227900130289,-2.723537573937309,-0.9259604234003489,0.38677890071539034,0.9958952435780917,-0.8175857060074458,-0.0532972604046693,-0.10664650348927711,-0.16686440008178088,-0.004500531722951019,0.5084101182518651,-0.5503324479245234,-0.21861980188604693,0.2338818327187969,0.06434116640703519,0.0072270411280926684,-0.18296424361007566,-0.2634268419291822,0.21066591222088316,-0.1404141757669775,0.20076926061104575,0
1.0258669147674424,1.519740185751152,-1.7045002053688618,-0.6523917818444563,0.7261176009108168,0.946918083774651,-1.1455212547285154,0.40607381965397565,0.07032533433898822,0.26906903244519764,-0.5022101748020982,-0.032035063972046154,0.03201725436038276,-0.03569467553979806,0.2735338447863961,-0.7606164565688275,0.4923377740533353,0.38862457972531544,-0.013654788596099738,0.07728315020462218,0.24300488337509882,0.43365531086138387,0
5.5533244669386885,-2.9138220644477024,-2.6242378717180577,-1.003225449002933,0.5180028874335522,0.9658128619613967,-1.1704006261454798,-0.037741066561990014,-0.04558250374876555,-0.4834235387634497,0.27257685662781195,0.3252262588600445,-0.6178394409092035,-0.20302613492629792,0.2049910090929579,-0.13206681249200455,-0.12890278690072351,-0.0604402562634875,-0.13438231207672172,0.11584335004416418,-0.40430107032558354,0.0070274542385382974,0
1.6276164269013913,1.4756812997342112,-1.6044707646449132,-0.8455840317490768,1.0923412299739914,1.174813253559592,-1.4592968872221328,0.5620833810964322,0.12729470462072812,-0.004575485562666924,-0.19148626624375598,-0.16816414649349704,-0.1915322166874219,-0.07586434723795638,0.2063185028632558,-0.8656301794491004,0.32645962500495707,0.48975538471161384,0.12754956028232936,-0.0732994359193937,0.051430019243190454,0.33759028155667137,0
6.169859212844167,-3.0334580647733493,-2.5169732180651945,-1.2183989347765352,0.40728715518791225,1.151070181118371,-0.5633490001215007,0.037660331590528104,-0.019361999949181707,-0.26653829451825756,0.10087620989588518,0.20901098091706724,-0.2844494208538114,0.06852881873019731,0.0573678496015542,0.30732275005485216,0.20583775046553882,-0.2776017560838152,-0.31426937218412077,0.19903138460714281,-0.44630396845563597,-0.07172544090528947,0
2.3569029508707904,1.280564702301605,-1.4834026941771996,-1.0800747250363272,0.9423998825057532,1.3200781238636268,-0.8150938409434542,0.618508430166698,0.15211941972546333,0.2149721664171717,-0.3843486822023286,-0.30884519499976343,0.13525302284480017,0.14796613705294437,0.1269658877418314,-0.49651076070945843,0.6452492835332696,0.27807250295385727,-0.16125239822747547,0.10788507869461483,0.008186425932965419,0.13271574250630472,0
5.226127495265765,-2.943627121238588,-2.7942328955559073,-0.997385078447795,0.6378021633113206,0.7727493454387752,-0.67928991683453,-0.03590374400856568,-0.08972986684347657,-0.016105469720361906,-0.07039538968347962,0.3954653738336057,-0.2572914010032772,-0.11286065562932335,0.2960834729744998,0.2573730456747495,0.1731561335903322,-0.1153213407534887,-0.2702516668155198,0.2135062969943421,-0.44172405640091056,0.0941852269472919,0
1.2715498008606356,1.3123850419042107,-1.7691569584780156,-0.8133143155429702,1.0290947879300205,0.7799219855330167,-0.8999857495053519,0.4584539189620112,0.0874207039077183,0.4074595296763087,-0.5717712417954571,-0.12818700800662247,0.25043487014462823,-0.00519915687760479,0.37880160842605737,-0.5359922185022767,0.6019073197530277,0.4261422203460481,-0.13387314243600865,0.1493509649336454,0.004096707363246293,0.2932229532855741,0
5.4044330493711605,-2.8191099616706747,-2.920538507122313,-0.5430270627231611,0.27819028618390074,0.9657613242188522,-0.8036735915540765,-0.060504612723385684,-0.1997005709215817,-0.04851481635574182,0.20406487190013056,0.40335543315111727,-0.3767248021661464,-0.21967444133026068,0.3058552442024898,0.035759330308788355,-0.25335278194274874,0.021106796829243834,-0.05430170918101274,0.04722019360387202,-0.39572987458880976,0.1776611151946513,0
1.439279638603509,1.5376796331704794,-1.902243609452245,-0.44695101444937646,0.8356941725764909,1.1143157052513426,-1.0058150718745447,0.5339585624048526,0.028504978751117866,0.36506823889504214,-0.3028874880418778,-0.1335537024046659,0.08198517340982366,-0.11066597010925949,0.3177206149944163,-0.7226974540444359,0.1550543898307731,0.5673463240454777,0.11900376613410783,-0.027284620715702538,-0.014247577723736143,0.398070278606949,0
1.4089628013674755,1.5786331198272558,-1.8746545920970394,-0.4588131980699327,0.6293102138393905,1.0104135071450429,-0.34440423091802636,0.5019015930625168,-0.0037825315232646135,0.7183860518244103,-0.5555624057684363,-0.17704260350986573,0.4264169100796658,0.3194576611539947,-0.10612803983615633,-0.25456155385119644,0.8153570140710066,0.10906686099791381,-0.29275609985010664,0.2441384818597261,0.27550778687868255,0.26907586147355694,0
5.255708578294892,-2.6545404688070438,-2.87326101888598,-0.6205225723702718,0.12862806585900444,0.92350999925359,-0.21273400026266603,-0.10923619711135205,-0.24842160420538392,0.45198694186845095,-0.00605555828145189,0.34941846764316553,-0.0729444004839335,0.23943946248677572,-0.19629167038194908,0.538778869271471,0.37643352124077173,-0.4622017508086284,-0.479837423087246,0.3342146089575638,-0.19260540559840106,0.026332124011824727,0
5.623162968297881,-2.672011220663116,-2.839089044979334,-0.8004705946266216,0.3136356513435631,1.0008086406134724,-0.01567328361590881,0.0017946420731420423,-0.28262249733398187,0.5523160809605009,0.29825655858844907,0.2129902501832365,-0.32399148972045555,-0.3755947804120305,0.6546365080917818,0.11140463634906095,-0.5950783207726728,0.22032277441705497,0.1664452415487445,-0.043575133755063784,-0.6743076635403499,0.18472756037763285,0
1.4285405252052004,1.7080655585283786,-1.9656707535734805,-0.3591095872462753,0.8737217989715694,1.1598941453549236,-0.8650185297816093,0.5307761518924915,-0.0794036748087917,0.8512194717256935,-0.24199250366795233,-0.3374893692787541,0.57800197516375,0.3390326123184057,-0.0973394800806634,-0.23784339076502123,0.352921755223911,0.3387253056738646,0.022755961662382876,-0.03369099459075648,0.307971443595086,0.4258716664549498,0
5.411192422008386,-2.691424811965818,-2.979352110064129,-0.49693897196014025,0.24264666377511993,1.000638862267128,-0.7089264592532347,-0.1468565047309495,-0.32534329125788836,0.5418898645047331,0.279765449188063,0.20180831527775417,0.09893769159467526,0.22366494315069352,-0.1363172834760017,0.5374850490977605,-0.0858972461327311,-0.2575376843198046,-0.2407088106921115,0.1371681696269369,-0.1704664674412732,0.1168210486940868,0
5.551353656833825,-2.5922680833110245,-2.8928221861196226,-0.5391050059834748,0.5949736198238572,0.6463789769268975,-0.7841326588299352,-0.09694731564331946,-0.28290632451146114,0.30632098624147536,0.4208935132676775,0.18822302555064113,-0.08088859448946062,-0.00947835111556018,2.9626746501524086e-05,0.4860937260449631,-0.1807191491381836,-0.25255110925339896,-0.17955479896165624,0.04090792383945085,-0.12278549236960304,0.06866157095718878,0
5.600333254960665,-2.883674609361199,-3.177371942954506,-0.6093205787777912,0.3839046667181141,0.8572807400376088,0.4077603499125918,0.06681855887854697,-0.36181492069090104,0.9692000433839287,0.46290529240078887,-0.1620600762806944,0.1702664263425933,0.019586040282613112,0.2595436550863161,0.3329291138637463,-0.7158231137871562,0.039298028031901085,-0.16828653007198177,0.0715066740582731,-0.30763115229908633,-0.4601714753959217,0
1.7509938150244428,1.359419483924668,-2.1393337987190986,-0.5188456408258187,1.0236701333652332,1.0724058725018675,0.35755264969606065,0.7658904418275078,-0.13300851412272716,1.1981935823644714,-0.04254411489724514,-0.5848741134243574,0.4585455162767514,0.07275346650611222,0.3089951638355126,-0.3941282566529505,-0.22333011419098825,0.6136643661559352,0.1780345653915658,-0.2264866642900964,0.3661010672084222,-0.027272713203447756,0
5.653469692848707,-3.227015442572381,-3.237264388605115,-0.41687459849548913,0.030074990128989523,1.178598956696308,-0.07794083614830981,-0.04587611024432005,-0.29688736596636894,0.5107127189927168,-0.1653235992857457,0.5393580963935173,-0.2966159839701912,-0.3032006818011589,0.3459566114183975,0.26335122800908056,0.09069724048919389,-0.052272825574676794,0.09747122522507694,0.017500427044288832,-0.143453950860709,-0.16392778428578775,0
1.6748383363686772,1.2099738975102703,-2.1483066413998158,-0.38773663741438114,0.7476677706404512,1.363284266774152,-0.16766720256184564,0.6423035679910089,-0.05939764916996788,0.8061066499395779,-0.6352416826532361,0.07910063398662577,-0.023307717592090986,-0.22704894095980846,0.36143706880748494,-0.43198425285860104,0.5860134221506168,0.5068448115503709,0.41866110721814404,-0.2526743095707577,0.2567109845931245,0.16144577332305524,0
1.8374011688495921,1.5313446911523734,-1.9718738212852498,-0.2249960131433583,0.842174424821101,1.235690958725557,-0.867611903188721,0.6158360307185773,-0.060352587401717735,0.4915009102572184,-0.20062873086280902,-0.1597164855369903,0.20500645688277536,0.29915746364780865,-0.4065541437158153,-0.3590469771773249,0.5077569149382968,0.015021277256729538,-0.18362035625729453,0.04131995107512886,0.8403928304549869,0.2914519058059298,0
5.699574924196472,-2.732956764244966,-2.9463997989096415,-0.4291076232748319,0.2719889169513081,1.0626848925319405,-0.612913398880661,-0.033295018088646336,-0.2719949043070067,0.1832383840151845,0.283177497599975,0.36108010850467565,-0.280725918535144,0.14255861639534584,-0.43670449370442926,0.44139755772707107,0.017183923786120034,-0.5966377821375912,-0.5151535778140275,0.29006996973169663,0.3453386980085617,-0.07451506140373461,0
1.9553193847084647,1.3853959954312474,-1.5313403604936748,-0.9950732593610487,0.5382065493477293,1.5600330637127349,-0.5370758266509699,0.5899558382473968,0.1356975708894962,0.2609407205641357,-0.3188493862606013,-0.22481372155076498,0.03412482530726728,0.10276313633133208,0.17328371174146726,-0.49618589978787575,0.3098552982195177,0.34614386130353836,0.1755577399683257,-0.06088524697471493,-0.00786346851871989,0.5211435655388755,0
5.673790719411065,-2.79103512395408,-2.4956825572315915,-1.0491750932147286,-0.13904633088384066,1.2953669947548674,-0.27377350985578774,-0.06631009779649503,-0.06353716094682928,-0.20100047513749636,0.14978106184028675,0.34606183260964507,-0.42072078699735843,-0.024950189044108326,0.16124276423626774,0.26244346767607496,-0.1295072786116558,-0.18141659945325203,0.05457570928059404,-0.0022731019612073967,-0.3157945666734968,0.34909109939522665,0
1.6565009190808122,0.8782393833342805,-1.784446460128225,-1.1427106339809392,1.0844917710929454,0.9525506449025182,-0.2947894387725532,0.5401942891537193,0.07590377487020164,0.6511422347215154,-0.7253892761352495,-0.07542172750005538,0.17927798585313742,-0.1662067302080057,0.640969625465582,-0.47545300066885754,0.4788623570412066,0.5031349818267602,-0.15988931543374393,0.1655903390156052,0.1415326984982811,0.3123594074764999,0
5.437634698519414,-3.399074808479858,-2.750593359004313,-1.2185247568720095,0.260561484821091,0.6614946362412275,-0.0001690564636470568,-0.18125196569328653,-0.11880520423772305,0.1676180147959013,-0.2074389300476575,0.45265720356851025,-0.23274048482181398,-0.23568695644070023,0.5534881416662446,0.2745629198501136,-0.010578840743026865,-0.0828735638134089,-0.36665401705432266,0.3286798726253736,-0.24309515063508946,0.1139511668587471,0
5.176051713030016,-4.623798491518441,1.0004163362147078,0.8323030730250881,0.4580867187374991,0.9312333448418264,-0.13641441417186695,1.9721212851304348,-1.0623083984790334,0.4291251939348701,0.2081118797840561,-0.07443901915216276,0.3258433902301593,-0.9190191416719777,-0.3853967330968218,0.3305558068927349,0.23678497143649374,-1.2696050725523103,0.14370414422746017,0.29658119369853303,-0.41132786538047583,-0.32080300267026046,1
1.3761508201749666,-0.13344184011684143,1.6451160662086952,0.7821656896288623,1.3401053346596583,1.3855744180856522,-0.33349382281915646,2.057323295384353,-0.9234596337751294,0.6602244030065263,0.16055090818999226,-0.04342036673905349,1.0400385298529495,-0.37606152549662125,0.01218627795278641,-0.5455874276428166,0.7637680604378075,-0.7010462745455606,0.4860472089060362,0.30306746536953255,-0.00163585799406253,-0.042027861169581064,1
4.813970503171908,-4.567403844085752,0.22795251171812672,-0.319071020297216,0.506706525376078,0.7552279891647519,-0.5877668371862239,1.0107237218655876,-0.6066773461882061,0.022344432805681238,-0.11145433232376253,0.4231581702069017,-0.34450277298610876,-0.9508024062307123,0.13268726439827427,0.31169971755975995,-0.18002945932016526,0.10452920983762753,-0.9246076136212384,-1.0424394564024677,-0.5145524165140567,-0.1558785624208212,0
1.474760287620879,1.4326854226501589,-1.9513009989295913,-0.5009050174688099,0.9306347397130642,0.9124331708355722,-0.6205382068287344,0.5552011848069065,0.013950051036939044,0.5921117038743451,-0.4061169294421077,-0.257442380642795,0.4106837448201505,0.08601026538876935,0.2070863312359649,-0.43783102917441247,0.3696849541191715,0.3928144217989453,0.01524281888553604,-0.0001483420709361193,0.10337127367532456,0.13756472804802308,0
5.402812139260699,-2.798108293143141,-2.933671857188829,-0.6892876138632682,0.4357296855780718,0.8605414560539166,-0.33559985692592564,0.020245756783907422,-0.16010892860917023,0.1540920447790293,0.08593531411385631,0.27551660835836006,-0.11029665512499605,-0.041702110677841145,0.13842979203099473,0.35408218845005235,-0.08546701681275291,-0.1650215479156205,-0.1690572076576384,0.11457069054876867,-0.292773061416537,-0.021949746215051684,0
1.4101534591567697,1.467044308030696,-1.86550877637062,-0.657263652048632,0.7588782898243723,1.1267605387219701,-0.39327746026918675,0.5288094889076754,-0.08925717548607569,0.9216316340390052,-0.06248310964794205,-0.42903900925555655,-0.03209411098695331,0.28068365923655464,-0.022161438711851285,-0.8704178635567554,0.48042687760281777,0.510874332730159,0.24111385321567966,-0.19220081957934282,0.44170586839008324,-0.010923238247017788,0
5.452152189072187,-2.976369544627906,-2.8465238766258727,-0.8869232804103625,0.26353472399092626,1.0202633767055953,-0.05905754167292684,-0.0055509646411540286,-0.25180265964675663,0.3471464468631048,0.42337289416959084,0.11690808108770501,-0.5627475825192342,0.14986959709889863,-0.08718472149849679,-0.0524892433062006,0.042924241700115565,-0.11134954964397685,-0.007252617727104655,-0.08387493155758374,0.15407007745343876,-0.2879332037203275,0
1.3058894133953698,-0.010085673471360235,1.844524044180581,2.9735447538230733,2.749982963006474,2.8930843255737955,0.15642990990737138,-0.8321866105923429,-0.11647879509096369,0.7018010135978123,0.27179024486794645,0.22096466774399232,0.5670505580527488,0.37437137443867663,0.5701238762320681,-0.7509584868418566,0.21559311701031997,0.20696268569778276,-0.2932975061006946,-0.491554350309394,0.02753265406823157,0.08730578322882901,0
5.229794111753769,-4.451300036053318,0.6844860442976084,2.7341755964016228,1.5859213543687478,2.0568649494998534,0.1287910279864425,-0.6901378834694378,0.5320447440295001,0.6228338636344937,-0.34736750631098173,-0.7582511271176415,-0.7183804995903432,-0.5794904840400424,-0.22763540358538603,0.3611521555036771,-0.5579631843466522,-0.3577003927948245,-0.5037367997055021,-0.33880595203035857,-0.499356501183288,-0.09155026835107638,0
2.287260836034627,1.6858856234706303,-1.9439921206705226,-0.35596248785400153,1.012943948077884,1.090867147935174,-0.16738666261898597,0.6462626016664038,-0.12372078329061877,1.0284541344976672,-0.3551841053067069,-0.22988438356712756,0.0999768451937736,0.0714277683513225,0.16570742742030495,-0.48565457902768705,0.8741051803754669,0.4235542164252146,0.15522533808045072,-0.07525705297115415,9.484199630895848e-05,0.05347754062740157,0
6.171012744763966,-2.584889399258852,-2.9751715241094057,-0.5008242827387737,0.5039344188250194,0.9892322124786928,0.0360651612479536,0.08920601665421095,-0.2841698927306149,0.5532810681656499,0.1297642552706829,0.2653954848901005,-0.3016559237628679,-0.01790363694403753,0.08532697233441941,0.32915330473490495,0.4259778751325948,-0.14910794993630502,-0.03780908211584128,0.06469098227146503,-0.5065243414345378,-0.15138621610346345,0
5.909300372763217,-2.796985749741439,-2.8648408159217125,-0.82416273996429,0.8120878488535114,0.48650661605983236,-0.044919100281029606,0.04585516282995043,-0.21484142440225187,0.3980130538435917,0.38308722488742636,-0.06396266211095308,0.007275641503137121,0.14953257999784225,-0.06000347552928498,0.4574052304242113,0.05060639207833129,-0.2513930582885384,-0.18402767626123714,0.029038428140088998,0.030037500550383785,-0.3309334539157314,0
1.9550358191076225,1.5596348080392968,-1.8708860385194475,-0.6624404718264278,1.398518133168866,0.6473175301091185,-0.32692112036430787,0.6278449852719196,-0.05003074883931811,0.9028289818587558,-0.062319158359317235,-0.5782210453875694,0.4482130425116005,0.2710234986180106,-0.04646583385980518,-0.2854242638706322,0.4704550581466524,0.3093248881368987,0.061461694391211845,-0.1411865850514999,0.47055314279857047,-0.03790159918338192,0
4.929091548376554,-3.0622334010071737,-2.7446481942376755,-1.1794002400788803,0.1086056919954187,1.1290047323493784,-0.3815118862121288,-0.091383734204834,-0.12717207053739796,0.11511718973423836,0.4318741884813026,0.031980422217744144,-0.22450039643968006,0.2987043789001162,-0.1775067810468684,0.1692811270980701,-0.3983671636091287,-0.21670676293609678,-0.15442567318105546,0.042417201781070106,-0.17348914606619592,-0.13005503108555644,0
4.293339966064925,-4.430656850664188,1.0510347850815722,2.5122507155319562,2.4154825254759094,2.1735916933567365,0.7281909392698355,-2.400651015564716,0.7014503100576992,0.382225355316547,0.055927037308695866,-0.42455565288687647,0.07996959015160672,-0.4021620462697262,-0.23213002551312603,0.14735396598220865,-0.044368822840224954,0.22163674204774111,-0.29636869036311286,-0.5554778267780601,-1.1152542292833811,-0.6707717469578132,0
1.2318736403925314,1.023352079879577,-1.728950959065984,-1.2343463607417393,0.7363028892770406,1.5415570982116118,-0.5418214391342961,0.6123800805461262,0.07023038161180992,0.6060179268638829,-0.19812454875735247,-0.4409694814130394,0.04810385265137081,0.1403445545402477,0.3946210788599491,-1.0054854297127815,-0.1068332420332546,0.7309514585171397,0.1307819659295908,-0.025904847069117058,-0.12225873075624202,0.32126713293278414,0
5.170980420771656,-3.5171815004331926,-2.7792824424473284,-1.318736495130864,-0.09922887522213965,1.1966440287761988,-0.3409390271451667,-0.1378870216051105,-0.11950059523173658,0.14203074803230914,0.24517966255854787,0.017199053754727696,-0.21035012928086858,0.049976333452277005,0.42616593546267934,-0.3507571122110482,-0.6274975056776501,0.1730996510278185,-0.2692932092577819,0.3327811033056763,-0.6739120242321174,-0.08976524218535285,0
4.906262512914764,-4.577691216050225,1.238931563070127,2.037975317976937,0.6461889415804415,0.7777858461822749,-0.2306093396183989,2.281298724003062,2.5948982040959265,2.169472958157643,1.1806132599486396,0.4618504732217463,-0.16781964435351346,-0.14886119540900444,-0.6200716580646972,1.315551099383209,-0.283245997217252,0.4675949030901924,0.22252444262186327,0.8875665803176682,-0.15035200827972814,-0.5744853218204894,1
1.0630452665181649,0.045307947039345035,1.740769771889657,1.9140355338726434,1.5664367546987747,1.3084899748998295,-0.19950233673408985,1.7975267390591856,-0.0803025255187159,1.4099141029765019,-0.2102199451745239,-0.9364516249130297,0.17462783961290737,0.35907542270414594,-0.18867257277888666,0.49035277621854045,0.09021538604930125,0.8430707974658636,0.6186770643249686,0.7161145917681722,0.509278785822728,-0.35141000069714073,1
5.813512759128928,-3.336347302770291,-2.5789188193790307,-1.3972003161703004,0.015362492868337478,1.0900191259371812,-0.2590233691964232,-0.1642623823896934,-0.22013110349138484,0.5587117597274409,0.23407131491211505,-0.08479563798496609,-0.028249767114844615,-0.06468313334035292,0.7506774255780007,-0.26392636499812955,-0.6384782202964893,0.25360623093162993,-0.3423232254525258,0.3870855350401505,-0.5364693962217192,-0.0196021574268097,0
1.8943531352578662,1.0603972917895885,-1.5338377579278308,-1.3319031129013414,0.7751006028104005,1.3410055509987584,-0.360785886104119,0.5213776962568294,-0.04792578451665492,1.0088462758965362,-0.2026440032090479,-0.506619601990696,0.18796088480219864,0.014461080165170103,0.7339546307873438,-0.8971024533211651,-0.10547516642144918,0.7720551509668307,0.008361925936915553,0.05100295474880156,0.03586254690964973,0.3113869359150832,0
5.821423438036448,-2.746888213959642,-3.14742088612361,-0.5942023507133626,0.42992819891530176,1.2139235892475577,0.25096816313622644,0.018032848861264973,-0.46345670725837274,1.41011039117763,0.013914885894765708,0.27097349877369115,-0.04594749617568001,-0.08394492363717432,0.34131950339959616,0.540499420441576,0.11364745063041724,0.03706025672206143,0.15663936055078523,-0.12188109866373481,-0.3531167349777262,-0.3490074933313143,0
1.8414157413040249,1.657407280190289,-2.0497117581488373,-0.3904472982540764,0.8627196154232754,1.2295953805516244,0.06956212137095,0.6471153473720651,-0.2285433431880672,1.6960070719838123,-0.5746140770411221,-0.3578334659951166,0.5840160681061847,0.08611303248108468,0.47347724639676725,-0.41057601763367035,0.6026883099055721,0.6609463359935143,0.26835447890426073,-0.19893822785546628,0.2433251422918307,-0.17230212042356874,0
1.343546576358496,1.7275180023270837,-2.2012353687427555,-0.13719891637306178,0.7991673899188275,1.3703121627932366,-0.39398790557945,0.6313609135125077,-0.16334532200756766,1.216951534833728,-0.4184728056941282,-0.20690911013201532,0.37150245251827385,0.36528012608350074,-0.29901704830990844,-0.30462907106304066,0.7334664416253519,0.25094788968625736,-0.0055433736024538115,-0.07065717472138483,0.7031779660991166,0.13352489278954857,0
5.392240226251403,-2.7012019958751434,-3.2057429393892893,-0.3113880337989975,0.24813838289464266,1.2474627565862966,-0.1626842315878372,-0.018526756357964268,-0.4105649586642206,0.8546562406756791,0.1442472649686273,0.38324288626055464,-0.1783428161445286,0.2190692781654685,-0.3659136232839923,0.6302580752173871,0.21813162651301846,-0.41525278172996966,-0.277210958984337,0.02837293760052378,0.34419524846544014,-0.1908161983454431,0
5.404626531008913,-2.85205082260045,-2.901440551913654,-0.611283003204314,0.04550006700986076,1.1266300369871043,-0.3657613993442316,-0.12325446776181612,-0.26459768150408214,0.24693311805834314,0.07176607671945125,0.5656976836894665,-0.7321008894270412,-0.35267185052999633,0.3239454724850689,-0.05410627740205788,-0.11617534451757132,-0.03539603309615904,-0.1267279175647509,0.0865255428245435,-0.1322978140277017,-0.1517294931458984,0
1.5176493924146734,1.4653611928208232,-1.935228311244076,-0.4982062946710212,0.8000447089067971,1.421975152649633,-0.616428295777318,0.6194266773327554,-0.04986093528316416,0.6477598946487322,-0.4131461538837056,0.0060613045330954116,-0.2666125459049585,-0.18368179114648395,0.3175191575211608,-0.849475423779418,0.41267207952851187,0.5765310374356345,0.19530630704931495,-0.15434729954420795,0.38051679553266365,0.2133561687491831,0
5.670064155253534,-2.776022329566451,-2.8547701720069094,-0.699225409172008,0.6573378534294607,0.777667323530003,-0.7019791375458176,0.05359866025809222,-0.08980386331725417,-0.2581153978089852,0.31359024151644854,0.21695958534778456,-0.20855729227167816,0.21796996247154132,-0.4345800412215955,0.5025641335421759,0.34619042194962946,-0.5231380024045987,-0.1576332414590552,0.09813141686188259,-0.017590924502880887,0.11464055600699705,0
2.0291181254930426,1.230272351354085,-1.9329004629407616,-0.5603239333557589,1.2657955525697178,1.004925261354136,-1.0199767228171386,0.7132823260306822,0.09295591992003424,0.1275381665939207,-0.1815819732133495,-0.37249910184476703,0.33587934041700007,0.37717212710498155,-0.36187084640950107,-0.3576997183537044,0.8382742797094347,0.04240492745963944,-0.008636198780448896,0.004541558052714662,0.40843437636664226,0.2755883114036814,0
1.1397147983515281,1.3181605812392638,-1.643318972884234,-0.9486658674105498,0.9668815188134003,0.9414948730352272,-1.1320330905211267,0.4036065485344343,0.10753850994359224,0.2907062564230899,-0.46192658937681746,-0.06130140802424605,0.1073131103768878,-0.09945888438788175,0.2231900112395189,-0.4351462064804949,0.26604804339140814,0.30984134422807613,-0.028331920977406402,-0.049172914407245645,0.5514739850030871,0.13597239649625517,0
4.87922419252556,-2.8082558118133045,-2.581051428644991,-1.0452697841896736,0.3200729091227098,0.7392175685851463,-0.850403806548051,-0.2137577891504998,-0.06759475824822207,-0.20975190084316245,-0.00044863262623291895,0.5055758049342933,-0.3759347783420674,-0.21704117253788766,0.17528024238569093,0.34923846042062295,-0.1492268058828961,-0.24858891301242445,-0.1563516421521178,0.018397496325932957,0.1809215088511665,-0.03277088452421988,0
5.0733169223484005,-3.283127966362777,-2.04536039406291,-1.976926812380562,0.4427423017413332,0.6314336788379048,-1.147667337207187,-0.20766543717178376,0.22397302617452772,-1.0892543826173118,0.2589634757100214,0.1340084936801606,-0.4242251580195558,0.35314288503795926,-0.2843910741754935,0.18959587421284912,0.22011013095788978,-0.611921658825352,-0.673793356114895,0.5235268335127745,-0.36487287029063825,0.2937214551071112,0
1.5395250650311256,0.7331046317097509,-1.187990276131021,-1.8173812858814904,1.192870033810982,1.0374820647432947,-1.4634814480029474,0.4969589874541474,0.3733265512143467,-0.6367697115801995,-0.14710268766930096,-0.3161481083763564,-0.14022247136840668,0.42106099102624983,-0.29609566828699846,-0.5764253360999569,0.6811811386316601,-0.04397297343967806,-0.30004454904695077,0.24839450752942704,0.25091281513746483,0.6990644865177086,0
0.5931745125382653,0.6518597490886455,-1.0633489657520576,-2.1083866955823125,0.48034554944925395,0.8296250435275286,-0.4497020614672336,0.17504665887005236,0.2619155443885485,0.2506518883840432,-0.969499289124645,0.0023672906511582816,-0.11088327841256347,-0.4939542111620771,1.2525308111595512,-0.8543763897168439,0.4057773909763256,0.7649516446885274,0.5976920249310702,-0.30579355655079726,0.06346266361482042,-0.10005093200732769,0
4.514771794616071,-3.556101828736046,-2.0549776321355315,-2.3142180614040924,-0.07732246673747652,0.7390062679855919,-0.1538864010027088,-0.36842039049287467,0.15493948584670375,-0.20993929303874206,-0.5864979282051819,0.4757274710726472,-0.5298917577682907,-0.6332055678208898,1.2197202261361582,-0.19413533754620685,-0.030884580892435492,0.26513649320319665,0.35260255259747486,-0.03407322909187333,-0.5174499605896989,-0.3568507888887358,0
4.620073778417454,-2.8210987515313843,-2.250641267705994,-1.431527748503587,-0.048364658400600724,0.7932423036652355,-0.8064518170228591,-0.29580882248492246,-0.028744338743910924,-0.19876848454037851,-0.05910002568896822,0.29410664634665956,-0.31424698605543766,0.034612296908910045,0.18687575732454445,0.0039003020688709073,0.025817129364463568,-0.28783385364571834,-0.4664067674814236,0.3235291840189178,-0.015682777083514707,-0.12005530454696395,0
0.4698168091779219,1.7609140787088053,-1.2664002019559073,-1.2897195424438501,0.7185951401961912,0.9701116581547494,-1.0158588075598929,0.4210476128294404,0.24535605944276742,0.14819181092969552,-0.5677238672255093,-0.2650519151579351,0.15793842236259825,0.17944031404949817,0.14702887518339744,-0.7633356098246982,0.519966976688196,0.3258507693515288,-0.0949377495902879,0.11860466859801427,0.395181861539172,0.2639754130013667,0
1.2513691485039378,1.6078555330600537,-1.1216544853045005,-1.3210120917857797,0.9141899908037953,0.8785542270526365,-1.4799993669331555,0.3986708975098427,0.20628251558185004,-0.1498294393902009,-0.13863159316761126,-0.3775077425719448,-0.10514818920299472,0.00964996318500934,0.2720230890414208,-0.982204204752368,0.28521852103711853,0.4543885660579604,0.1508174953062162,-0.10768496868083516,0.4126252990511058,0.20004019540205034,0
5.348736675420889,-2.750874534130678,-2.1534728167192543,-1.5301169280206066,0.45065155476482327,0.880154696357512,-1.1918434990786637,-0.11584512058500432,0.0658134795236361,-0.6259281752474105,0.27692683737661894,0.18538439343018911,-0.5651841955363598,-0.16702346077295932,0.23311437375136349,-0.11995263063106855,-0.19676733887334108,-0.10858840642095473,-0.061243273885840506,0.04744630443815106,-0.05029490232256626,0.001546285153798463,0
0.8893320262690523,1.6397365940735564,-1.0687350836114424,-1.4328774987234814,0.7473169406449552,0.9135187355283807,-1.4443869908842737,0.33718751128591545,0.21653717982664886,0.05553933215889773,-0.3580686447163027,-0.4002583045168285,0.35748315055971325,0.22526406552025774,0.2105488412160725,-0.7320420836920108,0.19472018938189856,0.3082953618156214,-0.26230155229667096,0.16818116474848407,0.5832668953080137,0.34348958460691903,0
5.0358575634356955,-3.0109027762429257,-2.1654731969168712,-1.678094168506334,0.250156854888473,0.8277630863933142,-1.160231865727684,-0.24710153406864463,0.027566472786457925,-0.3842958863247449,0.1239975739979602,0.13822375511866858,-0.13609558332320362,0.05461049865881959,0.21618565627865913,0.05108171510418832,-0.31117912164729594,-0.2636093401729894,-0.5710907505753169,0.4008703138177823,0.028310644374528706,0.0021125400829661387,0
0.9555205505205618,1.645835079276718,-1.1926794778053658,-1.3728197017965993,0.7666205285042341,0.795129495245729,-0.7496856884648826,0.3893654146020578,0.22144229581272998,0.2850632712337911,-0.6434656891704418,-0.27752600967722046,0.23367606323353068,0.04035903727138648,0.3988203768957028,-0.5984117698974155,0.6878041859110444,0.3860679315365835,0.0990625922847274,0.006896049322575532,0.16264891776308524,0.1730735564714652,0
5.099012428080466,-2.940482600051579,-2.2999478522964334,-1.5228829307976017,0.18185045777640274,0.6761145556042415,-0.632923449557192,-0.2117088516899851,0.01947431105066196,-0.04310404954349232,-0.2234702537727979,0.12128477026928494,-0.0022300468450411,-0.004956253311920829,0.4040032185262954,0.06823186286328001,0.2599239345457165,-0.17520268168446004,-0.31756676932450145,0.3449897025523392,-0.43716701443163813,-0.3358163478097199,0
0.49240867646608205,1.5758984888997212,-1.1821373066660743,-1.4417707511495947,0.7273822632406419,0.7457607639911166,-1.0637489561891402,0.33873630472181754,0.23583633505041493,0.14279229483488698,-0.42897237258594073,-0.41276326331770036,0.27474796367511595,0.14194849442976165,0.2777719329493016,-0.7314881832929598,0.4061764404961306,0.40026524500560673,0.18579307094011932,-0.08645622430986522,0.37888406940206226,0.09251679648212888,0
4.524819003042853,-2.8604917647936894,-2.242581364841597,-1.5608846548637474,0.1669864711047096,0.625901647300441,-0.9398201645634019,-0.24294149238662308,0.04311467187439157,-0.26395388460041774,0.016358040893633453,0.04831718253797934,-0.02594490427102475,0.07594768285166384,0.2625154287352745,-0.01642893438540049,-0.0365282101947559,-0.13875426895909757,-0.09259570736064184,0.11178697537077248,-0.11433525372914458,-0.22798037028340443,0
0.5142669682718438,1.617491471599029,-0.9284766087242505,-1.8054867145763187,0.7480578347542494,0.8000034057811614,-1.1337108289695303,0.26866259767141404,0.24967880555349334,0.20909901238995032,-0.2101247087789503,-0.6162390061947102,0.3607818531800202,0.40023852005360316,0.049858243394255576,-0.5845761203394233,0.1770302773356408,0.2925929009601777,-0.13024940993096726,0.015697686375766347,0.627501031784595,0.0977612562459291,0
4.571198948577983,-2.8962068794471936,-2.005062941679992,-1.9458366408190906,0.16252545291012266,0.6562943934432816,-0.9613180475240677,-0.3521903987410657,0.06358112559572672,-0.26197344081422724,0.28533078998297284,-0.0979234692273318,0.005250423532408794,0.34523692638240316,-0.037731201681984065,0.2385259411349209,-0.2951073537366443,-0.3044404318348727,-0.3630855580178578,0.1700670969547022,0.10212812544300764,-0.16133938973180764,0
4.731811313828034,-2.6031656019017606,-2.276851308443061,-1.4309421831947853,0.2972919836554492,0.6725002578632187,-1.0031421885124756,-0.28233074680789444,-0.058321729866440915,0.044625602095698595,-0.07806845096150765,0.31914511263764006,-0.25215022487822114,-0.4633463165118454,0.9033882152452976,-0.0707474745181546,-0.40141120673484554,0.18937320519576697,0.0721460281999166,0.10193934383257919,-0.6934897675899406,0.03683776658575306,0
0.6044688223025838,1.9015405886821533,-1.1892050908142995,-1.3249670691169606,0.8345339067514898,0.796879688909072,-1.0828514449786242,0.3214918889518302,0.15340164066835527,0.44642950967601586,-0.5588989849633667,-0.17408055097187347,0.07099009905493465,-0.3638180052258925,0.8736974538813753,-0.8454778974013422,0.09824397489623048,0.7213595464567607,0.3494205631193079,-0.08816881257325582,-0.10601908377243827,0.29884109557198163,0
0.9895621580384745,2.6340715500295864,-1.459906529252248,-0.2996185282822501,0.7811698403078443,0.847759770840645,-1.5521463158012323,0.39583450877715637,0.013784727373887268,0.4336201370054347,-0.1899408649481928,-0.29466639810029255,0.2961901719470797,0.12171556166520009,0.05368799074026346,-0.6649142863400999,0.43752462981078344,0.448770775875561,0.337156236863264,-0.22344348628433003,0.37422304488885294,0.37790317324833733,0
5.127794177792386,-1.9973655336999323,-2.5533411935797425,-0.46725875325768845,0.2048971736898131,0.7688588135085013,-1.4073315039649028,-0.30356045981295376,-0.2897787036874034,0.2118098366770257,0.4035898129742696,0.3040593445843822,-0.2318147903091491,-0.00373655755112455,0.00038196493124769445,0.2561563489071777,-0.06410086729467777,-0.19072713915008696,0.08408921434670423,-0.10746084479787815,-0.10825534223171615,0.07567413672872927,0
2.6910779722586398,-5.136200539307928,0.6619370797051178,2.987560272093417,2.7002254655944844,0.8335676329394037,-1.1042332871679759,-0.8511925921510028,1.7208024415809318,1.4968546834976353,-0.2653910007878474,-0.7524787342929729,-0.4232573844656013,-0.7648550692793602,-1.0764497671682838,0.22980569511207963,0.3012759858332756,0.5034675826060121,-0.4403124221810707,0.03161343301776175,-0.4969852277004755,-0.3543716207181188,1
-1.4766877053199892,-0.2996654323385644,1.4371737109493785,2.8766615165514366,3.2846392110500227,0.9683645181657214,-1.1479689592057267,-0.6220062908050997,0.5345642653915095,1.3772693774481706,-1.0707995054557444,-1.505371977185632,-0.09486384944099456,-0.5988649967799623,-0.993177987285383,-0.5701838103058474,0.7250439203970639,1.0570716957231157,-0.050711117906268546,-0.17802245791082796,0.0903030313633616,-0.047362583197225604,1
-9.345685580871121,-0.48444549632212347,-6.0910066372717795,0.7646019074263621,2.862136327262655,0.29693268581419957,-1.607241386086132,0.9579142412269869,-0.21376439098423686,1.794352072778391,-0.6754325815905937,0.2572753227953,0.15036332702504612,1.029702313702077,-1.7239259166075738,-1.2014558690527055,0.9937481360071614,0.36879068118549535,1.63411236527207,-0.7642094782382002,-0.3798369715721613,0.3673071250451805,0
-5.270133522389755,-5.3985475966131755,-7.010984652439002,0.8864859224717616,1.6366442578244649,-0.4329055841505323,-1.7034530482157322,0.004854026907541035,-0.6457615483146197,1.525249989525504,-0.24554394461375767,0.4954659103377735,0.2523282573624688,1.0209348301421177,-1.2629397327645375,-0.8287718879163657,0.6284100999091828,-0.22904220078198798,0.6717042620184382,-0.254479374244683,-0.6218963988151412,-0.751466573911056,0
-25.355248280030658,-7.794635866275245,-11.961109657143943,2.9455630301037385,-2.6191738121813586,1.427623176299887,-1.450384509289579,-0.7380992798160806,-0.45856496725817486,1.1119847353700913,-1.1657167545811997,1.1162270032884565,1.4231103980185829,0.5680520679817626,-0.5079365937089421,-0.08054414789570953,-1.51752045044027,-0.19145707602583115,0.17803270311290653,0.09189632948765286,0.4024442668072832,-0.5312580707963598,0
6.067281061088176,-5.655271114333384,1.8948428613664825,1.3439771966425478,3.204859960655837,3.5761227008665686,-0.0406138618009298,-0.6023442441478399,1.1591547198030911,0.38084128042238763,-1.7485519033189474,-0.024811726669116924,-0.7926918895580164,-1.078531001497234,-0.0734698715573168,2.040876825561699,1.1621139990852771,-1.5450027610455863,0.8783946557276888,0.12968119583182675,0.9006206590583056,-1.6776388267875297,1
2.8142956664551146,-1.8384187167455535,2.5039866649739033,1.5496041218626542,4.4253042628668435,4.54182313924837,-0.3100662600206159,-0.5148490824306421,0.480259930884959,0.8513109894221057,-1.5021108201099491,0.5188944908173622,-0.10696776239544807,-0.5987555902145613,0.5170727834375322,1.070985293101132,1.7412049653427473,-1.0200989237124007,1.1187756806076932,0.09924535081943427,1.1627015291065819,-1.499837207116587,1
0.672064989680911,-0.5780967669208472,-2.6394280534949606,-1.5690232200705736,3.486536708514406,1.284181841596155,-2.731086984278205,0.8256992061773759,-0.1703297374619557,0.19090809958720523,-0.1500854896583086,0.788767121380459,-1.861968538687517,-1.3818685474020607,0.8071683429047694,-1.6046523848361987,-0.36644028940472295,0.5532360988711603,-0.7122519170415683,0.626297925373082,0.6031623276894569,0.8884628720077647,0
3.7974501841495867,-3.885454036490021,-3.067254583205144,-1.9703943553280396,2.9361925400609636,0.9929671198758732,-2.2917306492325493,0.3920976093735968,-0.23028092218548676,-0.20509550177135866,0.03383074530338381,1.0308956777313936,-2.0883994029658153,-1.4583516049189107,1.0009252239147364,-1.3078568841827698,-0.4647945391185252,0.38417010531557955,-0.829543089056781,0.7384069662954981,0.5244274011478673,0.7237832919382503,0
5.734876443707328,-5.745725143502474,0.10396882074345634,0.6355863821751042,2.3041136839669076,4.280688478826596,-0.39794356313771806,1.4401474908450707,-0.7120489823028922,0.7284115741780838,1.025664402296841,-0.6318566228035397,-1.0984374423015457,0.06005730261008342,-1.789358747824002,0.5246932017645891,-0.08134743924570983,-1.0856638668587741,0.6695840468134892,0.5943258282536792,0.18914010355958083,0.03993717347704436,0
2.7662273886267235,-2.1231365478223867,0.683418896023522,1.0325160359383672,3.0858794536853225,4.838948346118297,-0.785829123852156,1.7236054112521548,-0.8273028844576203,1.530808572323588,0.6995043718415213,-0.8858023451800964,-1.1667293456032926,0.9038049285570372,-1.0219681110886476,-0.38427258067966413,0.31267708132146904,-0.8255269550743343,0.9774999840282013,0.5097228510469453,0.9277562566245051,0.23411544250425706,0
6.0768612381323335,-6.35736760984377,0.34290778150721873,-0.11650704643162675,1.563465502622135,1.097139237287827,-0.8058587303783656,2.0817329829328552,-0.6240218892810674,-0.7162512769367048,-0.01097816626557311,0.29385411445014825,-0.3052835295229967,-0.47778046635707055,-0.7565002259777072,1.1898462679545736,0.9171203569128881,-2.0830592631641154,0.673177486330443,0.7693214871422444,-0.4417260688040418,-1.4557889566839266,0
5.960805651445474,-5.385619641767958,0.021876591952249575,-0.7625550471574138,2.0089452503548277,1.3655780298831046,-1.0974657971449795,1.7492634358391974,-0.5104064064684158,-0.30159462638848256,1.2464580933737432,-0.4427615440149801,-0.5623440463760433,-0.4549857096246194,0.03128294359351604,0.46016149805305023,-1.8674382606702289,-0.01690988623866776,-0.41380032454675475,-0.815568985354365,0.5564259011676154,-0.050154770462566285,0
5.672201721806151,-6.087899924217164,1.7035432569035658,0.35204764497844676,2.4116348429504693,1.6282959574149058,-0.9319630032387877,2.0371795850999384,-0.969014547889991,-0.28281790736026097,1.4063931847491788,-0.6077295457970622,-0.6021911931326606,-0.7146389229511533,-0.32227022414958584,0.8120835810656225,-1.920305371751262,0.5287067130831703,0.3449531202267449,0.599285760747312,0.31323085916339016,0.6568807597357411,0
3.8588228569684393,-1.6043283570870022,1.336988215036167,0.38859387535789724,3.6112466400493437,3.2617355298210926,-0.7632707454204152,2.230083008762302,-0.9257301694195581,0.852756711533905,0.23240798400308194,-0.4059504049292568,-1.7079391017297108,-0.20659678210051166,-0.4383117309734817,0.2654321660735544,0.37491358187751844,1.5104776879818476,-1.0426823841350985,-0.5238633664205143,0.8371907063407403,1.0761382317588497,0
3.8133730899920195,-1.6683627250842092,1.6882485457407788,0.8563085159851094,4.194103522969442,3.743364041451089,-0.4771117185494779,1.5071328474269698,-0.6977978799376765,0.8345235601405666,0.5399993080103461,-0.23351581272333605,-1.241308857279669,0.22587797995869588,0.7929415241287169,-0.6049492969057393,0.16058593145553884,-1.1637288754730022,0.5166160110067582,0.8789891965615787,1.0904080982381006,0.7224486509484046,0
6.681331627189868,-5.462355813445911,0.9255581003112442,0.3174811999835786,2.5324375810351087,2.210415562184629,-0.09132009255375664,1.8341399067677329,-0.6936264785174762,-0.06946106405445508,0.6928640007031776,0.09148154678384436,-1.6333572564257635,-0.3271626582195126,-0.7303708469180884,1.2101526371386508,-0.10947657848874298,1.0428212669613075,-1.311680375036273,-0.35344563055508865,-0.18518575212179414,0.5900016618462609,0
6.738118282182814,-5.431297154736253,0.8513320299612593,0.4136721571501912,2.6556788084506473,2.3502041962088587,-0.06483196547069428,1.534106308202314,-0.4963370398345088,0.06325962461139441,0.5118010375495973,-0.4103371405019188,-1.4008849952370315,-0.5943954889739823,-0.12641781353848122,0.4545048933325709,-0.3550440713704037,-1.4642243631385354,0.2568871303437299,1.092791248852097,0.03415584428809804,0.3247559050751341,0
5.966564333165804,-5.704548376125818,0.49362589814994307,-0.4161653825775355,1.930979289922498,1.145749203854443,-0.0710318935288547,0.416717767874494,0.15932866388964004,-0.4729873912741329,-0.3619811645631865,-0.021116046985265487,-1.1362868030150974,-0.2654840680861229,-0.20923781715991957,1.0960683976942431,0.59298982643388,-0.5391628156265751,-0.3510733926027725,-0.7604786383008413,-0.09230806483877788,-1.2071760450848934,0
2.6488157008039046,-1.7502443364452984,1.3557200476798914,0.028131640451445034,3.5260250914952085,2.3646310628077596,-0.39846165841863423,0.4475703107945996,0.12712357141259775,0.3371034854133222,-0.6805809683534123,-0.2235449553131595,-1.0184373803405617,0.6953973199498964,0.8589414205572211,-0.015443584461125818,1.0851187975556948,-0.21247365711738297,-0.05459309136737481,-0.8748957317563906,0.835888023799869,-0.8296916502958439,0
4.869880833751597,-6.0963051636484185,1.2513116908690287,1.6288118587895228,4.0415999728262575,3.480020186481103,0.6220335024908275,-2.245789263513081,-0.2877835314491009,-0.7036979649772954,2.8498495782486093,2.7203237491435344,2.0826051874442646,-0.3891335616115045,0.7990331365341891,-0.7203820291030562,-0.4749517723351096,-1.2367495953957461,0.2370766217248116,0.31416329525433456,-0.21548473039996388,-0.5967228596042972,0
5.032544246035488,-6.291440907989603,0.9850228187361392,1.9437658061037197,3.0499815407557116,2.4136196006086137,-0.22052053735401858,-0.7725311513616336,0.12434510196295877,-0.0808458875210716,-0.029821455025208672,-0.7393698583033357,-0.5738952207043787,-0.38698601272935235,0.2994486085771583,0.5620842247644491,-1.3228788787451102,-1.2635916247692038,0.37219264504345984,0.28142667955572837,-0.1927485142260554,-0.2155362009621289,0
-22.35013138162864,-10.593905839355074,-8.120729400033706,5.2301852787244325,1.8708384477980875,0.04146028939234717,0.7543707350628364,-2.2917968659998182,-0.1444885087086251,2.918763435533079,-6.693378661484867,3.690577101776897,0.47852265467995597,-1.1651358418280904,1.0301221991986558,1.4816165970158999,0.6142827736429106,-0.5485067048245434,-1.3699812325869318,-0.23770768036242435,-1.2524502063388023,-1.616918345704313,0
2.659463625492134,0.6003743416575398,-1.9456262236642947,-0.9534174925244184,1.2556086021526245,2.056268108392308,-1.2047468320147894,0.7221536948711669,-0.15129632083333536,0.8320894671192789,-0.3166948115370228,0.026407558209332643,-0.44599340135764803,-0.224187280132957,0.3180092544413313,-0.7190909092791454,0.8594955551217449,0.5163255972687575,0.7437375054294256,-0.5025500070574709,0.33075025460228114,0.25554900942504927,0
6.198079069788594,-3.3852480783084693,-2.7381004126316912,-1.2360589449666466,0.47623901315701306,1.4318158297115817,-0.5348444266495519,0.004397968517256694,-0.07110954616299821,-0.13778739987450525,0.06755136330600088,0.5686658834702892,-0.8230297883331568,-0.29596857961458284,0.1661699733802027,0.314345888433997,0.30153476740711554,-0.12127046621367558,0.5580231177036333,-0.3340352652596407,-0.3630028911116131,0.048120375706488534,0
1.5454777172128662,-0.5246405649292415,2.378045444468714,3.555820097368098,4.094841965244307,3.230740743000527,0.7649542575614544,-1.4238560300063716,-0.6950708000525908,0.6658947743419448,1.7349431254193697,1.4314333590795127,1.3774632760749295,0.7931296074033299,0.9338680308859966,-1.4013122529433402,0.5840905972748567,0.23494764855758601,-0.7711715323180441,-1.1258114015714773,0.17524665926740537,0.07274900249749432,0
5.444454026520976,-4.8311845316644915,0.8748501034701811,3.0816593188203245,2.2042744245012447,1.7240997986652462,0.46584694846857283,-0.8224888582219035,-0.24305641178147558,0.5320377451096733,0.16213470185545845,-0.6156178232402376,-0.6923645541177771,-0.279481442936339,-0.16126295674927138,0.1892520469504169,-0.49761061904753023,-0.5663334379780274,-0.7889756259628348,-0.9882566568345156,-0.5958696096392044,-0.03580661358599028,0
5.5500480635728655,-4.128297537381654,-0.5271800231886582,2.2638098114027096,1.2902495663816775,0.8319263831645534,-0.17937064411933276,0.8778330392636942,-0.6728517670865031,0.8827085449729334,0.4345155170732782,0.15131116821777982,-0.494363411971842,-1.1551511928960538,0.4104844254433391,0.06379860054837687,-0.8905310283709948,-0.8061381624125183,0.5583518218336563,0.2390424789554712,0.09670426580159638,-0.16173313379978183,0
1.8882909458558017,0.03949846727021781,0.32443949409345796,2.524257350210454,2.100613295225231,1.5914251550613803,-0.40602171212993043,0.8925247561021622,-1.0356236434164048,1.2747579907235207,0.6109882194078489,0.5269961578787004,0.5167922680591522,-0.5386286560780762,1.080516616812909,-1.1348163464399357,-0.1883599120719624,-0.2179163245875063,0.6473503787658701,0.25900522112564645,0.855419394303532,-0.06659789554219064,0
1.910006771683246,-2.7450364583283715,1.9090971164403907,1.016020860449708,-0.9875015278696658,-0.4729016520841564,-1.1797063864678596,1.0088507791851506,0.6848265427870854,-0.7990746372269721,-0.04220844259543286,0.33585485848590363,-0.24259148653727114,-0.011049293480976934,0.18806072634508444,-0.4949267859840064,0.08266175181058821,-0.9593603923071693,-0.060549686254041606,-1.5601482131548154,0.06540321238321621,-0.06220994804314587,1
1.525677285484024,-3.962729588868797,4.56872781137133,3.9708569273474743,1.8115238295053049,1.7953269321027014,0.07928673230236243,-4.7608227432672665,1.6627607629514527,-1.080666357079343,-1.1337126231763759,-2.017058053700529,-0.03657305276722121,-1.3703094564069338,-1.2649992893378812,-0.7633250226359993,-0.03216124863404432,-0.15631769523903138,0.4083064205044797,-0.6281477307670637,-0.5628075751859052,0.9785501739027332,0
-1.143873888605569,0.6899886700969656,2.387537151401273,0.5999910760702986,0.5220248178781232,0.5108606768255882,-1.167801515811907,1.533126240917935,0.11848581408984875,-1.090386312531989,-0.6620396556487402,-0.32070490860059986,-0.4047870168585757,0.12728649488431307,0.3681432004557913,-0.5429123866237772,0.04419083622793989,-1.086320243025778,-0.17903530479512214,-1.604485510511895,0.06938304258836156,-0.11110023437176526,1
-1.8567842695678713,-0.6670905948348944,6.170324434392261,3.8225689137193686,4.7006245098448005,4.134019049820963,1.1553331637525146,-5.873632586514597,1.124252183105541,-1.9435711035191756,1.8267907764617686,1.5825199633742468,2.763183956110942,-1.013800116695825,-0.6426097703181856,-1.9629766738341243,0.941500690355311,0.5523048000166717,-0.12187660103858143,-0.6290558994311403,-0.8254310860771897,0.7563998051291815,0
-0.8132235922169149,2.096770526528009,-0.7774993798501251,-1.8545439242483113,0.4270551483147943,0.5492672066982294,-1.0554187400009127,0.12650881733288358,0.6194934871975212,-0.8668752412186304,-0.31704983316183233,-0.37259790506841256,0.32984796011192785,0.6964843083740238,-0.6253688863844914,-0.06616688350300691,0.19733211358898714,-0.19241659696122057,-0.3138232029411421,0.08226223545455819,0.4979992792389743,0.3441636266272584,0
2.250717240797605,-1.3664681453298277,-1.415431747351912,-1.4648291529623318,-1.010922484822501,-0.39527004998190035,-1.0024732122323483,-0.8527253016049301,0.3040915723190791,-0.948085406369505,-0.007014102384345978,-0.06933138376951292,0.4072390767409468,0.9492992365778885,-0.43162245415528516,-0.06365727629764954,0.18653051505436435,-0.28153007620587356,-0.2702662100175508,0.06305240080275437,0.611890544437034,0.32441036972471404,0
-1.3081669523708936,2.3038508121793804,-0.7910146802297762,-2.026029942434531,0.44530481375339287,0.3325333609474261,0.020006139940566114,0.2253585002720738,0.6452246253111958,-0.5882939538200268,-0.574313095817448,-0.34619342064585484,0.14094557201266106,0.10791905039711133,0.17519479096667082,-0.2787141838956107,-0.06021083154684133,0.2590232421308819,0.04683207829151933,0.07728232486409686,-0.11001618733187554,0.27813054668672893,0
1.8542006561619206,-1.3595237310206774,-1.4530067537562223,-1.4978331998730794,-1.2842962390403605,-0.8002425626522198,-0.017246004460294898,-0.9214834995300558,0.27340305980254714,-0.6446530595630107,-0.23618037501930483,-0.05810787950388163,0.33610916590340645,0.4205408128307574,0.42250731496767835,-0.3730675283194711,-0.10904011465891071,0.19308514786270678,0.04014102587297188,0.09302533165707594,0.050320597094953894,0.22082286143486154,0
2.689506201493396,-0.4229548911077385,-1.9828125025960186,-0.13018750519539787,-0.9544269580514382,-0.6701434543373039,-0.26316721717361224,-0.7204853470587929,0.005864306294646256,-0.47042370517400356,0.14675640477127547,0.23702907006211668,-0.17783396610559452,0.20825250065920475,-0.10913719371324059,-0.27097122596174744,0.13404641996172917,-0.035124115284295675,0.079176337308879,-0.02223573912765148,0.35045874904167534,0.1769139927807509,0
-0.5595057096766471,3.3832384759932306,-1.1927551715734184,-0.543070314477173,0.541419559202474,0.2963497972419551,-0.36471504490416057,0.2865169853539485,0.2783799979150942,-0.23046753625604427,-0.16903767805402442,-0.0844579612229322,-0.30548115618213323,-0.05609831234102153,-0.24586362752366134,-0.3477228865356554,0.21871934607700072,0.11666556880306968,0.025658622775908316,-0.061149195750039805,0.35889207757857555,0.20864862153770994,0
0.00479280132458319,4.433212107223225,-1.763265110991114,0.8749191292230216,0.6046825077876032,0.25187897088391925,-0.15824959000087638,0.5391626395326593,0.07753241499454791,0.2859902305217824,-0.22035923346043879,-0.12014841287974733,0.33709224559613626,-0.2286975310475148,-0.042677200508504536,-0.1912629214944694,0.03492730450363969,0.3915190943246758,0.3337075391653367,-0.2355218044399699,0.2263979662905822,0.22831338115385705,0
3.46063215308191,0.4160305259265741,-2.5593671758064063,1.2227891240084936,-0.9478651275996827,-0.6499927814333601,-0.14161196843882584,-0.5977454690694696,-0.3086996929506131,0.2650679621835096,0.2314001263721442,0.28535008779145077,0.24071403086318097,-0.06351118085847812,0.0920328826446268,-0.05853871631127479,-0.16511606328718942,0.14917582289956074,0.2485567624875686,-0.12911288381871738,0.2032891836589494,0.10177553490699467,0
2.981201582103077,0.8332254255327844,-2.260796043717294,1.2858203247492237,-1.3342663656952798,-1.2155106725974865,0.13424596489463778,-0.7370699429560029,-0.168438661906997,-0.18303596644428705,0.1586450680392589,0.15007184348093955,0.36351858861856434,0.18503464175504536,0.0051609413930519465,-0.06936944732232263,0.37727831166914694,0.09341131132303772,0.4853751374847022,-0.32886082076430884,-0.11260672155965659,-0.20012870822994486,0
-0.42601153394510627,4.668213548767715,-1.4990756645679373,0.7389134464253566,0.36599461236744923,-0.17492998614343366,0.16927799087038214,0.419781872555751,0.22064018194396248,-0.201693874382901,-0.1860673327789521,-0.2316269451992465,0.2899078693170608,-0.07967243838391919,-0.21199033974593837,-0.026372531971530243,0.4194296178381144,0.16224476242033967,0.3873307070296621,-0.30572960724907255,-0.2812786402637049,-0.25939563079635874,0
2.737462107330399,-1.0089019545108184,-1.7033929541710664,-0.8622434897230841,-0.8287307751598313,-0.6856051572012141,-0.7117386948758186,-0.8201235331512184,0.05475281800086342,-0.4032755260208907,0.3125315373146593,-0.2032452233634243,0.3979385163599089,0.6808722619085342,-0.05575210249090767,-0.1854994014804611,0.06601354249219668,0.07437158316251377,0.20988920096500058,-0.2600155163795966,0.32297879848184485,0.1180837476039068,0
-0.529146734693915,2.7078379159351713,-0.9841746650755777,-1.2103770592070182,0.5949999267036667,0.14394633429251416,-0.7279169807648829,0.24798511313588142,0.44569210584803204,-0.433857559035653,-0.12870404453167575,-0.6677383968528265,0.55712660822071,0.5124193804321612,-0.15773333781309898,-0.3843216393566665,0.19048254766179087,0.2788153121779961,0.12826083110181014,-0.18308862047935487,0.1718657903011801,0.06823825151479929,0
2.6490837649759365,-1.9744172028393343,1.8288311212079185,1.177379532389771,-0.7373340341508876,-0.7843642884198848,-0.25837768163475405,0.7732265368324028,0.051158798953292804,-0.19728720904770852,0.2855681801561973,-0.13956295314959616,0.23489443064092183,-0.1870412487541945,0.4077277164646057,-0.22495915059926844,-0.27857270283585567,-0.8659712181473831,-0.43649861346902774,-1.0246574036958724,-0.26742354249487293,1.083329900220148,0
2.655234129557303,-1.8604990064174722,1.6960772271207327,0.9832110641717494,-0.5849131299935779,-0.581243239986572,-0.21946923095849297,0.2938095990553467,-0.6650121485616923,-0.5866152904498428,0.5998112445158261,0.2078596375709665,0.4454817565135447,-0.20095787929977782,0.08411920221325751,0.1096181473215595,-0.07059019898417529,0.21179044789861573,0.15872138063199223,0.21907794768384883,-0.1143768850039392,0.6390739994175102,0
2.5517515216080495,-2.1328523613480455,2.3245752028815247,1.7021445665442605,-0.4427395119848159,-0.6372651367461905,-0.28103733027670585,0.6455409343584201,-0.6163949477743631,-0.5563245036807668,0.04710096080220755,-0.3303112298116327,-0.5563166090676247,0.8421161312220484,0.5438093918285459,0.8305488730696858,-0.3733536283574395,0.6886333647290819,0.07005955202326505,0.2369852961702852,-0.18344035966915878,0.9857649480647663,0
-0.6085349839190739,1.701547607109611,2.4634341654776275,0.8979504371721361,0.9360585318774778,0.30892147431061123,-0.20380753950294966,1.0931890223614003,-0.3250152131744572,-0.4446463571705356,0.141382122657103,-0.2086039529056696,0.4860266111588927,0.35654217446648484,0.9709614963201447,-0.47870653525009904,-0.1652389315698992,-0.9375349286976383,-0.5830898019640091,-0.9560083763313663,-0.20554822744793919,0.9003681646775841,0
-0.595464900744156,1.9115986502377553,2.2565702377407955,0.7462328862119685,1.3666657955990846,0.7720016858281764,-0.03388989904915142,0.07272625082827118,-0.3635845143122466,-0.812504322704024,0.9549018507039673,0.719476390070811,0.994507103429625,0.5604936139352183,0.8574581524674432,-0.3227739504752294,0.13435550628196163,0.18606546526617843,0.023464091994314776,0.38128863499940907,-0.04613561139665639,0.5569457365142486,0
-0.6666064255908282,1.6281674931709464,2.7870189488953874,1.4000042545698868,1.2659036072817387,0.49200782302658413,-0.24906990603205884,0.7820610381314269,-0.4016484531759949,-0.6875677446512048,-0.05477537005985355,-0.37655760918314746,-0.35683327944109533,1.4349768497047595,1.1517453341777613,0.5498654661373531,-0.28392835093260194,0.6134508103629063,-0.02073855981907042,0.39207728018540755,-0.0740655592595253,0.9348705500318168,0
4.361661810108068,-0.9506176796326783,-1.4156737261892094,-0.9507176721374886,-0.12079877497327737,-1.940017731682762,0.1748663029484066,-1.0226704428362863,0.16272250705169095,-0.37703129097985605,-1.5965285664976807,1.2808989281307896,-0.24451683404835695,-1.4233785811836457,2.4410484026351464,0.09927633929273302,1.1459749158823904,0.6076068979840983,-0.04480011449972055,0.42676142792208727,-1.1762433267279604,0.8661836769640723,0
0.988632639488367,2.781297517061648,-0.5555522230427354,-1.3389072446049104,1.1910868066684008,-1.2107751648117113,0.18375646961854658,-0.03877811599299337,0.46807029714162557,-0.3708381175563391,-1.9156182379519102,0.8054467662575189,-0.16883025780890618,-1.580926037313585,2.3436260755899725,-0.09608215004601996,1.2510514047096393,0.7326449140894485,-0.2527929960913742,0.47898889623553675,-1.096194895652499,0.7523686824582176,0
2.2299585534794497,-2.3986479765167275,2.729096083065983,3.6445212724829847,1.2137884610963003,0.4786370340299527,0.4422168326995964,-3.084958494705811,0.7146314190513581,-0.3189433937831505,-0.7504929278067556,-1.0754985889762472,0.2395943036153457,-0.715645645880875,-0.8187181001670365,-0.13883582584946944,0.5984263409423424,0.2323442294429946,-0.3480959179848514,-0.23389765018216085,-0.8900594895031562,1.2334797589073332,0
-1.3374634207522273,2.2014388895703743,2.117385590450336,0.8088045639429642,1.4883919619572,0.9349260933000552,-0.5748295893574074,0.31882122853439393,-0.18533417546193307,-0.6926341118603603,0.7187093356719702,0.3800543399693279,0.8440522618063215,1.2536907892380293,0.49945722742791965,-0.590277636471357,0.14241097168500866,-0.547373281284208,0.662485370990422,0.8332239833909167,0.5825311410344798,-0.026326428352448673,0
2.047600786300088,-1.7865264275649286,1.3702614550355463,1.0738041020860913,-0.32432645373403424,-0.24317861931208173,-0.8081193346844667,0.14578566830471879,-0.40338022307695026,-0.403542177759649,0.5212307529285973,-0.022601459866838338,0.2911876592318366,0.7628132912077433,0.012337623447002372,-0.22958024403793334,-0.03766722007103934,-0.6303123324631248,0.7499540222187026,0.6461622178494043,0.7522550597547704,0.04496283921134404,0
-1.9315835908953018,2.181456551620905,2.415153787763675,1.248650872827799,0.7994243462667875,0.11362972709389633,-0.1950171085130655,1.414577736657143,5.220832786919777,0.8832537488494584,0.8959531978105366,1.0711338231050798,-0.24066746450091633,1.4452894156708744,1.1236391094131732,-0.04370274245907101,-0.026820752842587843,-0.5509613178925181,0.3503448716743931,0.773280149013921,0.6175993052514015,-0.7106292221584053,1
-1.9534515787660391,2.303525408652953,2.1703794090778463,0.3584435198515673,0.4591029166058553,0.027233524386598987,0.01229252875714187,1.677812396211644,-0.43493716336229643,-0.40990778750936585,-0.19359720870659786,-0.37598611877805327,0.37371979417859513,-0.18797901144719295,0.15634747719602074,-0.48371215807640006,0.04735555637881353,-1.1912900720169586,0.22548029228763672,0.2661299414373228,-0.02143711446739036,0.05080170485329061,0
-2.1607677948201816,1.8072929944502283,3.3273480670919717,1.4176479553848864,0.7667198475097867,0.0702388977119257,0.17974371554416335,2.155240925258936,-0.5128327236924937,-0.27095306459751217,-0.7459945415144736,-0.9423792383346882,-0.27520119538622284,0.6912062001756429,0.9958689741740504,-0.47109344906088446,-0.3381230767757827,-2.1132914118457387,-0.573640074418931,-1.189674524879043,-0.43635911011630907,0.9859063463340099,0
1.1873500404033737,-3.4135898381946768,4.130996238740049,4.070243777126911,-3.5010169642741507,-3.7569896639947435,-2.025642010683543,8.27593433614513,28.884785951485018,9.208351843764094,6.504482955042958,6.960149587757611,-0.5936532831227728,1.115802351907409,0.4447846971676332,0.34471464722107314,-0.20364601276676272,0.11280309561975801,-0.04628647766864993,1.3295238723581548,0.32224128291928816,0.8370672972338786,1
1.1225862188315274,-1.6051281113697062,1.8894411020105477,1.1505706961948872,-1.044057656258941,-1.041507456437753,0.041199783879440365,0.9254021793371887,-0.6328003303915737,-0.3906672408214561,-0.06834656654591187,-0.3281030649695583,0.6535452711196992,-0.2683408249636653,-0.05766749428653769,-0.4929283069690359,0.05368700108939175,-1.1112016465120262,0.33597757861106653,0.058214594156307885,-0.08085664363450455,0.17064456568625866,0
0.971859901264015,-1.9804584124413034,2.7375145190304795,1.8256527973078787,-1.0232285472153118,-1.1664445576090179,0.09924844362083918,1.819472538929945,-0.15609353305708226,-0.0544428015969885,-0.07282827115882151,-0.26124777928846665,0.3592194341210599,0.3007050910057944,0.5113875250813534,-0.5581755690308043,-0.1539335461741946,-1.746074033937257,-0.49909464516588165,-1.2473296940312173,-0.5681424167445808,1.0716961045693008,0
1.0895251567447997,-1.816672499647171,2.2452205248430226,1.0223748039810474,-1.113968419398414,-1.2737322506704707,0.053045779769618086,1.1235208843227376,0.6186872255898165,0.09112488078522338,-0.2806912153293578,-0.20923953756545832,0.16932217900331278,0.7696132946887797,0.7222098202105746,-0.3930157287617773,0.011435700046377279,-0.6202293954598259,-1.6169383220469198,-2.184173965022557,-0.5839070572333451,0.7247335003244798,0
1.6152276187626704,-0.39170620257281885,-0.732234412860529,-0.9679796590156945,-1.3113496256031754,-1.106139692881465,-0.22883978036958016,-0.7100765896411584,0.3042029880050838,-0.5910433580429302,-0.2905905452264345,-0.212823471783283,0.46151537183501895,0.4283674343152982,0.36407066633004725,-0.4313402930342242,0.27983154481115236,0.04268456930729097,-0.1236704827919002,0.039771512922267986,0.29268621334342354,-0.26792502785859096,0
0.9760678999583744,-2.014527160630714,2.1934423311809956,0.914141836237821,-1.133559072666589,-1.2674609481192138,0.23292821949555673,1.116566734508658,0.6819927236417559,-0.07946669737763437,-0.28824209940217,-0.18013456177723375,0.19562790583545728,0.7761609160478444,0.6370647346117229,-0.287918762285042,-0.010899285482940146,-0.6508247528222242,-1.5108067902874425,-2.227708983445854,-0.5409739387020509,0.8179452409094401,0
1.0362539708598577,-1.8463664634054202,1.794441988685109,0.3982280574885257,-1.1589531764730567,-1.1441608086189625,0.27346440554893375,0.48130687261830185,-0.399235280416459,-0.44765209889365726,-0.34671434785104227,-0.3962791871476896,0.7108579360359503,-0.2858083921785083,-0.24523782610394493,-0.42336685422938003,0.24198063447885246,-0.07990762186285319,-1.2695485076041884,-1.7656910844062772,-0.41020854043353766,0.468078606333564,0
-3.0473375367286155,-2.847540280169991,0.4382705316792166,4.022552315710105,-0.3876512933761679,0.5695276434578145,-0.9206966966117096,-0.9519611357655398,-0.16578167770460503,-0.033727529533496024,-0.3542994756618882,-0.7904888059089595,0.3589734570439339,2.016230678338974,-1.4667612850074099,0.11049177166893508,0.3021786075261244,-0.8227844012432949,1.781167451757215,1.1840197629009965,-0.21760643862914975,-0.3125338007359842,0
-21.56427852282733,-7.043724788985437,-5.0825107914105585,1.658659807062273,6.654347563002006,-1.7242320074145452,1.2177504252472142,-1.910561290294599,-0.2145631620595207,0.7617311413841769,-0.8603115038172714,3.7701276828150085,0.20566096049480104,1.7444351402568739,1.4332447071182781,-0.4308868327638493,0.08054915175935766,1.122377569282359,0.9068187890917933,0.5319161103665732,-1.1587947325757626,1.3388788357322432,0
-19.51151983765679,-9.761251023507208,-5.686872709139504,1.9655889845591967,4.346103280230973,-3.941435517747506,0.5835312642987377,-2.0737996562256846,-0.16264824241555564,1.378548368737178,-2.26301269970079,1.7434951711761322,-0.1271639981064445,0.5657643071637414,1.0930807779683251,-0.3776085389406459,-0.20400025098713354,1.0983469199818017,-0.06626430607441168,1.1187238250735798,-1.2491939539284942,0.5343159332756028,0
2.689541747870655,0.37350664571632025,-2.234772429201815,0.7715106862411321,-1.0101261031205497,-1.3268664895024922,0.017349604192907913,-0.6219891408621112,0.23184811977487,-1.2070351821384264,-0.06410360592837207,0.288458026144502,0.5236066444482842,-0.0023372576524261913,-0.02938160465018192,0.31431095291073013,-0.11722225639238225,-0.08424889653554331,0.08536058229197428,0.07506417160147316,-0.5460234941931162,0.1932064573763406,0
2.014927460560315,-0.9831039824314128,1.4829905460276114,4.125014323038176,-0.5889023692182672,-1.298496266796765,1.4286502829520697,0.563327015666223,-0.9182296992336173,-0.3518712732554172,0.19134773356019635,0.10840217781486435,0.02458020670062044,0.665008017882441,0.38580028935120786,0.9511180222332521,-0.11396103507867744,0.3203598952019547,0.8730272717514282,1.081216829744252,-0.8995142190450417,-0.41417287695636285,0
-0.936316988440556,2.627372748684402,1.8918217280033962,2.7963732348566452,2.4393686062140003,1.177634215285525,0.334043169470176,0.07362947763826823,-0.22922173428775686,-1.352729100919391,0.9837187159492028,1.2487426690725647,0.29335529054264753,1.9595760106994728,0.2734195186525593,1.039789725380769,0.19958785250098046,0.8866723244823674,-0.7137191330642231,-0.059216824139378746,-0.6592385799356283,-0.27815510719123177,0
2.1630221894223918,-1.1336638510921868,0.999212336406559,3.222215697466846,-0.47680678243590097,-1.1047786675921907,-0.09636816468300209,0.11250338763866788,-0.36851651857552997,-1.082610590030143,0.06322804259462214,-0.015125437405437052,-0.09109693500548004,1.403661002949483,-0.4151593515465123,1.3087858735220599,0.03633248864544646,0.9594570044120959,-0.617224372105406,-0.15740668211150508,-0.5859205392529088,-0.2429617409881303,0
2.3638742217056614,-0.7812888063677311,0.8431775999381304,3.34931687360386,-0.4438977741816073,-1.112982543504792,-0.6266461756592658,0.5689437024930643,-0.6712687284192859,-0.8086039679448392,0.45371309742216537,0.18927448015922632,0.5834141799092059,-0.17192258995808965,-0.4349061784379112,0.3918455233436324,-0.02324530617747461,-1.5560069213345504,0.556418754386502,0.11203423105806151,-0.8951171998279304,0.10769429804571118,0
-0.6620425427522543,2.9597427549501334,1.2942403464240357,2.3644582804801386,1.473504677359756,0.4277077160187624,-0.417738998226598,1.1277057977849787,-0.7864915955108576,-0.9908316356259111,1.2540748570726044,1.2402730476622357,1.1614596387909453,-0.5635508156471226,-0.563709515203601,0.06612526248474684,0.34671087445920323,-1.1932409804344735,0.388242839136947,0.30228430936076195,-0.8947531978066359,-0.008746878826541724,0
2.683432641404613,-1.0208479243762412,0.052616442506743376,2.842404498355581,-0.45122199670662105,-1.231860230382629,0.109781173869085,0.18777313247341246,-0.26899416846284646,-0.8802887548290408,0.4127211180072704,-0.023594602831618225,0.5940157597200661,0.0577703107001088,0.20551428631063334,-0.024277473143087966,-1.174384280022942,-0.17199644735533512,-1.0388643483288922,-1.0055241636254166,-0.481778198487546,-0.37762697196865525,0
-0.44844113299489813,2.8631231086971085,0.5203697649388356,1.8441596233466038,1.661086851397586,0.3340682033732244,0.3818141782699809,0.933837217577116,-0.2865292093343562,-1.1939510504808475,1.1347682338745955,0.9610035637909982,1.3182865288464156,-0.33359293510956706,0.015665526633253823,-0.2970733812411959,-0.7840950732468134,0.24013119044703155,-1.156829051519042,-0.8139168565045611,-0.6564313186437456,-0.46869270137920827,0
2.618757291270439,0.6455060324356635,-2.736864186438313,1.4308416938673076,-1.544061522021675,-0.8393453733412719,1.3669212685398122,-0.44859847958145094,-0.09521476483312498,-0.05139784210272292,0.07765008731294952,0.060555941056089135,0.7219308246354168,0.3832151988027492,-0.4264427453405248,0.5310701625171225,-0.03863153694475889,-0.12385755249515805,0.38980700177433497,-0.3193023835665942,-0.15378131336522455,-0.4228591297317422,0
2.921848408102728,-0.27183062825363913,-2.0953678803524265,0.1089642990371421,-0.5644083420106777,-1.2312297112683617,-0.5742308434363006,-0.6247370672210488,0.15936225807247684,-1.0483989948320882,0.3520890571158612,-0.07254358483334827,0.6072916702630484,0.20781778304885234,0.17967415283311253,-0.19099986721091586,-0.9297765103881206,0.13744095448133378,-0.7336020009825757,0.6028275202725417,-0.41193824306592225,0.5393205479437481,0
-0.006296577165159053,3.061404783237644,-1.380200931469336,-0.4078452368297325,1.056319703234151,-0.07317750640745804,-0.6855687579219559,0.4192955594930697,0.3415385178360921,-0.8426627529665062,0.1521535129775161,-0.28475512204325243,0.2546423517083775,-0.15060917964924192,0.013771898409933167,-0.1589781841652359,-0.9043116562216791,0.13207825901363998,-0.8676842378065568,0.5182941094563515,-0.21282142654398672,0.4686230082667864,0
0.42171562457788564,3.5983514205568587,-1.514937327386479,-0.2907477019963749,0.5712532571955696,0.8496150619765985,1.1148814476346554,0.7607001467075253,0.3198000538581906,0.05525729084594117,-0.2023503478818271,-0.38029057852579934,0.12107496513357752,0.22667692211115242,-0.7202119823712979,0.5368260670517917,0.6919007753768649,-0.1651981092647122,0.4888183778171268,-0.4586462900501061,-0.5060011105208102,-0.5830375871784286,0
3.33534491719079,0.0999233205322471,-2.1835934148692773,0.3253235653861902,-1.3717593308680538,-0.6646091793937096,1.3114038408202895,-0.46283048281749806,0.13406592718929272,-0.29466476266111097,-0.018243880973281543,-0.16188299386923038,0.5679521013021038,0.6676006012451495,-0.5263441186004881,0.4618825731526531,0.7379238998265992,-0.18727676494367138,0.6130125320755869,-0.40469044314040975,-0.5787558142116497,-0.5938216156710219,0
0.09626744040718321,3.2961549658841345,-1.2060967109397958,-0.3874945027469192,1.454320555056457,-0.036293454380918154,-1.8167760111617905,0.332000752546664,0.49130697025474396,-1.4182693407653268,-0.20090308685843777,0.2957967470678722,-0.25716545917811184,-0.5527130727047485,-0.14659489011881857,0.3933976741895557,0.15337904584621181,-0.19698029591586483,0.017848738146758095,-0.24476029213968226,-0.3520700710091522,-0.0829706750256559,0
3.1165659599895994,-0.23403796836060412,-1.830950465940782,0.2314359210382387,-0.5232120935658748,-1.527944575367918,-1.637208440630707,-0.882276271250686,0.30084623350578005,-1.8813553505573704,0.030532191461981148,0.5229396865115317,0.14075506820515482,-0.17312454179538703,0.10143421506816816,0.28039465260768864,0.09286317604193113,-0.21537445347501513,0.06094816184664186,-0.16664683644639794,-0.3961678019208615,-0.09168306669926925,0
1.2807855909368628,-1.1696952924989457,1.806721647584472,3.061154780597031,-0.7315296135167528,-0.8903291928779825,0.32208789431581264,0.860201018559159,-0.7580785585646046,-0.7872802182790145,0.6487523675710994,-0.027426896200947976,0.810021728712955,-0.5309163944174065,0.31073381375741005,0.597959155189827,-1.598771676075069,0.5566961721284839,1.3054237762639689,0.2348076596115115,-0.6355865326500758,-0.23563357560079878,0
-0.8332318608717995,3.089563466149431,1.6826726790909579,2.376869991399519,1.6755422900535688,0.8402002372295263,0.9057197791194015,1.2087849953106926,-0.8658020778753527,-0.980080540180894,1.4517257027889396,1.6918913687431434,1.2931146293013458,-0.04735894332996932,-0.588712160813139,0.41936693587756246,0.1911398692850712,1.5781387883770546,-0.9488822542378622,-0.54416518425957,-0.8909719440751395,-0.0919484040968625,0
2.1794126750620264,-0.4796518327281672,0.98797770255651,3.330541077343829,-0.7482172069256237,-1.1317738616151884,0.4596585247312418,0.6148133341981349,-0.4205596891967975,-0.5919328939182116,-0.04179137255094155,-0.23186740577021678,0.16619169544345247,0.355896430529023,-0.3941212402660949,0.821612031960006,-0.3663502673993035,1.0949181891451676,-0.7544905435773922,-0.49244366827219704,-0.6685150518897697,-0.09640554817994527,0
3.0732539327810735,0.19931256048847962,-2.057435715009284,0.3284176108343476,-0.2667254510042517,-2.0999337588968214,-0.006216479019398345,-0.8311019172952128,0.15559554136212927,-0.764247240484105,-0.4758091543348738,0.4899684801729623,0.5762538134305942,-0.2677375523081657,0.6693449362300051,0.418737391983887,0.2415752850875383,0.14295962496984752,-0.5905205698548167,0.5485262494162435,-0.7777075453564444,0.5211049211031703,0
0.021217161962303048,3.578277821120081,-1.3646121847667245,-0.25386340733177476,1.4225785369443589,-0.892148887118378,-0.07147684787026828,0.26402160501365507,0.40463533784097727,-0.678736583054718,-0.6820101310149007,0.25010696309265107,0.2370415084837356,-0.6570095003620386,0.4647467655331001,0.5405942143094726,0.16452745989994338,0.07959235288276004,-0.7965677506772395,0.5524926045631995,-0.754052806163598,0.40245506212046367,0
2.6217885676884465,1.1154062424906603,-2.329711542355992,1.3360703939829992,-1.2160318179525151,-1.2758095561341982,0.3595669364371343,-0.6146968599994713,0.04118281861906233,-0.7884315619720009,0.198179344779283,0.26286750239930967,0.44888863000180684,0.032954868169091656,-0.25755710638039214,0.4121501624912273,-0.27077680165216333,-0.1475006872081632,0.03467968901084908,0.008476033530159294,-0.35050700516074584,0.16858577237747244,0
0.22068426547870995,4.687329919633,-1.3188618272043295,0.45229343786328546,0.6765556190886113,-0.01617690840108405,0.27067546440447177,0.6559580716009931,0.44306665206488055,-0.7935293100096794,0.0045079374484196365,-0.368167309592666,0.3474568049818074,-0.08541216621448922,-0.5941377765606813,0.43810057211930625,0.11552891354773062,-0.18545245901295257,0.25759615509179745,-0.2671515484673745,-0.366098384054603,-0.3615588344916918,0
3.3078827832575626,1.1380362056976383,-1.9517942525575032,1.0411534829550229,-1.2353537400475774,-1.317862100395749,0.3191015622060545,-0.5771456280311095,0.1328439945546182,-0.9374491900140295,0.32026629395366896,-0.08206751023341069,0.602003552690237,0.3041586444362115,-0.4137384280480186,0.3580354370731795,0.10530272273114658,-0.23230758152698192,0.3621361205628013,-0.281333076977142,-0.2951860826435307,-0.3328772248907056,0
3.3539501320926535,1.6048522457909045,-1.959038983580432,1.47784343423541,-1.356494504109889,-1.411408508987398,0.17290432506744535,-0.6270134837601988,0.09631475346033389,-1.0287542506035952,0.22116574218336377,0.11575610850513826,0.7358041151983856,0.2699905480634311,-0.4325155143765573,0.691564710175807,0.2721069004235836,-0.37966829411896513,0.2242954876723311,-0.2242037717190119,-0.43917856730319976,-0.04250774563121184,0
0.222646172430079,5.21999787963028,-1.2763854904142597,0.8523414236814717,0.5456125563965397,-0.10138496615707603,0.12000151921426729,0.5620806733618925,0.38421506696159274,-0.8568063384281319,-0.0403942891095738,-0.11893396588468833,0.37474319020181,-0.15812731624655502,-0.6579522402719623,0.8603196758098726,0.2353868238570393,-0.4092237545535426,0.07644871728522994,-0.21328357270871307,-0.5118022197787522,-0.10141680497236034,0
-0.3385929949953142,4.477526356411607,-2.092899056840661,1.126127113185994,0.7331664390511701,0.18050338244804284,0.4646707263329026,0.7347035507898781,0.24483024277214163,-0.5699024092630764,0.20663951883089954,-0.07494641311928069,0.04278013336341564,-0.16772004459343703,-0.9046296712127543,0.5015833979234701,-0.353124874911259,-0.3110584699456864,-0.12816593565919002,-0.05522319967937512,-0.32109864655712894,-0.2062131340412807,0
2.582769735589475,0.9533901575621732,-2.7432740527917687,1.7647751028669132,-1.1836254865849174,-1.2173308193217243,0.536573353888134,-0.47742647980022945,-0.04926248498566244,-0.7431340739657727,0.4506921544550376,0.1553572529715707,0.44766045288158435,0.26839411649779993,-0.6524847206443796,0.3655744149584857,-0.299924395761836,-0.29091101784781737,0.004263091562872261,-0.0743249979433177,-0.2192477174908556,-0.16860623383648435,0
-0.05090638703405156,3.910710463497526,-1.9978110932401363,0.7449882115155231,0.6844593118272976,0.28648617666718507,0.44342057759414794,0.764099693301996,0.3162630006575668,-0.6718368424820866,0.05896388529819154,-0.19659858114344844,0.23819117624485078,-0.2910890583841881,-0.385685652349757,0.19383894441196597,-0.6594432972761343,0.01060313994551061,-0.05004528201471809,-0.03793106208465131,-0.29930362206511935,-0.23127623005107503,0
2.8901528379451595,0.33894827228234914,-2.6732573501307946,1.384219143140653,-1.3718162549818338,-1.1619640254930421,0.44594508227980006,-0.5130373237379947,0.04041330362436154,-0.7802971088647576,0.2307837935369918,-0.09125399225370956,0.7987572098377492,0.10310476008657796,-0.0653982933456064,-0.13245928370762508,-0.6874321237403437,0.03791239678851611,-0.19858511653333458,0.2871010131082145,-0.3912210899617335,-0.4396773358007514,0
3.534085390232238,1.37557115803504,-2.2342985026456037,1.6478662019642851,-1.462037395837822,-1.098852094764429,0.5487994959513836,-0.5214851823077685,0.019528713863303588,-0.8185349262324131,0.278825653265591,0.1314379850075413,0.5845009193076819,0.24663299771498942,-0.48967979496635117,0.5179864778913559,0.06828016472279166,-0.31288195135066954,0.1869876144544151,-0.20747657131356773,-0.18052084553999648,-0.16460850275630035,0
0.2971873311154645,5.141032772670678,-1.8926746283136728,1.4119830171889531,0.8719792553931928,0.0495139184259702,-0.0384424979148226,0.7212198268668257,0.2601473468888505,-0.5860295768752963,0.004077788913016396,0.01823666901055635,0.21940035187640278,-0.637841754709512,-0.11365412338057727,0.16382770089568613,-0.5546263615401964,0.2522370227927417,0.1950404349591694,-0.10562578976231313,-0.5163634211082667,0.2685704660474138,0
3.564501319064885,1.266315619395648,-2.5399960236643797,2.0688356940338126,-1.261199942669977,-1.310294382280806,-0.010212480185474302,-0.6244150494607755,-0.15221577463547883,-0.7047276741914065,0.3747925080432464,0.3350612245263043,0.45483286815927587,-0.2983454566817144,0.19244070150345913,0.06271910598132041,-0.6418371991746705,0.15808965310028442,0.1384609407177477,-0.06574192358989911,-0.3094129294629743,0.20569918387646294,0
2.2320422677474463,-2.2504902004575893,0.48844902754836717,1.835783623022022,-0.6757829824417245,-0.8206819831157797,-0.07255340709446537,0.4497263146477333,-0.950366531185156,-0.284343420655508,0.2725105627117346,0.5075966843181656,0.5639626361423764,0.6157049959501221,-1.2137165271568724,0.5956731231585037,0.9409993638276023,0.7052782972638012,-1.1995828907881814,0.2625342632595566,-0.6411122385784436,-0.012223952838174824,0
2.1535698575369895,-2.4771442376957133,1.041478873964431,2.501738688912935,-0.3201904218820308,-0.6465741018822202,-0.029477316573779503,0.23662773235056164,-0.4638243013082929,-0.19044697020391427,0.005348503855009268,0.22533767558611323,0.3349218029856326,1.2235418594982261,-0.3150894118515369,0.3116437673919896,0.7341055339486563,-0.7879987695085907,-0.7663305756871719,0.32344758990350087,-0.3075573074373324,-0.7171859228592501,1
2.1804615933980647,0.5966401885807288,-2.7109483671479007,1.4690829832681747,-1.2068177044719952,-1.0793189417503717,-0.00610403476105179,-0.5428846319870104,0.009649939356500842,-0.8328812330113189,0.4346261711943347,0.08597462720637283,0.7248118847094404,0.041951616727484126,-0.18777107080006533,0.27635876253135827,-1.051599530637551,-0.006177282924469328,0.3075133906910185,-0.2757556291903009,-0.291992733927303,-0.3330691180346072,0
3.6134490366939103,1.640554372239261,-2.659126247394247,2.3467907859087074,-1.3466422004770704,-1.0424441199367858,0.3296510111151944,-0.4679213882763966,-0.10415126394810363,-0.7009871653572652,0.28994579200660914,0.3733144902635794,0.5703463047471544,-0.20899771880836424,-0.14285709173692768,0.45413362269665475,-0.5134908664499181,-0.019469546671963923,0.2645648483323323,-0.15744894325057063,-0.29735664696184777,0.0954651739156209,0
2.285741110072715,0.2536576287043832,-2.5948869369228578,1.0509043592415004,-1.2366729169906077,-1.0984178414591887,0.2375434827825799,-0.5849572957432487,0.05039974558586193,-0.6495356377061381,0.15155425993706947,0.10738619664788668,0.7840636431932029,-0.1946299041274047,0.3039807454732567,0.22074759025871257,-1.0738621768857552,0.1908747170342903,0.38789650113612667,-0.18665998334931572,-0.5551148525590561,-0.332079913214084,0
2.666236539469624,0.2685779600288987,-2.617723242369741,0.9547588230087786,-1.3052242146720558,-0.7541676589443597,0.9515630096172792,-0.37310929884197885,0.09580431408239434,-0.4942866695819943,-0.0247077534384023,-0.02757796248409073,0.8196077853824361,0.3045713435499658,-0.1796137209459026,0.2258870863141946,-0.4018173717591269,0.01951516614865063,-0.09394392778621526,0.19127523344496444,-0.6338740524216212,-0.1498986429092115,0
-0.15637222433183923,3.6346566865291967,-1.9427892857838225,0.37896922552391565,0.519535186693784,0.5766886993901847,0.9678670867340776,0.8343557632585906,0.3601147067001955,-0.4565450988292887,-0.22490811546324369,-0.20244684554248918,0.3770332140319065,-0.07957671095743962,-0.4113163731980514,0.38626870910152505,-0.39914799828988334,0.012206223295693165,-0.10088112110708715,0.003740700560470206,-0.4471758221490401,-0.05521831023303745,0
0.41133271196356197,4.5597643423707055,-1.9033989685872275,1.1547878551992852,0.48442667697985115,0.21619115860914925,1.0153606726224687,0.8013734182596449,0.2932252987267851,-0.6028923167987676,-0.1050475724001123,-0.006350301291684243,0.2881386681220955,-0.5417941806439553,-0.27685432069030386,0.7295087151418255,-0.42433393248233675,-0.03935272663591707,0.3069558824397095,-0.2929785755255669,-0.3409907537679324,-0.17886843368090835,0
3.401690639833631,1.1120635289486374,-2.573250342251522,1.8131056213739822,-1.4048920035650079,-1.0830416536291356,0.941874324979299,-0.4190543104505252,-0.022922443067537945,-0.665530609761691,0.1882801166357836,0.21647739479721398,0.6419136195727431,-0.14385307316385865,-0.0342980979248562,0.5826764678824865,-0.45790082514522445,-0.018285882191138792,0.3987469129951933,-0.26435172544465463,-0.3718432204883371,-0.14184633606517671,0
-0.44676210685265627,2.7551446598952167,1.1144944687398843,4.6530714377349085,2.874707681916457,1.534077572450853,1.4420691254988922,-1.6060020951155731,0.25549582083071665,-0.8830907869019771,1.0813300505938759,0.7797206762104326,0.7238401214139757,1.6395380446119756,0.9421537197828559,-0.4452889112506483,-0.3055339728947336,-0.5968936618142897,-0.2241417913776012,0.5349836068957367,-0.3012241905934383,-0.4085066378565532,0
2.5055576315821386,-0.5183678947143855,0.08805700548772136,4.673391307728184,0.2779147244653972,-0.46424854237868,0.9245911142541575,-0.9257327992256468,-0.0351984331569843,-0.4159170662348331,0.1933598480541828,-0.4407025524314924,-0.01058973985054729,0.7401057584947974,-0.06269066296518204,0.09777804911459496,-0.5239120331362153,-0.5052617817407231,-0.024121626380086896,0.36825475837593963,-0.461527180109163,-0.2806534866379598,0
2.5790091556472268,-0.16865275804329077,1.447844078953058,5.77896863429642,-0.6259815307852106,-0.6086517108786264,0.8340898346810242,1.0160319164608136,-0.6790664440715055,-0.31390140656555704,0.13966473163274692,-0.02231848768014255,-0.16920370206346746,0.9905092054369166,0.03692018988022629,1.3099296082304772,-0.7979267054270371,0.1971240438966694,-0.02063185170350703,-0.1791988112175779,-0.5125652841598989,-0.2921032397541222,1
-0.6005123330464188,3.591501098771843,2.1705075210849354,5.398001345570626,1.849807152404134,1.0345599206378806,1.1143781974455609,1.5591799970490048,-0.4894065281098812,-0.60717836684588,-0.09383193908045048,-0.052273182338707466,-0.4974360011090411,1.7027373155820706,0.724999665542041,1.2958762169093925,-0.8592410230309009,-0.18292843614877186,-0.1093967605867603,-0.35533776613173773,-0.5179072516235202,-0.14620141815315899,1
-0.1983202945359203,3.5632474132737526,-1.1117949993458494,-0.5881859219802149,0.8968867018273682,-0.26101088311243026,-0.14377998398437827,0.3360680625144435,0.44133887023281654,-0.6502962159242381,-0.09169857579946554,-0.39700081644476753,0.3266785149090574,0.7065171728940013,-1.117917141994898,0.539826284012303,0.9577027560410392,-0.6356965451176124,-0.7408932856522219,0.3688740748147534,-0.29787370127069696,0.04516873320894139,0
2.928944178234018,-0.0043752608553626095,-1.8533047177122908,-0.060434170371352965,-0.7074758328288975,-1.3370743199152995,-0.13847987616180474,-0.7128031180382178,0.1474335058004539,-0.6633586734263504,0.11062004816102973,-0.163591510132507,0.6613189750095937,1.0714183398716475,-0.8879866944543439,0.4190209121182637,1.0284317550792144,-0.6136131430587293,-0.6345143925103562,0.41050207523288323,-0.2491285501009537,0.07425519066783984,0
-0.12963069859521642,4.661453822034647,-2.33354638415775,1.6639330636725498,0.5254231647318695,0.32982525892537456,0.4312708684523185,0.7651587643003169,0.12333964528845157,-0.30918494279371067,0.14043381450731499,-0.00645674192833632,0.2747560357434787,-0.34002290271513047,-0.6615992301963234,0.43784951493180796,-0.6418376396343897,-0.06024898406790243,0.08077216221884158,-0.09150629401690635,-0.26154041769166925,0.049402824014283704,0
2.962947594398931,0.9683649280371208,-3.031145560634629,2.2995246478876292,-1.3854666945924228,-0.9842056247658265,0.4564872561988503,-0.43147117946520586,-0.20780897958911762,-0.4475587868210034,0.40590120172055827,0.19195900884793995,0.6782871200623241,0.04699401509127621,-0.3696509363771635,0.24878313874787808,-0.638655487255983,-0.07228127772802036,0.07235554683572286,-0.0017920108841295633,-0.15174392866602504,-0.03269385490657544,0
2.8986866222337873,0.27300014949641793,-2.1920645794478677,0.7098707305256335,-0.7613940175163738,-1.4755828836248908,-0.5459700168731938,-0.7451446597405114,0.07386721616162464,-0.7598975188560059,-0.04034241257622615,0.11678561027128387,0.8024836450110376,0.7714917887994616,-0.7392922171377407,0.5635194912884682,0.9358431187656956,-0.632977909489739,-0.6439250303403788,0.4912316349597707,-0.5489351528604564,0.2592727333549281,0
-0.313048140792502,4.016741397253508,-1.4477693042755275,0.14659305799434183,1.0034877660678434,-0.32184935121710734,-0.5253062297181498,0.37639037933094416,0.3994847102953862,-0.7298218997597588,-0.25583202510148983,-0.08206081329504278,0.4156327541945301,0.3936263307023203,-1.02176456240292,0.767674196082643,0.882472952225364,-0.6431441685330204,-0.6409023828029353,0.3737581633211054,-0.6207797022117888,0.3359025500633467,0
0.15872017499668073,4.066379990463424,-1.350911631240017,0.05237607801544019,0.8994858588445352,-0.18348645193968105,0.2545278215511561,0.5258758507044412,0.3883297502747724,-0.5386794555817193,-0.34369605484645377,-0.12132295992860416,0.08711622655073072,0.1327655486113975,-0.6896642257251003,0.4174301649621291,1.1345679685513146,-0.396139825396637,-0.17127423338894074,0.12469204121723637,-0.4751520551673409,0.1099691586796033,0
3.2223335741010914,0.44973502643863517,-2.072055480241584,0.5360369465369159,-0.7936958160486269,-1.3512686339900553,0.3186714797598303,-0.6395492287816416,0.07435619395082507,-0.571034469553403,-0.01639445854548803,0.1724901339946991,0.2743569417449692,0.48181376194773584,-0.5535132956750806,0.3813286232194533,1.1182166859942753,-0.45558687673571324,-0.06331118885951138,0.15662767563167226,-0.4678050353536272,0.1502126445287029,0
0.3572232080468248,4.2157062733295945,-1.2876379000978866,0.04589018184781956,0.5662237244360948,0.11587228074757505,0.5596646533718654,0.5651327312828686,0.29652407949760423,-0.17942911310062432,0.12618272618195578,-0.60183560492261,0.40976561872406597,0.5551829416252311,-1.0177599681370428,0.3267908020334154,0.5328418949896068,-0.36260095850415003,-0.36112041411234375,0.25063143720416126,-0.30795037541773485,0.23221260823757942,0
3.3913229859246505,0.6122183209757299,-2.0279510071805014,0.5507581392453853,-1.0896258010762816,-1.0562883053304153,0.6554029908435194,-0.5374769653552192,0.02861018601481598,-0.3183843772952467,0.3941153206071217,-0.3340009412159362,0.6960700229677036,0.9522832799161431,-0.8888269836158155,0.31024263545628566,0.5639759880559737,-0.41576962344544893,-0.20214888269470813,0.24521555343985174,-0.28513976377882594,0.2795054648007747,0
-0.778859917438334,1.3259377406272794,2.188967871253341,2.180013694400633,2.1529281889412584,1.0964218773928562,1.0209844666101537,0.7211179428945739,0.30172398677738965,-0.587259038484989,-0.460454437487165,-0.20793089305504608,0.4132390700271565,1.1660434351936595,1.6504443136061673,-0.2535152854878495,-0.16470869097758384,-1.5598797733694652,0.16966538533911416,-0.5140699814689239,-0.10792519321692011,-0.4214178229196576,1
2.189679149153318,-2.025377425567765,1.3700062333164365,2.2980279520038693,-0.25182368738362965,-0.6507629740427638,0.7577420927478055,0.30207568755499187,0.20617177066985784,-0.37536088503468473,-0.39366221559024495,-0.34750145074973704,0.5814533433102246,0.26499068584146895,0.7760116922732345,-0.13708533095150166,-0.17868976662204542,-1.2789732231088258,0.09991593115439747,-0.5420328436397401,-0.2754043364024352,-0.3626188527031102,1
2.3002220880999444,-1.7907602757756003,1.0576930993589266,2.4625817744169836,-0.5107882591544737,-0.9570613298043419,0.6196323858321765,0.6062982230060635,-0.4274225128343775,-0.5045347361686584,-0.3038516743167031,-0.34193531044482806,0.13125444812392129,0.5183763658192478,-0.08165747380257571,0.8091208321244391,-0.09981195619180348,1.2670117954818039,-0.05749935740884353,0.30486141886481116,-0.6073723350045919,-0.18603905194376488,0
-0.617826967983448,1.7275482688865629,1.608659577200198,2.175865079851259,1.5857968419465385,0.5185392218180335,0.6751306246830044,1.457714796529951,-0.039272412021158956,-0.5264035848791936,-0.9277013532193105,-0.8933939620916904,-0.4891202091928994,1.1030512840749083,0.4978198904216584,0.9259907143823649,-0.22555730103685942,0.9230599681453399,0.029229961556747647,0.2178470065817369,-0.44028646914621533,-0.06284982297426316,0
2.5387590575376477,-0.8772019067621076,-2.0278339253565543,-0.5287129656938733,-1.0189064728968515,-0.6252405527099028,0.27094868088344815,-0.5383586834136147,0.2751924972560699,-0.8000627734950584,-0.17814678400389272,0.005214644450979543,0.46339932393871547,0.36320692349204103,0.11595016522271176,-0.14317762002472803,-0.007108042658428026,0.15074221710777666,0.1378584067427484,0.0413590937915772,-0.19569376732913857,0.2972851950364977,0
-0.31332431867637534,2.4080656139767225,-1.448165780379713,-1.0195156287846634,0.6771486640004081,0.6271003216523748,0.18338393699845096,0.6408508778104974,0.5646262873152936,-0.6720561536321423,-0.5036881687831597,-0.33829370822837274,0.33375908631268103,0.07490423761182582,-0.03307098693666891,-0.2111316445029788,0.06202918928294169,0.25053658314743144,0.037328736192687804,0.06920888004609332,-0.17428394235387062,0.28354882020765354,0
3.1638242000431647,-0.21459536096608503,-2.2295428952826444,0.42757261793309764,-1.3568871969075675,-1.0128415424307549,0.8657490271369768,-0.5803899182556271,0.08313043219841373,-0.49797873704550194,-0.022857872946537586,-0.07331779394623561,0.698922906725476,0.21449740563219266,0.256888529303658,-0.014447412073129015,-0.16055400120039381,0.2276693625700489,0.24323681849998088,-0.04317965072977332,-0.16278918917654778,0.026004622445347687,0
0.19967964951406028,3.1921036732599406,-1.60564426565334,-0.13764845671368806,0.4823022230429978,0.258433458152337,0.9050706474525048,0.6869792609143676,0.4144324436398497,-0.47527210918545143,-0.36192359924610334,-0.4132723492884571,0.5419703833436093,-0.10143714264927328,0.08760928530831372,0.03369886062094359,-0.08375295688952993,0.28000465884678294,0.13200103494677098,-0.05497567753737826,-0.1670774150087369,-0.03742393610507105,0
-1.9331895049974919,1.3810464042699717,3.354344813454372,2.151990755080843,1.7738737169547623,0.3772974531537935,-0.3781669022307843,2.1271730026458227,-0.33926325720887723,-1.5180157990685237,-0.7366002566948232,-0.13290846332988418,-0.4268763986806046,1.3888212716171957,1.94502270650939,0.19735533223485532,-0.6165465552546762,-0.6474203445541921,0.17310550213763656,0.021787873853642923,-0.4934154503189958,-0.014581548793617203,1
-1.763808285184692,1.8284093034551312,2.347184226857526,1.1296117157773014,1.7209750400831014,0.6204953162500993,-0.23612513970975982,1.0906999053620567,-0.2934377023206169,-1.6833455856252038,0.2903499577813761,0.8469619073737309,0.8395718625741875,0.08305247164942334,0.8145198070606307,-0.17391341821511339,-0.10751034872427936,0.3580890771659751,0.5981971140501131,1.0829175765977872,-0.5564084226648078,-0.13098730578450027,0
1.1331228024547362,-2.338960027853218,2.787716476831385,2.6004191138274138,-0.4531552679623467,-1.2088256426715138,-0.5461421866447154,1.5123971239938603,-0.5585041327427966,-1.3479139966138804,-0.6043597840434155,-0.1723598611781794,-0.3155627392803254,0.8415537374072161,1.3729351325885344,0.249680197462415,-0.6277989608731449,-0.4239142633323557,0.25105386947905173,-0.1219918824293395,-0.45481211059456605,0.10537919901135508,1
1.28092169568742,-2.031809731545704,1.9943044681217883,1.8717240562104271,-0.541641243995263,-1.0868488910016818,-0.4834790011035154,0.6689596984801666,-0.5472590835522205,-1.4317858164632542,-0.20552440078424222,0.0880117660248558,0.36478964539884284,-0.20815880553760507,0.42536662799741076,0.10395940079788492,-0.3567655698004721,0.2996983953132979,0.7703207742828037,0.8883357610042365,-0.4178013101960691,-0.046215320335002974,0
1.8156044956520663,-1.5501465187078514,1.2482094953597846,1.5478423213709263,-0.8254098436282286,-1.012121866671294,0.08546358655499672,0.3015883921588734,-0.432606212418446,-1.204588962374594,0.261067626332576,0.13059882079688306,0.6800719377259923,0.5122617027677419,-0.6208363552388637,0.5447590044768583,0.28341887659288945,1.0860292155279103,-0.6301147051747478,-0.43454247192588513,-0.18793699607022935,-0.2882497481032454,0
-1.232951471935154,2.3215432393171715,1.7780147254741414,1.1089051923775646,1.843575582790926,1.019626031836581,0.4732698928987208,0.38713517129656305,-0.07365146671901521,-1.5931893896214053,0.8612176100978249,1.1465650538344803,1.0735142542934977,1.4859670630555502,0.3831126406453416,0.1878347682257935,0.47790994152648714,0.960411675225843,-0.6639320856023293,-0.2425113995043427,-0.2183417957441742,-0.32683084578350374,0
-0.21345070172997618,2.9609284336993626,-0.8609697803076583,-1.283201230121563,0.5341571092771683,0.2843133894990835,0.24434896899877914,0.5654620386405,0.7304757823824871,-0.9815573394479006,-0.7781390129676657,-0.4364987654031238,0.6231772065225782,-0.07612450670102494,0.3427418905517561,-0.1538051258959061,0.00592307283560577,0.2668767274499509,-0.17380688663872243,0.12968098503265713,-0.07049593224562734,-0.20361706176448477,0
2.681808203530121,-0.4823464831157867,-1.515851205524978,-0.8167303405072506,-1.122695402573959,-0.9289798548439374,0.33897772183106273,-0.6001020631651252,0.4437712266254023,-1.1052471627746774,-0.4321878183455377,-0.08863347224381307,0.7340220415504916,0.2304824842731864,0.46396270749227175,-0.07965255185312246,-0.0882240013512197,0.17970939367041988,-0.0302760151474218,0.07819445655787782,-0.11177565826326155,-0.14142002359554087,0
3.0179479073439417,-1.7667355982810429,2.1041509499167073,2.263034537407166,-0.4433889124274508,-0.8452424021622071,1.1114128818193296,1.0495746137009268,-0.7078572744832553,-0.11050477515893858,0.3167824316887155,-0.4290575126765495,0.4673630508573659,0.6897297256736522,-1.0466717175631657,1.1273655378744223,0.9280293088627761,1.0726020890306174,-0.041644073904637195,0.469392089771677,-0.5016318040048999,-0.6762395448494198,1
3.06773173724376,-0.269979292116864,1.0082027945038208,3.269420926255533,-0.6543789318268987,-0.843319682876631,1.1234495161817661,0.33964810307286464,-0.568459666882037,0.13862343474242664,0.3023878255407021,-0.7826596796140404,0.6695008298978615,-0.16817760173616472,-0.6149519333334922,0.3421063263470122,-0.11681030593550047,0.5603345859907306,0.9969442087218242,1.1730634942319897,-0.5127771622347221,-0.3556456992609187,0
2.955461827484017,-0.47140382718098406,1.5230694626303545,3.367562835404033,-0.8939833997281059,-1.0782989020290146,1.0722927155521798,1.43771904018847,-1.1778833266783841,0.17212157979498802,0.49845429197022423,-0.5338220638074529,0.66732266430371,-0.18288253561677864,-0.6086378473198754,0.4841280687082453,-0.12909936133813868,0.7109971968213676,0.9527236122542311,1.183310472599095,-0.5796724980096867,0.02491193194215923,0
-0.29735814972195335,3.5451192103462827,2.2554248187964703,3.438585274111795,1.9633671463838696,1.0291790346481813,1.7555489373272624,-0.07230319207394229,-0.27361614582189114,-0.5823049916224134,1.1357217536399722,0.5606092242271469,1.4386014509729135,1.5935684865389184,1.164426455182717,-0.25436123401781185,0.06515561763473708,0.2679155373510038,0.8048309660833156,1.4599570313979342,-0.4136275958690034,-0.748623553721846,0
-0.2590052908524718,3.5358611619813303,2.091306020980904,2.8774596610046164,1.1114861177783097,0.3952980531558606,1.394203603369459,1.471667654790063,-0.8835248209103022,-0.36802946717945645,0.9772775791547199,0.21512545812984768,1.457593098828219,0.3491912233526178,0.11270868058801391,-0.10473312720492522,0.14640964643019566,0.8269116324584151,0.6766591550178085,1.4982048370494974,-0.6008265418563122,-0.15023699291185857,0
-0.947953552474686,1.0494797962279476,1.2986121214770439,0.28508063250989485,0.9514162242347423,0.9629309644120573,0.42698272777452506,0.9636592375695331,-0.36912243496280117,-0.17892116188709659,-0.02382566751269399,0.1589410120982307,1.0119251450844502,1.7090587678331606,-0.8642556638892452,0.4995356419925527,1.5787287005102473,1.1691529327427277,-0.8394372137511948,0.4510064265740719,-0.2200062715346129,-0.36665944441857695,0
2.047049770691326,-2.875548172872479,1.0625368431229627,0.8833294053505599,-0.7558967941321743,-0.32355317999617417,0.40668665301187923,0.8425736526164133,-0.6046378606871762,0.05325378873509876,-0.3538105350526611,-0.3882245475283553,0.5497635400094936,1.2764084665147064,-1.4342886832461803,0.9220378761530827,1.4199103398372992,1.0483206563788576,-0.7333256566746037,0.09003098720225354,-0.1906663019727569,-0.28674522496308796,0
-1.2188833301833852,3.4009566200829613,1.373930683168965,1.3234860906833674,0.9533051716129759,0.4716546315661978,1.3094898573897462,1.2272896980198829,-0.31702567976465473,-0.4985416124913671,0.5236902382529107,0.2548124816750251,1.4954503372740147,0.052674078176803626,0.31488891962229615,-0.5039842509213353,0.23353951458562197,-0.11741180117234906,0.48536417441417345,0.6988599274892324,-0.35670746818266524,-0.337850738741802,0
-0.23567410477576892,4.741761630127895,-1.3440655854389676,0.45560101515942186,0.3331093786792855,0.02514643293074057,0.7611149213944541,0.7429091385896133,0.4259117306144294,-0.3637958848744689,-0.4255581218345719,-0.6219610254701108,0.9353966193595667,-0.15804343227990264,0.19056863364687862,-0.1312492569814853,-0.20367936293688282,0.42741694920848533,0.12872060529303345,-0.018196021757004802,-0.11354831400127471,-0.23714974840928435,0
0.3799825374460219,5.247839195808037,-1.395319717134412,1.1307777619249506,0.21994787945783692,-0.17392624102201562,0.5300404975609695,0.6684231749909167,0.4023395383528345,-0.672567660855501,-0.3031421287541001,-0.4048999709653737,0.750139240055332,-0.16801948800614291,-0.15816571482962113,0.04621890301684042,0.12635642787561707,0.2103275900728234,0.15028982135963104,-0.044391849105272226,-0.1534607558875844,-0.09748683616107197,0
0.2419973209054707,3.086163260608752,-1.4386675353852163,-0.18352351704453684,0.6025662751111164,-0.05028585040196546,-0.08473594230444496,0.46493330811530037,0.3606857734910489,-0.3122248079997926,-0.6205634238335619,-0.3723302810257713,0.723722967983991,0.4482501383259745,-0.522487365354764,0.11906601707360615,1.208628372289959,-0.19469605007727872,-0.1632005721220093,0.17871314340837097,-0.053972113866183204,0.01811981118461476,0
-1.181902208373723,3.2838523439283893,1.7904263707059374,2.7993298437827283,1.2540783801655297,0.7675040799385954,1.8547309349748544,1.1957358396962228,-0.0039419727471160185,-0.2489088502129165,-0.2953114698623376,-0.8954690706318466,0.3731260413828231,1.4436334663628385,1.3610832108320627,-0.16792494820458248,-0.7831755049098472,-1.0575050370579056,0.9512379987056392,0.8816881959841286,0.012053656780649912,-0.3491372933894046,0
0.6103271323096316,3.6858279663506845,-1.2578332563829913,-0.0594637072404311,0.4954629716218924,-0.06044437461597784,0.3895409528103969,0.5828561597459802,0.40926811385451706,-0.27044274838381077,-0.6452086026555129,-0.5213497526328258,0.747473486489216,0.2559343352747675,-0.20665405028208003,-0.07610918959157827,1.1418383016575633,0.11531162867452872,0.17753297613390698,-0.017333426798535282,-0.08059910562997158,-0.12955653844896114,0
-1.8451721807131751,0.3893104402899167,3.1372024996549683,0.20405219463575994,1.8613238849538176,0.8695758582104819,0.2650520806131736,0.4364256536890094,-0.4094543783460766,-1.358512334054524,0.6641467761811989,1.119166571372449,1.2830346873994902,1.1598859550950025,1.8175495654113318,-0.6186867169745988,-0.04899733514971988,0.8906749471346653,-0.03963461926490043,0.25522235560611267,-0.7630033926282024,-0.1798367084087645,0
-0.91568707768883,0.16511530175170847,2.273370167230076,0.5363358313039623,2.0477361994130963,0.5179189542646039,1.0877296199972022,0.22991638530043346,-0.07942686600646605,-0.6371240892856076,0.33683608101866724,1.436436797526284,1.4048284748411708,-0.13675693807209682,1.5017351179218186,-1.1106545434794273,0.550382979339643,-0.3205827619310865,-1.016962816456542,0.10328158549927904,0.07390183991862787,-0.8779013397448908,1
-0.17292108989185376,0.6891506436921819,1.947176531691027,1.5139987224269662,1.6140629142838168,0.3862137628485902,0.11143505505746443,1.0965540213420146,-0.06528492540522549,-0.5389703496029692,-0.728194969291886,0.1332985247644317,-0.08842191331740269,1.2826366698198404,0.5320295321821725,0.8288925556918004,1.0318017625707672,0.8370336312219934,-0.5320562968054208,0.44948783981091556,-0.22353825501721303,-0.7266181609267314,1
-0.6278043223714092,0.441871704320942,2.5272182826605927,0.931517730471119,1.3609454136383017,0.09555387647595971,0.008437636238234061,1.3853332792029793,0.516126883094217,-0.39419329322433866,0.228650331104798,-0.5504083846377192,0.27573557557174394,0.19407989570530498,-0.2915295221393836,-0.2616282092591127,0.3285103593875007,-0.7037176442635541,0.00012041497485298259,0.17275537603485644,0.02571471717312827,-0.846274499255962,1
0.4118987545943657,0.4811277469673245,2.938559152934862,1.9223158875602697,3.190041170224616,2.1085796085613917,1.0369171445880356,-1.5309740968410925,-0.08432553749399185,-1.1839666514235268,1.2498658870319792,2.516079891663143,2.9502654975455447,-0.09501338801272652,1.307685821009879,0.09155425660351028,0.5093374309206166,1.3712233853008606,-0.44028661738302177,-0.2538416059228433,-0.9153388547293762,-0.2668545757206825,0
0.6686654539560651,0.7440401088137018,1.8179793296198161,0.9809019203262663,1.2538997454382643,0.3800609275809886,-0.10646300000190623,2.0526857292536405,-0.7540559993652444,-0.6706674276578104,-0.5882778634505399,0.5640661269555168,0.8752693354066301,0.0735437009184122,1.1295889066763956,1.279528708198305,-0.09475519268359227,1.2349777834875093,-0.21384078398451276,-0.048770338737000596,-0.921960942945363,0.046930647513317034,0
-0.4364938988035576,-0.07231994182194149,2.948903168446629,0.10447314724853174,0.9143943260303773,0.3656938695675408,0.005240099862075759,1.6429079329335559,0.646464476300395,-0.5508253797538137,-0.31852454984458534,-0.9041126517391533,-0.1770933625297799,0.9969604908525689,-0.2625869335597469,0.7098385081514194,0.1724923510294345,-0.0774884933198864,-0.3149965928303967,0.437866834259825,0.5013364197316729,-0.7139636772730777,1
-0.14299178354254966,-0.48008260687325566,3.085322914626057,0.09054002959722084,1.873082216742865,0.017514733431936137,0.2487867031523681,1.433586207734294,0.6660778280326785,-0.11321768008020519,-1.468534095521359,-0.7504073203239567,0.8527369386903374,-1.8401198532806984,1.3386713043326062,-0.15889510440246576,0.0027654456280767304,-0.7352843590021917,0.6431321547014518,0.04971310485607218,-0.8882895363776999,-0.03684904268641428,1
0.416422562952537,0.5957695145389639,1.8313777532914388,1.6688195849459595,0.8660038208316838,1.177114880683795,-0.21554800922066794,0.9641393087595239,1.6241093851181598,0.052514160789946925,-0.6069949790851793,-0.9526551470078497,1.0348208828201615,-0.5061952798541842,-0.34926687583925725,0.17834131245891408,-0.3952227081427036,-0.19013986766670854,-0.6440740005217008,-1.2201912568608735,0.1332886863674508,0.3337331922434632,1
0.253405346181859,0.3669078893506008,2.5485937257383755,2.092532772455155,0.9769136913445495,1.1634535910586943,-0.22493531748862083,1.8127503304851402,0.8388180195339842,-0.24607216451702493,-0.005146980874680058,0.028166566584988274,0.6521824153193496,1.09487238200437,0.4098603769728709,1.1121483778282328,-0.3876669688635595,0.8469840190658225,0.04904430775493282,0.27774369270472066,0.14435984490985412,-0.25554803445384555,1
-1.0586357351263407,-0.8029627514095566,4.217274139804461,2.460065558967751,2.761958984657131,1.7439997774016054,0.3408514659806878,-0.896251088777382,0.405099359227308,-0.7782753409499421,0.12607075861436437,-0.46001314590511666,1.849286956482533,-1.8800720013211025,-0.7269943417961546,-0.791913436175339,0.38022736004503443,0.6439322816284565,0.7682597133138166,-0.20216258368920748,-1.0496568761083727,0.21581162729432699,1
-0.7338004979391428,0.3655993741951124,2.3901295993609097,2.1167297806032797,1.429721889358857,0.37014153839849434,-0.5749660265575421,1.7155114097030644,1.437818578659367,-0.017747042511855757,0.4269014981090553,0.3985129547192694,1.102289022229258,0.14722369898914694,-0.15956088288996337,0.7416173085045218,-0.009423857476074833,1.0288421742821565,-0.3542905483120676,-0.7085208950153757,-0.25018872486996563,-0.6533804718453797,1
-0.7838535427475668,0.31469052132481584,2.64383362613227,2.629095040179334,1.5896467378536727,0.31928351780678005,-0.6257799824845679,2.0455568203286476,-0.31477031414072876,-0.4913764498347793,-0.8779898378197097,-0.9404171840952711,-0.17592342289842308,1.7061376589747197,1.1814897016786596,1.2012829457702747,-0.6012874273342174,-0.2332670829463064,0.29216880280045393,-0.32627993047367526,-0.16139705210666863,-0.5577013403680844,1
-0.7343829737590076,0.276600741717667,2.593072756954073,2.605713630813253,1.8957883827686945,0.7259494131388057,-0.42403257989290877,0.7202507674759162,0.20384579416694149,-0.3837745946743236,-0.7449333858413888,-1.2245486984690181,0.7558814032842739,0.14239229934077507,0.3642997071625237,0.339195528977602,-0.40277053191235024,-1.0569417349846928,0.739725596526328,0.09059247625353611,-0.24058719588287403,-0.693535105258555,1
-1.1882541623286742,-0.04338547844850771,2.4660898441816914,1.4376719788053265,1.5412069650762878,0.9844632636493591,-0.6039851080350338,-0.2172550166265073,0.9407597099305552,-0.8144742439654943,-1.2443120981368274,-1.3765962916362053,0.3302943908576705,0.26009973090558314,0.23321136734681974,0.4929989821644408,-0.7888992124013143,0.07704252875998262,-0.5539106405161438,-1.1527138637297798,0.2687476320573233,-0.5938448631269786,1
-1.4482212159033199,-0.6129462366104144,3.909078180401076,2.1667560377527275,2.291866836473564,1.7434910560102879,-0.09648783602786921,-1.3479295823594872,1.0558004594644719,-0.8054789307665372,-0.1896094628370579,-0.7553464768794389,1.7694271832794246,-1.5960306595351659,-1.107876993477343,-0.10433951219941029,-0.34147488566703543,0.8801714451574737,-0.2721572179662651,-0.33491579844960045,0.014940947002490008,0.18171612156464692,1
-0.36219977013101884,0.6035745780620567,2.588350848423919,2.324084197190451,1.3980102466440287,0.24845766311867087,-1.0438189616332674,1.8620604989929292,2.086535264711102,0.05713524446288561,0.5244162172650896,-0.285668849439443,1.241395822951089,-0.5754511136696033,-0.13520402354313357,-0.5157791374749651,-0.4273794225197175,-0.5192681662117854,0.11114229957063478,0.148533906896012,-0.36059499678383305,0.14821045100628444,1
-0.3554583650091121,1.0448071426423784,2.6154583046076825,2.3199814443221873,1.5355356765837316,0.9741792482118742,-0.10349440927137052,-0.41287072117415785,1.6425464465933628,0.17120027316984335,-1.0599447117131187,-1.5694116243825027,0.6126405574524826,-0.42978214696591904,-1.202787751089649,-0.03574183510479038,0.6472791040480982,0.07158138268470306,-1.213050494505822,-1.0077870284153698,0.09265398487488595,0.14978139187387565,1
-0.45545391119483986,1.0303604792677308,2.878770142241001,1.9695182993311493,0.8346869416793921,0.35652028486833465,-0.38666733711042506,2.1310852638177975,-0.5413100761063716,-0.14741665495145637,-0.6350187591823968,-0.824612336266708,0.3774591848175848,0.49218916474053725,-0.4766106254596699,0.5351093829998719,0.5730495560444011,0.01116563076647575,-0.360246385332633,0.32698645039572183,0.06999313352506259,0.17818655593604635,1
-1.295076573449031,0.9290027303501088,2.353448090500898,0.2109963759310316,0.9105338202734201,0.2939123407188246,-0.2542920673924741,1.3479049651572126,-0.1808959069892294,-0.6937552086325882,-0.4764605253785045,-0.5670880900926537,0.7051206513639761,0.25742126623160577,1.1993931265102709,-0.7217672075778679,-0.2935396518106351,-0.8724522833728111,0.3104967249511921,0.2584892954281639,-0.5650288650786494,0.4345667098684596,0
-1.2432966639829706,3.1797677312122445,-0.4009485968330634,-1.6506043169049975,-0.07450240504960005,0.05797257781012551,-0.12471656021960434,0.1142288896099775,0.5373778588281478,-0.2976382820483728,-0.45816970857434863,-0.8357125937393424,0.7828349854284286,0.6627306132957476,-0.11240724895117195,-0.3498268034864801,0.5518757071766976,0.13265787598516668,0.05377117322617838,0.08024063997385322,0.05694047901675147,0.20118495969267583,0
-26.853541426591175,-4.832540441095711,-11.007460389859414,1.8999782790349726,-0.5090885593954118,1.645111476385277,-0.7061070747857306,0.11703610769593907,0.1354148388890724,0.6708173378052217,-2.5566538663555813,2.3524062842517197,0.3569438990649054,0.218709824554434,-1.1776872768243793,-0.20927686221125144,-1.358221412472045,0.09800038736333562,1.2785727662832844,-0.4162851539790135,-0.031337434237777136,0.8231327148972614,0
-0.46449783951843054,2.346002636672424,-0.8769813396029825,-0.8479277732654215,0.5674407042392152,-0.2031152955227836,-3.1938324246208403,-0.37196462112471185,0.35722369740006443,-1.187344109329241,-0.048013275301092236,0.1342955309498304,0.05084901804694257,0.27435812199922605,-0.69707543296766,-0.17615367620468655,0.2657845187503758,-0.44836665023068906,-0.3544054068012049,0.03256876043621875,0.7193015961599468,-0.0335222145938121,0
-1.384591059673113,2.7622686007435733,-1.0385589981899137,-1.1640326839977002,-0.0066241121195463664,0.5415521232575303,-0.5679846839120091,0.1643553826377169,0.5085516444396344,-0.571528152010237,-0.5245560684444084,-0.25772628799596486,0.30378602074851513,-0.06918559831386756,0.27548807498655953,-0.47107034582058255,-0.14166855712107612,0.3701738108713505,0.4850145600167716,-0.1591316096443715,-0.28967193079404124,-0.06146760249876077,0
-0.9985832874235352,4.05785259689607,-0.9376225032306266,-0.5087904431022954,0.4940205903336354,-0.20320201174735883,-0.38648573857160357,0.24321650831018313,0.4688157207507137,-0.5138384986274248,-0.5644487518518165,-0.24791491323423012,0.505875589422788,-0.16321795709060627,0.1570899575220062,-0.10523441797094331,0.3099406093955926,0.14557160663015276,0.11868247329587424,0.06889475895843145,-0.3666991058840338,-0.05007171687520511,0
-1.58642676892914,4.470966610620041,-1.3131124239371998,0.034838452230361854,0.4435982599284755,-0.10735779210441519,-0.2935116872829036,0.3403158042379248,0.42039928780621766,-0.4240373567748891,-0.40360183035051383,-0.30458005135977023,0.6702580778443438,-0.015259920373380515,-0.170626886069979,0.02134167182349944,0.008772353471144152,0.09585241229175635,-0.023411798957977306,0.15573889164821034,-0.3394854559177276,0.1825437318265917,0
-1.3168717550967644,4.478558707634856,-1.2441505144989224,0.04111170383475559,0.22740588167285883,-0.03942672884910673,0.07235879404122278,0.39162197137724447,0.4745893734147835,-0.5843024526305473,-0.3393534439203712,-0.38952324031806457,0.5499257947289008,0.04839176492994368,-0.2160257984378314,-0.15336896617451304,0.028325004433318274,0.18839937567723802,0.08256032071099738,0.042241815957924915,-0.23255906391945785,0.017359261630386764,0
-1.0149185870838713,4.401413195859318,-1.4022725147244053,0.4265479335609692,0.3462266303461783,-0.2553969502994796,-0.3319444247198749,0.34603345855471596,0.4050755980358884,-0.7337733275327335,-0.3345989733753304,-0.1761134529123673,0.5048302141636224,-0.21876022216298205,-0.0642373321025054,-0.09247452078087058,-0.03878185134950239,0.19041488658306063,0.18913423897993253,-0.04685079253036701,-0.1425349218782409,0.16666490847376905,0
-1.875150066041875,3.3787893784131198,-1.0804016876880498,-0.8376402938053475,0.7897287523736475,-0.16138734916469671,-1.12973622230789,0.3069288550055644,0.8603401572720385,-2.073425565748654,-0.34455918915794853,-0.07371090739887692,0.28477693047820274,-0.1286998226898327,-0.5320501685934788,0.336646546744044,-0.28368568534903815,-0.3647588902743469,-0.2440729956750264,0.1279832331940992,-0.061324902361681706,-0.14336771966835962,0
-1.8505725383300098,2.7217565309774003,-0.9544731990367994,-1.547506967486799,0.6569894818034155,-0.037830417095636636,-0.2838140208329749,0.39203718964775375,0.9322847821052287,-1.9296437197286154,-0.48417166308358184,-0.31494245688422134,0.3256300457097252,-0.01097644726261558,-0.11247872036654856,-0.03741501172676178,-0.4924255832264616,-0.06438489038471841,-0.4907302557968528,0.33972263127436425,-0.34349884701748246,0.04186823069602597,0
-1.718313105889465,3.117750606704896,-1.0097342350057588,-1.2853575952143992,0.47003542811011806,0.09923355206234485,0.08823611226964753,0.4376540676399661,0.8754985875054495,-1.56250494789166,-0.5438710540195165,-0.3561976202641038,0.47421828763123935,0.04051071518761931,-0.26454502178719763,0.17869134365844697,-0.18335266886408125,-0.1324092599855424,-0.17706588949624733,0.20771428326666708,-0.3592446487368639,-0.1416993453197138,0
-1.906584643205753,3.017857117194198,-1.0265650417986927,-1.4098933801568476,0.5506254651405028,0.0258137357861632,0.0734995354507593,0.40537664103952337,0.8607485907931164,-1.389824376850752,-0.5495283249783299,-0.4368489621049577,0.5566267754852975,0.12229541649066883,-0.23813434539674885,0.20712899012210167,-0.09935177431184934,-0.09184286160111628,-0.1225649233807531,0.15354894374136144,-0.4473306457692346,-0.26274260825150497,0
-1.2544952170919375,3.0051291718894007,-0.803635096118089,-1.740193678165489,0.5869989467710539,0.1597591373361882,0.5008451961474422,0.4664052213394411,0.7995007758717497,-0.9469171149674684,-0.5114182225567437,-0.5940715636586568,0.4480248169181141,0.06350232749364784,0.09543651823774393,-0.08278017449327231,-0.15333210776298822,0.2121653341664381,0.054507941522891755,0.11961306684704315,-0.4736838666406373,0.007209517818505326,0
-1.1373471210784878,3.215321821214879,-1.070499580718284,-1.1562241334463161,0.4330555009041309,0.04781243888200246,0.574273876683042,0.41387989558673594,0.5933869533444488,-0.4505073686250386,-0.4663039077458347,-0.5974545434422238,0.6365761644914578,0.026551755725795184,0.1833568305565845,-0.14530272052244395,-0.22161105050080165,0.34318680587223654,0.17019717210207091,0.040795011203427316,-0.32017168243359617,-0.11455968376676849,0
-1.1002764373874825,4.304351511967413,-1.2150919363939692,-0.2300880696379729,0.4199570945325055,-0.16114098308716113,0.5319465163375716,0.4593650210259436,0.4851683895875946,-0.39860706036188887,-0.40131965472930037,-0.5023860282829766,0.6383698754726997,-0.04303466855934855,0.04008747658914836,-0.10118423854817789,0.014838480521753475,0.2935772843910588,0.15719677000474808,0.0556814768320209,-0.4673977730810008,-0.07270008691879624,0
-0.9917629275323057,4.516406217063484,-1.3180122686856954,0.10687882277117576,0.4293328034186563,-0.03896906773103124,0.2636910194325497,0.475744827956246,0.4154519891237683,-0.39622120977825515,-0.2524979934585782,-0.47301804877071385,0.7187467518350162,0.13548475166054658,-0.34079651578552633,0.11768860571661219,0.07330228749367382,0.09062821890933544,0.03129316200479839,0.05119131422754324,-0.11982489385502562,0.1442233417967884,0
-1.3013797925227086,2.294294041586839,2.4912002905986563,2.0069913793112764,1.2026884690176198,0.6673975998998861,0.26705490811999416,0.5933640341930685,0.4039663698152811,-0.2699727046292884,-1.0941877842895609,-1.1228861338101799,0.3896602959874667,-0.14453370301199972,-0.5602537911153354,0.5591502799167204,0.4326054279966679,0.44513725778312196,-0.09561295479823516,-0.20947355854358127,-0.3792041946689179,-0.3678970431330022,1
-0.23830931026357186,3.0541085331452944,-0.8488325886491384,-1.0868224534736244,0.6813674428835272,0.1403772005968473,-0.8053920121539502,0.2910563011076099,0.6063679866703896,-0.9834750405631767,-0.43559646418683556,-0.23358231568843393,0.29624482077573366,0.07947880284351008,-0.3604731167664754,0.18201559004813062,0.8080098008605211,-0.10356104277576196,0.7287872646998312,-0.5113763215312344,0.20634057900235742,0.005274870226783699,0
0.9659812386319057,1.667708727010779,0.06885319144218593,-2.55974576204688,-0.30818175056716085,1.2325282073494492,-1.088919727226476,0.1264287670377007,1.0111988798929479,-1.9074995416764962,-0.9422527958963218,-0.1967932293566443,0.38568084899531796,0.667816071956097,-0.611921237012426,0.22188551333740522,0.9172180732501735,-0.541948185843987,0.036518696861412146,-0.1050465380839643,0.2712382805634605,-0.3015583662697616,0
-0.4760391741591093,2.411260717842512,-0.4931488153190405,-1.5833508060902182,-0.6419074549551308,0.7192161184765994,-0.41725731218244533,-0.09969502134385197,0.5891408456259316,-0.7500889130783521,-1.2115344260849255,0.18931232119530078,0.5144345475514794,-0.18918412558138156,0.6239562516592099,0.17309061890478136,0.1548618074050416,0.2395396282503763,0.0698532901889438,-0.024082344594252795,0.6170621074609618,0.42775643366865,0
-1.3193868703747025,3.6209807517316697,-0.548323722092412,-0.9837416072573515,-0.08335367077255863,-0.14881460256525184,-0.7276490268474157,-0.08362929076538055,0.3790550371662486,-0.35251350861644526,-0.42522556474574863,-0.41444564211322815,0.7149914837478736,0.09141622623216042,0.2939794994380437,-0.3298358030310723,-0.07658975346033801,0.2531474886372766,0.04182043686202488,0.026400993602890995,0.32893224945581395,0.16168511232724245,0
-1.78599619021105,4.919409643708722,-0.6440379613244733,-0.6333156419289891,0.3153298993234708,-0.32517505946864605,0.11665716776137271,0.2021600444184601,0.41749261673753607,0.02658876129566651,-0.43965461605329864,-0.5665124391101027,0.6832954048610551,0.08455712636757348,0.12169572199861559,-0.19506788415835283,0.1860723462238194,0.3035828163509946,0.09683932068142674,0.08335724960984608,-0.05585215445272846,0.23323032427773585,0
-1.6887370194072868,5.045521041848723,-0.758588286485086,-0.32431908780966223,0.20074909143646338,-0.45855520398562116,0.3909029388380195,0.2388781834523421,0.4305606155246489,-0.03381056820312283,-0.4709162236334145,-0.5988166819036894,0.8888935607639307,0.06635490240858635,0.09319745546095068,-0.019566313773721332,0.19431830164898642,0.3344477290804743,0.29698368881398146,-0.12171807163776543,0.11028149205666636,-0.03655963039991666,0
-1.5961604030572407,4.639175846617341,-0.9435091449923424,0.16384621828379617,-0.07442402505554714,-0.5618288157569604,-0.35225426513421243,0.08328391080590601,0.35449414265817936,-0.5380438467964763,-0.41024188369349773,-0.3237109715338183,0.7332852963580874,0.030488832231743257,-0.04555050358269752,-0.2029667098637973,0.19609159322181507,0.13245228643828547,0.014216376164122151,0.05999938559684386,0.362493994639188,0.24155288509378428,0
-27.800803218572916,-5.023271652403844,-11.006729880210685,1.5858559222639477,-0.7905090712479834,2.0159941080721704,-1.0920577277217958,0.01839028420147535,0.3000918158535327,0.7300782490035785,-2.9074136606675904,2.2769323139793576,1.4991857923416114,-0.04250040310842608,-0.7811922598314669,0.6146331793243859,-2.451139920075368,0.31601635070974854,2.186375130992049,-1.0662156297601781,0.25598747386391013,0.10781636866589842,0
-1.5703610500149356,2.942516798755168,-1.4044455370330644,-0.7991304055446594,0.5263580838299907,0.2979845731247151,-0.3268566886839152,0.45297134634318587,0.7751555830720688,-1.6183550383532277,-0.4092647197129194,-0.12830125261629438,0.31334921191860166,-0.06553093065705595,-0.44109349691992367,0.3174902872673394,-0.3479160879574316,-0.22636978059105903,-0.126675687299135,0.13013685671719516,-0.5375082624687668,-0.13367342286546824,0
-1.352209752676356,2.745746196950998,-1.3781361554550986,-0.8351046938450836,0.5750025881728986,0.1146757131995611,-0.1245570065895143,0.42408436271610467,0.6912952725127375,-1.4879062610305265,-0.3338915002070121,-0.17192397827411332,0.4168546633506502,-0.11366850826084196,-0.3419677890609302,0.4585239788077748,-0.47329895757639756,-0.2758323244279872,-0.2834682576649217,0.15003900545091975,-0.09356353564180206,-0.09159403337068543,0
-0.8799222953599021,2.6305288523255173,-1.2339778506567798,-1.1148770987936143,0.6128837638529728,0.37989839958291827,-0.01230854679899621,0.5604910349310653,0.8004600077225238,-1.6694549939219967,-0.3960607369399944,-0.24148590745276868,0.24178375313367748,-0.16743788041473673,-0.1513431457578597,0.1387391690187541,-0.39632739282734,-0.0077053570005018324,-0.023881207365162985,0.048279887657685754,-0.4151840187116989,-0.13437254570399756,0
-0.8660366538201052,2.99927297264373,-1.3576770214563811,-0.6834154358026301,0.6815954678483022,0.025925346076242063,0.09148091213811291,0.5156966304602323,0.7566890909622107,-1.6289848267415725,-0.4164503721036488,-0.12873269752787758,0.30458130427954055,-0.21676299580281025,-0.2875167440342605,0.4189779597400268,-0.18496111055193298,-0.19809712651085495,-0.06289495990049877,0.04180124325278322,-0.3031364640729807,-0.22184116792341732,0
-0.9907061038699112,2.8234301309615515,-1.1799756378427368,-1.0800703409952015,0.6421577257388739,0.12505325633074135,-0.07979881918458229,0.4742747765283372,0.8424291822658087,-1.7497681916150105,-0.4291579283672508,-0.2491016385105325,0.4059332349485468,-0.06834486364653852,-0.2836627719491137,0.37278574313237595,-0.2533831728908668,-0.18242699558503958,-0.17240709101817894,0.18434913969244443,-0.5374120031220024,0.019335346775625047,0
-1.3324405011903064,2.6692291320927004,-1.233969953347986,-1.3845865265630382,0.8158174492885707,0.16118824966858472,0.17519922452747505,0.5416664134818746,0.9128096944895863,-1.6237170574926112,-0.49311953663110175,-0.3537509257250178,0.6086238914488772,0.1361762717946377,-0.5001358164747102,0.6246175940925083,-0.20687117237657,-0.3314769381975078,-0.2416494752818358,0.25514276482362325,-0.5851919097202186,-0.14231207860261327,0
-1.3646464160137792,2.4353293513171788,-1.1221865997170524,-1.7208629249978005,0.5094636024689375,0.4149076122428489,0.7145009221092201,0.5302867087342379,0.9056014631066152,-1.3648102990154036,-0.6193786795091334,-0.39665584722290476,0.6062702592923346,0.044933851955012316,-0.20452281454564467,0.5842576139402393,-0.35547236195505383,-0.15084213673748412,-0.05398261163375379,0.13715565234576216,-0.5670779851807257,-0.22186774653032668,0
-1.3680402234585227,2.8011476305499396,-1.2270452522035376,-1.4079368386485007,0.7442267892751059,0.12312169199969636,0.7318365250950123,0.6463919667215455,0.910512399561072,-1.3950301842359094,-0.5775831724180647,-0.5474232788251672,0.7731597034689622,-0.017045230886429827,-0.039649117497746016,0.4082524147405849,-0.42342444747393737,0.037924640068735645,-0.038355100523861436,0.1866562396179411,-0.7122369331781411,-0.1273037880679994,0
-1.0132488866861902,2.751274914955512,-1.2155072248880001,-1.0147791900645693,0.2845672019534864,0.25845890111669545,0.6061892311397316,0.5300139163331913,0.8290856518573374,-1.676493570329576,-0.5412172021474388,-0.30252859678852934,0.6028665999408899,-0.03700578029019726,-0.2296517030066923,0.5563617050441764,-0.325240493527649,-0.176948751718724,-0.14851857105991803,0.11410334421025792,-0.190008638249115,-0.020538711170876627,0
-1.401676327160534,2.90867872121148,-1.0897598467717744,-1.1029464751844789,0.4235249435252323,-0.03757138631044401,0.44717819133763165,0.42577953508769445,0.833001775587148,-1.862891355855898,-0.579483687758343,0.009330844452510362,-0.33528738274729647,-0.32445123901957784,-0.02298820626009577,-0.1035414159992515,0.21754965567109535,-0.15307443333440227,-0.2682352275911756,0.2392148551813605,-0.5951437239644882,-0.2209626791718408,0
-1.5618935922062591,2.8881207295670177,-1.0688087295747302,-1.2502495957767366,0.6775372740316119,-0.0912338700210306,-0.20033329748717538,0.35310207596292315,0.8292806563250424,-1.6606967088742977,-0.5217277129854556,-0.20039152840737187,0.456743067246347,-0.16914522284559325,-0.1907319792749881,0.44181735667257266,-0.31842448242695454,-0.277288734375997,-0.3565137221034528,0.2880928415564118,-0.31816913603765307,-0.17586871312861768,0
-1.9162567916372013,2.7879697404702015,-1.146886949542849,-1.3727864013530713,0.6538785255374647,0.1313307939791379,-0.22222352210898677,0.3816000503968788,0.8735677179097714,-1.7657990207905345,-0.37074781956295094,-0.2306422544437758,0.25154922344374114,0.03523013389211005,-0.517212691761587,0.33873410403522347,-0.30563881709418655,-0.33580873929015065,-0.3284982489216838,0.32674375677453166,-0.43486951785309164,0.07898038394228071,0
-1.693376260552343,2.714674328975912,-1.0340927948990524,-1.5261132373545445,0.5596507978965275,0.24864779146843397,-0.1632603730551907,0.3816361515234374,0.906847620712492,-1.755806718303225,-0.45675914814554414,-0.2462413754037466,0.27931645102119723,0.015265509071013,-0.4332778083981708,0.3230282531906651,-0.2760975380476107,-0.3034565837502957,-0.30456341835245904,0.30164390838169947,-0.44690492664065445,-0.1643970536372163,0
-1.357635135542882,2.5619966898549134,-1.0104735492932986,-1.3269615507787207,0.4173119382382392,0.004914490625040243,-0.1895661965904914,0.2961512464222898,0.7886714688926392,-1.768026573745146,-0.3869175281012614,-0.22433084893241131,0.14851850182151255,-0.10241966875675823,-0.12846962667295372,0.06564208586549841,-0.19481224131577785,-0.18539337521774488,-0.33079076244768857,0.2532011661285294,-0.4529238384207926,-0.17429324064657942,0
-1.337231382829623,2.666021755304013,-1.1893103740676618,-1.2629161735672698,0.6254134806325758,0.36672559509381675,-0.20567443130405264,0.5264738998652297,0.8070941988622727,-1.5849005328756913,-0.39287265305297,-0.3367322749369576,0.2725863956500503,0.00272794419162091,-0.24718085236889584,-0.03914814135028183,-0.30422852203267525,-0.030273535657685497,-0.17249454110308723,0.18438389147034573,-0.4367666923339331,-0.027039180814654444,0
-0.9474997665414115,3.110967354623403,-1.004265189695194,-1.1487477026204085,0.5643314311071644,0.39520612701469704,-0.27824550808584125,0.5351997128797592,0.8885914161744501,-1.7814345494353183,-0.3774285370325264,-0.38310429287478603,0.5590579998666758,0.07495503615888519,-0.4794402937180302,0.3815736434493688,-0.3158257766253783,-0.23908649795100598,-0.15083629247306293,0.17036377237684588,-0.3504062717818003,-0.0816313484287645,0
-1.287203602471038,2.9346661564495395,-1.16827350376546,-1.111360734061616,0.8026565084960534,-0.11315756079469784,0.06313993060052367,0.4876797397151354,0.8460018374784034,-1.696465544913499,-0.547335881448435,-0.1794442758772422,0.2425893589797112,-0.2540786034010421,-0.10837070127603966,0.244536427305767,-0.041978257612565587,-0.14384472786196298,-0.12898520207909217,0.16574134109655372,-0.4758537151880165,-0.16492252194880638,0
-1.281105822196768,2.999249606835523,-0.993229829211511,-1.3166626386005005,0.5492452912644982,0.2927347169287304,-0.05346698997778845,0.49906176323776247,0.9067135808545626,-1.7788715690312595,-0.44218621075254644,-0.3403386034235058,0.42821363084361125,0.02466305438907858,-0.34013313715476007,0.3149584511669136,-0.2928317138075053,-0.17610455208112327,-0.20861239788447253,0.18508131582138077,-0.3769937549809957,-0.046630247231569215,0
-1.169784993389803,2.9754914284636023,-0.9471336108740634,-1.4617880819896092,0.8166166646594722,-0.014309661143348813,0.050819855536646114,0.48318951907149416,0.9423194617423638,-1.7442220380315607,-0.5863015515120669,-0.30789266966918677,0.417853235953009,-0.0833233457244858,-0.15504173327772988,0.37469277848487736,-0.054576879792310115,-0.16408945487949952,-0.22642716741140104,0.2429274974961132,-0.6339645720411674,-0.1033041437439569,0
-1.4014918311464628,2.771370137816192,-0.9723994634389169,-1.5363808231964853,0.7170366873228908,-0.04480884674677737,0.2065718536769646,0.44535176510575486,0.9173518562483545,-1.6948737345256473,-0.5536604074650375,-0.35186599289720516,0.4794852576953332,0.024319647555853266,-0.23829859471710177,0.43543064258111647,-0.12461488123128685,-0.24137763600235615,-0.37853787752255186,0.25690923816109207,-0.2991256242143823,-0.26549635609655553,0
-1.7086875952986718,1.2130947160090586,2.465940392248097,0.3175015686242737,1.2766271510259102,0.5510634894991172,0.7977215823893535,1.2557443735058222,-0.20128424169730177,-1.873018940653505,0.1369791615749791,0.7349850445308547,0.8741680512449123,-0.2442840181459093,-0.00022363655251130975,0.6174304821678508,0.17948991909601375,0.885566963593427,-0.3229435522052969,0.39537153915967965,-1.1744129670245447,-0.08102928573071139,0
-1.6186875625362387,3.159637327555326,-0.976317543443534,-1.1063927178251438,0.5032854833904136,0.07208975907007978,-0.6814442919564373,0.32643323426963006,0.8897786789092881,-2.0153552547005584,-0.34176519977710434,-0.23522085532335532,0.32535987871676764,0.07087652953559812,-0.614545791275196,0.2968687045153373,-0.1942728143411026,-0.4299133962349065,-0.41457408119039785,0.29720962069564943,-0.26155045705244434,-0.20905307365107653,0
-1.6954382487486577,2.973919956144149,-0.9970235082445192,-1.1806079565029348,0.7285100755965321,-0.08894818374644282,-0.8435665573980377,0.2996279669278345,0.9136366803064411,-2.1489813001123217,-0.5273843392178903,0.005199634885517383,0.14679028887949114,-0.33236447741721364,-0.17971029056314192,0.26263283809584387,-0.24669136312498713,-0.22634629392227532,-0.12885559723007992,0.0860351872315307,-0.35808489614012673,-0.3074249133309984,0
-1.8940392881044683,3.0068286658283343,-1.1810984775132862,-1.0391247564975314,0.8354923139553742,-0.04516365392230819,-0.8966294088475663,0.3566849378666855,0.9019313575417562,-2.1726714793794355,-0.3079094093269164,-0.030244060405165592,0.05338057277207468,-0.12096563466702848,-0.6508316522782016,0.3224116089710352,-0.188323879588418,-0.4458762087988985,-0.20431321571925556,0.17224990762853773,-0.3410107820512799,-0.044530621376946015,0
-1.7776354514184338,2.5819020160380424,-0.9428507251689379,-1.6119924899058529,0.721578267172917,0.1142244311380145,-0.8173674621409074,0.3170818870485234,0.966331506676526,-2.202928478075684,-0.25524017439643126,-0.24120363524982022,0.13483549531015832,0.0534993450256637,-0.5925570289461389,0.2425678525997461,-0.3567781059916143,-0.3796145845861412,-0.28521517272954333,0.1796833353784708,-0.22542967644308937,-0.17145333497627685,0
-1.6024121739406394,2.40761571629775,-1.048230039825618,-1.3629544990269729,0.7374174091223954,-0.2610442404146286,-0.7523509882918127,0.27738384091773677,0.9041295797081725,-2.2332890557632794,-0.33350875901732585,-0.19570542460233872,0.20298302108174565,-0.042650697636737636,-0.38468294040902906,0.12114891117463197,-0.2140539336340923,-0.3142065700010874,-0.3385784650442092,0.20398377661922268,-0.09550663904342346,-0.23582553853827606,0
-1.6626037223881003,3.0368277009967604,-1.0771957585094545,-1.1508807447424043,0.8199291933882317,0.18166309919136633,-0.9828778675096664,0.4755275931339891,0.9715013747511,-2.2205556400792914,-0.3873402164361421,-0.19884772184474667,0.39136495979569996,-0.12697002327268525,-0.41253571323860644,0.2791334381056483,-0.5148291346573041,-0.19560307791271145,-0.05533064327382232,0.07058963046801747,-0.25406646549567347,0.03182065587378231,0
-1.8418067916695187,1.4236662125843103,0.9499420462471537,-0.3805318902423538,1.3735830262727722,0.6664514561485582,-0.7531861260267408,0.8700553415556712,0.20982593567986416,-2.3287672957350782,0.2401266763652813,1.1159841293574193,0.8462137839012319,0.5282676903412163,-0.22320095005163493,0.13162798139741486,0.5550407669323516,-0.706941578065266,-0.7572942888691926,-0.0342077907012064,-0.46213392197080067,-0.08546512681889981,0
-2.198496667263385,0.633839789434644,2.8618589010959212,0.9920843854783866,2.0635668603023403,1.0807078894670465,-0.44947111965555814,0.781726621914981,-0.1703511236810644,-2.462018961879141,0.54290071902996,1.4051865724086803,0.6185004393569082,1.172111536071892,-0.1829402698007011,0.8495781986746429,0.545265174909012,0.5833747222513986,-0.42423087355307254,0.9266805522027375,-0.5032382319579244,-0.0850039822938144,0
-1.3726784208810743,2.3295600726826833,-0.9288642308716093,-1.640420714744862,0.581383728260311,0.28737023394616684,-0.6988994013904269,0.3444105502064318,0.986336675951763,-2.225771857080319,-0.48190308066035736,-0.15591016878563435,0.35807434561390683,0.038682130985775,-0.4349206003968417,0.40101338509236245,-0.4100447102189303,-0.33054453000187256,-0.3783769580587649,0.2595601812117084,-0.13950009387124412,0.0001693289045539644,0
-1.1715010007245392,3.4335649589670583,-1.1461493989005016,-0.9506034819654667,0.38509749820606765,-0.08875342564055978,1.331087320168137,0.5453249570576626,0.7557179418566785,-1.0325099478718507,-0.5554424170884873,-0.4256394215617055,0.5979379301316835,-0.2966914683918738,0.12117974316941935,0.44895473194518304,-0.4141196175169274,0.03517793098058509,0.1299305525901808,0.04507901726903334,-0.4997285911471894,-0.4426585849748696,0
-1.3755871795180663,3.763070899974541,-1.196932134023737,-0.7434416210879083,0.2492669383473827,0.045936719075478506,1.3701516089505916,0.6238498834281047,0.7354776904522186,-0.9665313998277973,-0.40866775173779996,-0.6370271689176032,0.7232471999292679,0.008196233327326817,-0.23148276114470243,0.3361450422483997,-0.36892235945000723,-0.0027989479208374184,-0.019374923134778052,0.192804256045852,-0.4569633561544924,-0.3085956654861982,0
-1.9544973913607604,2.7878739817521354,1.4811410450532267,0.9935097595337994,0.7635194867932934,0.6053478742374381,1.9709483513514854,1.0300052938380335,-0.07851311658617077,-1.010357936904426,0.4895949686115098,0.32989575427389395,1.7072198895937034,-0.5760135392978434,-0.3902905287553835,-0.09720751921032973,-0.04738518052036833,-0.5709341815207515,-0.07641634667900338,0.2809620375864295,-0.6776430120914541,-0.24462868845795216,0
-0.9055784175673979,3.921374986503017,-1.0073291860227516,-0.5524387979926291,-0.15155684415179355,0.015736870885402383,1.8217839652903318,0.5651423838866616,0.6530055114602533,-0.9682480704018915,-0.5957376389215643,-0.40619513168024163,0.6397063707698355,-0.2035225556131431,-0.12961500421605135,0.36972939578517056,-0.3062504747507872,-0.21294030130151306,-0.36485360712866766,0.3961907674630245,0.2057933988518622,-0.33351908438820044,0
-1.4718255605671318,4.448947985678956,-1.2499427773975285,-0.21527972023594025,0.25151203224601265,-0.2705017145332681,1.494943524501742,0.6045370769948162,0.6588294381285722,-0.9408619454624318,-0.26351392532891216,-0.5994964916388984,0.523764246708652,0.00482663133564261,-0.40675995918739766,0.24008270499505338,-0.1306585272201044,-0.06710016353344957,-0.08027876487743792,0.20508965441260518,-0.3873603265253169,-0.34327213562702186,0
-1.7747912177423926,4.2251104148139085,-1.4160032135530365,-0.1499362840534729,0.1608911747152918,-0.10680907267650154,1.4333298170198925,0.5990386069311001,0.6153397411630028,-0.8602728580713526,-0.35931816100449804,-0.4774767144219282,0.657906757135408,-0.08335600004848132,-0.2907298393668486,0.3896201729483224,-0.3980528036877822,-0.039380684282064,-0.15261300337793735,0.21724722321205936,-0.2328616395528062,-0.08332722356457718,0
-1.4690866275545071,4.0401462479614105,-1.1275490463546627,-0.5800863685536493,0.138917627425859,-0.11606265067153017,1.5723677368705375,0.5488902927924193,0.6585485614315841,-0.895419222575627,-0.47152775096052674,-0.43044854078090633,0.31878743788834996,-0.2217473923032557,-0.042172798530686055,0.10893627416029682,-0.09999810229471366,0.04106142810872295,-0.04684979018621139,0.2164011532704591,-0.3125975992088853,-0.22388463508933878,0
-1.657534016895925,4.365738779732006,-1.2816984322227791,-0.20315828257680713,0.3510773114345156,-0.2507069403526477,0.9967484712599967,0.5208509872211512,0.5951657060059137,-0.9258877514222705,-0.14509833308055714,-0.5165240660868416,0.48533110533373,-0.029014681639826803,-0.4435802796406321,0.3193302536577646,-0.3209989485800383,-0.11996022311857839,-0.16455746754936382,0.1957038196768987,-0.310022592205478,-0.19684185710761729,0
-1.4270697275363045,4.811149312315531,-1.3837663540563183,0.21974346812021203,0.41087875132220986,-0.24826447489472434,0.9951205069913766,0.6537694541980971,0.6416780786483717,-1.095736007440127,-0.2375364240353453,-0.44332295710522185,0.5773632335578351,-0.1357207260193089,-0.4435826280457858,0.31368460314632074,-0.3444164640512144,-0.07945891741151269,-0.15823326851595196,0.24570247998409078,-0.33514423650913694,-0.09906606048977072,0
-1.4168832927494428,4.672759451923462,-1.5019815505807559,0.38261861821978926,0.19938558042493412,-0.1776266843168881,1.2500817111423719,0.6287398772825957,0.5557705961488618,-0.9361147673673511,-0.3115427443382314,-0.3217161368330865,0.4687390716686812,-0.27596907738822996,-0.28334498718452844,0.24253811102165465,-0.381281848380554,0.021565621089627462,-0.0492391364159931,0.11435121218534156,-0.1380965096812966,-0.24718861480625928,0
-1.1691091219338527,4.550719177636145,-1.45557081725269,0.3252802742784221,0.1667808164086204,-0.06660297084576217,1.2096502419145527,0.6328943248116566,0.5437830496110323,-0.9020539778093037,-0.3434500410488945,-0.3170293384617859,0.5135578453833612,-0.08620385855992568,-0.5443740183553432,0.35374205478432624,-0.10216353277496994,-0.2006921862887777,-0.21757883497598365,0.2421564511696251,0.0298156003989157,-0.15385660841266585,0
-1.2481743037299797,3.375097592174081,-1.0770401382855481,-0.9508645795833719,0.126737666886586,0.3336918877868314,0.9983269492206702,0.5856083005884641,0.6787293710931293,-1.0721873355361842,-0.47109430978068884,-0.510150254796643,0.5343598186389557,0.20537770634879743,-0.24149541461519633,0.03006845669379304,-0.2455721579321845,-0.01802593475952329,-0.5839799303314566,0.5424408189683171,-0.4663182372756414,0.38831414132939823,0
-1.2477488688729441,4.064763882282673,-1.0148375628299056,-0.6486717347198949,0.24628300815060436,-0.09924481032017983,1.2625947114962672,0.5488860670129222,0.7122504866704091,-1.019607793971645,-0.6395314476288683,-0.33516563642832214,0.47340999042913395,-0.2905061328162588,0.08023121605375658,0.2655296361496379,-0.0948252375744729,0.03538583220066572,-0.10274740919347426,0.22807413664069776,-0.4155278870186487,-0.175128988083245,0
-1.1630052005477538,4.065398909271207,-1.114846844578979,-0.5102279449431941,0.28728189993637965,-0.16727896397312148,1.282270804672173,0.622475011940068,0.6968339331502027,-1.056224900566648,-0.34351402699649575,-0.6274730503320552,0.6967842725785874,-0.0565600823195333,-0.11514920130817695,0.19804023843204543,-0.3398855826731835,0.07827040730147806,-0.09056613062371817,0.18523182349899214,-0.21072731724364008,-0.05372982529530022,0
-1.2286058256095398,4.014970082697343,-0.8883292024005871,-0.871657732067873,0.20153149460123923,-0.0956163698078822,1.280909067730238,0.5235232108839596,0.75331913772832,-1.0902762891859081,-0.4078503759585193,-0.6034340290750857,0.6254402491652102,0.0383701943046211,-0.2362229071080261,0.32512464569737926,-0.21277713414245825,-0.08745566797351113,-0.30840270970388417,0.3385772358689617,-0.27117682274879507,-0.10047649378957087,0
-1.2104570046811018,3.8557824424316753,-0.8516854876149741,-0.8886449960273188,-0.09876974428028652,-0.013345219685940823,1.6085643302281192,0.4977900883735707,0.7575162094949451,-1.2321186344059536,-0.4838311437363425,-0.49406216339077336,0.5272791005710905,-0.14684228221270945,-0.030659165221765657,0.40426119367653723,-0.3502164615618528,-0.043391241849330485,-0.20580306148089003,0.2290958753048517,-0.23461334559948277,-0.08269119999866249,0
-1.721231698037934,4.135793647893098,-1.0266575978815493,-0.4849534214617446,0.04672396273594654,-0.2699463656980689,1.2105670363483074,0.45152342518623284,0.7340961058621511,-1.331551878448656,-0.7242512971568846,-0.14799266116110693,0.14905808188546882,-0.3767222345841082,0.07525705131139573,0.07031423423634614,0.1323099936517144,-0.1190806750976268,-0.3121176041708963,0.37647076020475495,-0.4850449839339324,-0.3542707388121102,0
-1.9363398994725127,4.146944376759418,-0.9876501292998714,-0.8073087619742719,0.3653440419754571,-0.2873920240685978,1.05811509157046,0.49178236648263857,0.7920008896632885,-1.144760636523016,-0.6892105728220794,-0.3727124076181368,0.47948755310129715,-0.17634416457058963,-0.059085797992058514,0.22566592222748597,0.03886433513592405,-0.062344887106166334,-0.2536156273169551,0.36840596546203325,-0.46787797078704313,-0.2011850301669398,0
-1.7398183905843874,4.254950932953001,-1.019409029450547,-0.628416171850734,0.26922095781339683,-0.0749851669995148,0.9070753938779903,0.5577415292266994,0.7805522011158418,-1.221304751436025,-0.471771406410531,-0.4947121346411214,0.619562128665994,-0.07133116918807497,-0.2620713520803808,0.26249788830520177,-0.28582971799421664,-0.08462784620112375,-0.18834030126664944,0.26699381601308325,-0.285156604221183,-0.2697820061792675,0
-1.724323530914259,4.326075655890098,-1.2661630575713734,-0.19682556066711887,0.2392686215471417,-0.027999132186717242,0.7274196170270746,0.5657721748805523,0.6552595661815682,-1.032684249901156,-0.3419147370180064,-0.4966244908275952,0.6853909368795632,0.05887462594311346,-0.4441852217751939,0.2513321371776099,-0.2861748814443053,-0.07514711989074858,-0.1416226853945801,0.1676734066582262,-0.21078534340524846,-0.26374755364230484,0
-1.3708315580119466,3.954548346237514,-1.070790850405331,-0.6551392543885225,0.1174727006153447,0.3892706859796018,0.7927305503983767,0.597235617260667,0.6950333737591868,-1.0505457732684629,-0.4642983970052517,-0.4412114470302435,0.5544680570040766,-0.007447980744895734,-0.23041454697923341,0.18623849258453967,-0.326819916400487,0.022693908197774015,-0.12784988589059612,0.19799308403361437,-0.3532115364840771,0.03424315151336028,0
-0.9064613154677296,4.339455298639923,-1.0003043300082335,-0.4184241981975122,0.5612952808458737,-0.46814195707481526,1.035397873752083,0.5867588965817631,0.6395982492266993,-0.9552178276804267,-0.30822308649824925,-0.6352114544632792,0.6874643984833436,-0.2218147546267137,0.024575381229434458,0.17916628743617757,-0.3002695597146658,0.099422810801173,-0.1315348449447021,0.16606446176407244,-0.10444301214243881,-0.3522367004683468,0
-1.191495861157277,4.577653704159647,-1.0969830239109595,-0.1255180853323535,0.28187066868667965,-0.30735835369783165,1.0205158370093708,0.5819554098357134,0.6290794520688568,-1.085726031827477,-0.1239693278943697,-0.6855371257600091,0.6165873874542945,0.08612788261270324,-0.4182545176004309,0.1559685146922282,-0.2346825227654652,-0.05859977096718313,-0.277162819312858,0.20595395425233132,-0.10295759851838401,-0.36132869444742177,0
-1.3286759052553763,4.470999969901637,-1.0145015066412768,-0.4647983998923286,0.43548134644570125,-0.2598298973684202,0.9579648840393397,0.634311090576534,0.8132480976511637,-1.3622116372770408,-0.3691951620649157,-0.6153851135587658,0.6686527800267973,-0.0013821973282755048,-0.3133797349668095,0.25047586437309866,-0.10288603319641289,-0.02774549552930496,-0.04041466658353155,0.1928853184828933,-0.5113557211466433,-0.2174583613751234,0
-1.5382128237348722,4.345285302644333,-1.0625638875584023,-0.48856969168743536,0.2255107921346802,-0.03925095249399888,0.9729768243167639,0.5583399432178664,0.7520906344935333,-1.1271512088702536,-0.4426354400429296,-0.5360008954903852,0.7529204976647444,0.05634323581852771,-0.39731495223918034,0.4310920932622016,-0.2314205497971607,-0.12442182375742326,-0.21140238632117883,0.2177480970321743,-0.261107002457113,-0.35436698763002317,0
-1.5890112385285677,4.1020056172543695,-1.015398469525746,-0.6814526679261006,0.2952093410654719,-0.1672010604063375,0.9853777509648897,0.5200822272155651,0.7519091925576195,-1.1536154210145828,-0.49201683282946873,-0.4986838914862056,0.659816911272097,-0.0610231615746048,-0.21595576365767846,0.34267867880358793,-0.19768259232684365,-0.09714004437181518,-0.19241681754935266,0.2523078677449635,-0.27069551325177243,-0.28855201651234913,0
-1.722913179095871,4.298485686066903,-1.0246998665402405,-0.5738198163658387,0.2613028350404851,-0.25223132205783705,1.0460991153980062,0.5251595271405161,0.763967573272574,-1.2107323194021418,-0.45894331003786487,-0.5056351848732477,0.6636527880198471,-0.15712643125165576,-0.10899149521535541,0.29951137521354254,-0.354439506046692,-0.02273371747458851,-0.16719531499710624,0.26622383439051295,-0.3993429754995939,-0.19604729842684562,0
-1.2647874148127838,4.41423778165184,-0.8672915536231782,-0.6113003267764753,0.3264086047129323,-0.31631999514511017,0.9924715058502721,0.5145160932649088,0.7613294760971473,-1.2724865305147341,-0.2592544346315599,-0.6217196258773734,0.5866403689185462,-0.06836999134758476,-0.25395351232587415,0.28410426405953143,-0.2677688699864322,-0.051992596941657886,-0.11390916275882852,0.18858861941895189,-0.26089915480451753,-0.2913015080392211,0
-1.0644519586258472,4.202926147974996,-0.9553190016352517,-0.282384084978627,-0.03611861005517949,-0.2075689558584691,0.9796002625454338,0.4127463208832007,0.6661902592288803,-1.405043560755207,-0.4683177780942395,-0.2167913479983117,0.4575071211387563,-0.28051460231957626,-0.12817038905871062,0.4834327681127632,-0.2124798522616737,-0.1791050221302781,-0.3371915853529597,0.24348779712739765,0.04364079298772668,0.00505089121880826,0
-1.977259134161722,4.81738178727961,-1.0850393777518206,0.006285848001644897,0.4308816407614955,-0.49087243299550337,0.02858316864044382,0.4413375632960754,0.7692952788083333,-1.6684586252180895,-0.3857311645283998,-0.259336519758914,0.5133789373322604,-0.28961365553562535,-0.32930693479927664,0.23934069021060048,-0.31810998738457696,-0.13814477690115343,-0.1787532017922608,0.15354497557277438,-0.10316261906344373,-0.4353561929311416,0
-1.770728815832392,4.633449509127394,-1.1071570528204997,0.02535782611272044,0.21407914243768514,-0.1494968617479813,-0.1033197519476465,0.43345855272657036,0.7441871625187116,-1.696376035916323,-0.35775289776225344,-0.16786959519183853,0.44623988911986284,-0.20171510908427734,-0.45780199194819077,0.3381992304009091,-0.2349580378677969,-0.23189484846892536,-0.0884398081023093,0.13256067963482732,-0.22995063327301601,-0.028147969768289753,0
-1.6662123070497872,4.326459511319121,-0.9699632612394959,-0.46001465097634997,0.2276391735454081,-0.059022739178982105,0.3434001062535003,0.4698863123313705,0.7682464258343614,-1.4528202096585034,-0.38225259791297167,-0.37859790572601054,0.5804497936290192,-0.1045997970173922,-0.36536264340978025,0.38200989352996045,-0.3099091228146102,-0.17531246416957533,-0.04744406992423195,0.07580706111330693,-0.09055234308005869,-0.28524735726547495,0
-1.5922896826212374,4.322649574863928,-1.0320213570157426,-0.4858891693729911,0.34707656545110743,-0.16950116032820922,0.642201645655612,0.5175429793146091,0.7076175911948567,-1.1683376538411714,-0.3273614840812421,-0.4904950128104688,0.5229663379368124,-0.019414380758842012,-0.3357032660514658,0.20689992528072598,-0.12449496160481112,-0.07848181437499398,-0.07148264761950542,0.1769256952851711,-0.3076761315694668,-0.006508733709964012,0
-1.1532602571506825,3.494550766595115,-0.8085470511003261,-1.157115764489836,0.4194497250995255,0.20847907719749523,0.16591930672651037,0.48771710691936027,0.7615954662829852,-1.2665723800245874,-0.5241359881589245,-0.45729093717624303,0.5201435335354163,0.24455009537287842,-0.5007617487695545,0.211150662654713,0.3566094048469479,-0.2426075049649916,-0.22266311923197438,0.25516695005027795,-0.07480981958561428,-0.12293339779853676,0
-1.3752600747671535,4.083991128941216,-0.8658003868634588,-0.7805770083208627,0.6060467384858146,-0.28088325089826655,0.2559366173021235,0.45904265297075203,0.7555566539597091,-1.3104724964134054,-0.5243107780100476,-0.34503340479396866,0.4632372178657334,-0.2868980208216609,0.04831305161694747,0.19350300284772792,-0.09270866073830418,0.03467382005864573,-0.05852904101975915,0.16392809381687048,-0.3545366840296861,-0.13327118667445362,0
-1.5439876508196564,4.093460728665839,-0.6989514818703515,-0.9652440119256468,0.48937349879087816,-0.43186291655550985,0.4035718875124189,0.3938623949340984,0.8462922153809332,-1.5781264711915763,-0.4661592444938267,-0.4121273495506122,0.4384628773091614,-0.22848327165662177,-0.03886283922990146,0.22688100868001118,-0.16471378346253523,-0.06332464950883528,-0.18396933924519274,0.20086217085167263,-0.2451978107657486,-0.3412942977461332,0
-1.8075172187842783,4.023232577527001,-0.7155378379695883,-1.1380859976219968,0.4836797396621793,-0.3096116500675019,0.3650691243263298,0.4244599476115298,0.8679871196341956,-1.461748954271787,-0.45460654610896284,-0.5648720904953318,0.6154072502552425,0.013647580533020164,-0.1780923477683991,0.24058319521099483,-0.0898980737411532,-0.08982983963769138,-0.14232978629954104,0.241315481402068,-0.5086374800890676,-0.12441224222000999,0
-1.6587518926410376,3.5144967336468933,-0.46796391800426457,-1.8053941925684809,0.5228949501952926,-0.35422801732129516,0.593295336134062,0.33370952384487446,0.9600127502662718,-1.4447669333193527,-0.7322589912175513,-0.505862940678817,0.6563600552424743,-0.13509967430788178,0.1310632236816269,0.34952525182160155,-0.1023237982011395,-0.06612095198647118,-0.17448414837729606,0.3160110799756091,-0.47502582473101257,-0.2722523056910905,0
-2.070507328742189,3.645227873017969,-0.6526262645428348,-1.518564610140383,0.2471732123684082,-0.13661906872583837,0.707018916325582,0.3690013262371636,0.9032760780790279,-1.3899655230360333,-0.5350539022671377,-0.5544906173989496,0.5567379662000405,0.07295727532779259,-0.21730783632039405,0.2448185156423843,-0.14086363412329614,-0.14195269494097904,-0.1613956658701737,0.2715102384410297,-0.3227524302769105,-0.22078700015254846,0
-1.5826868178633346,3.4784613732114744,-0.5164357743091044,-1.5779431363619936,0.10950203030985567,-0.004340256804359586,0.6276789655285036,0.30398367715128755,0.875049425307951,-1.502309673301159,-0.5717759770858282,-0.41408801904355524,0.576396425883238,-0.04511602468788373,-0.07892245141602924,0.5531181559333173,-0.2090268688275665,-0.20827428394314715,-0.17823560411848746,0.2532805872228564,-0.24743886686824706,0.19395261379254716,0
-1.8022963889790098,3.37129507243438,-0.4770496402101783,-1.6682336324923537,0.3841176836095255,-0.6005347829588897,0.7205615810436687,0.19664407247371837,0.9111946494293952,-1.6316305253241858,-1.0184313733461892,0.0015439740564203931,-0.1382207912169642,-0.5326800264920278,0.5098804456586318,-0.052244093424481206,0.5428486249845332,-0.07392207001952218,-0.287594833915094,0.41504490264673144,-0.6415013183546138,-0.31895362307768393,0
-2.2782015712780415,3.988442560667637,-0.6605415826799772,-1.0713751362749493,0.2789724455873773,-0.3582486680089071,-0.24594894590266642,0.2156253827353067,0.8448066151088681,-1.7209958755473063,-0.2770541025662643,-0.4758807064509163,0.472231836158374,0.11444632373690394,-0.4185551417270385,0.12175933873523281,-0.19841498492812132,-0.22368953211813222,-0.29275068388377534,0.2472666827658811,-0.10306529029739123,-0.15103224716423475,0
-2.1893358961797333,3.5744303237646204,-0.4500035861338834,-1.6744370684972327,0.40238218263413705,-0.31233425236163076,-0.12161195631146823,0.18531800769535064,0.9062489819317703,-1.6262293857898453,-0.5507267237821607,-0.40286082628283154,0.3775899394932305,0.1009584059068118,-0.2163710427671138,0.14396754557731536,0.18214221505731903,-0.2129100109706353,-0.23756722112968934,0.2887590379765311,-0.2651722176652357,-0.09035181785230288,0
-2.081315613940865,3.250479268399029,-0.44077033625460194,-1.834485622639655,0.37207960752362845,-0.3282804547999022,-0.13358477397989443,0.11158353708415329,0.831550540699396,-1.436734653193009,-0.49348285504405476,-0.42642760926742,0.3487652761851817,-0.1377735764415649,0.29324063387625676,-0.08577035704727103,-0.2500307306914656,0.16336479374117469,-0.01856666384131693,0.11118506731167727,-0.30165941609210506,-0.01619805450648403,0
-2.2584895913680345,3.7097506891561687,-0.5597728848420054,-1.5809479517472773,0.48252663539257606,-0.1693183882582341,-0.19718202206813046,0.2213408880424876,0.858005032368158,-1.3470310837026447,-0.5448637144196086,-0.4413117832904583,0.5884678735145709,0.18693851419544816,-0.3100033582268148,0.2843569722326563,0.07624807233255439,-0.20555314946843659,-0.22228788461585772,0.28840063616418005,-0.20271662569480703,0.11237275477480921,0
-16.427389959831352,-4.275898881788224,-7.104391942131142,-2.035598147869904,4.9885380649731434,-3.2031506152741755,-0.8246746083145574,0.2909393120168328,0.5287034625249442,0.06262459601337933,-0.887777262580608,0.18677951054095937,0.05543087755618849,1.4100677319574364,-2.003513404252214,-1.06336729249384,0.7010073874810527,-0.14862991166949555,1.047673594207292,0.16340699879680962,-1.0172638575751534,0.640156094314288,0
-4.050115153930477,-1.3664190420416646,2.924289753950336,-2.873504483923386,1.1708299821875787,0.770876444408606,1.9472485157547486,-1.5398141357175619,0.3198134614316446,0.732151351960297,-0.16246545492670408,0.23183878312271153,0.05721467643403731,-0.6127601224065096,-0.6401862259209957,1.1854949283168663,-0.04924258899766472,0.03198370534245231,-0.4530085130707273,-1.061706980756328,0.7283502515256031,-0.012025843355423045,0
-4.033860683516568,-1.2992009708532164,2.8066434531264544,-3.168614765739186,0.7029834935707733,0.38219536056941544,1.7001299859154273,-0.2741520163667465,-0.21169919515927027,0.74549590045684,0.026051162826278878,0.5169264002872578,-0.10833846699471598,-0.28512896057825327,-0.3301586416821565,1.446401609387684,-0.11553335762281083,-0.2075937718831506,0.35108322013423726,0.08520300269309355,0.8456110986228726,-0.20998503064740243,0
-4.6355311407572195,0.30959128274385184,-0.06971954642114654,-5.098618790746109,-0.5866096503953843,0.5604322649660151,2.514916942757253,-0.754120357701629,0.4175667758482267,0.7362520686723228,0.007846731288246046,-0.12050548153080988,-1.2211921272735156,0.6013884183111107,-0.5279949297245614,0.4760353849818902,-0.17495661133852836,-0.35972400975110447,0.2766737823002311,-0.10905230662716986,0.6950462160770067,0.6762102911386237,0
0.11059914447561732,-1.4524137832616297,8.145493747672633,-6.056651509689361,-0.47514046266452586,4.953887591343393,5.14495370841341,-3.4239041519513105,0.6170465500567712,-0.7468413092112803,2.649032564102458,1.4370833433983377,0.49041278608741773,3.248819391643016,0.09668648199080208,2.1464521107778207,0.629374563006609,-0.36534722502536154,0.13262753362016358,-0.17582318455794996,-0.24162556605131458,0.03620200912209797,0
0.37593781881151545,-1.1920922009982493,7.034547663663712,-7.413161432086325,-2.5594905459121713,3.2970214516928475,4.130880197578152,0.08438590132544337,-0.08426691489900667,0.002558891747633896,1.2855005675754088,-0.46153162899446454,-0.22016629271585197,1.1605371553465944,-0.9565738732053362,2.0333303179793165,0.23749889553937392,-1.9402556146642724,0.8154537348364557,0.16871156637568552,-0.12147576582769115,0.9112579061694973,0
0.2351906770509238,-3.121650518310072,-0.03830711576796145,-6.920361664553457,4.461257324787647,-5.041371731542698,5.497001674008932,-0.43018031787498867,1.2553259931914975,-0.9007052374701409,-3.9196289444823074,2.313286498145273,-0.7410783526958733,-4.815021196025585,4.896589526821468,3.305740020290016,1.058643374305416,0.20594035939420213,0.88285923985334,-0.6404115161753126,3.3127232067854564,-0.22644942174599245,0
-3.8172149511644844,-2.7476494594505247,-2.9693129929499285,-2.3664054151833605,-1.6598121644571078,2.9026139699354103,2.494690457236415,0.724038234357568,1.2994192708206327,-4.0473201655203175,-0.5716100546859763,1.1291394019496153,-3.2967951917588016,0.6667553455324196,-1.8212674302705523,-1.929031767078119,0.03722538261611662,-0.682569220264007,-0.930242308465373,0.9840646226873759,-1.3486729221628488,0.01606243921358442,0
-2.525697032352606,-0.025363581613026046,0.1745431374147586,-4.915224263803001,-1.3902246673065686,1.1134089120455157,2.0743378910129033,-0.8917847300585962,0.34684030247568165,0.3454097286205078,0.7229110237656282,-0.5090689895963232,-1.162373285133093,0.7584900808973278,-0.654115903883269,0.6564690548999031,-0.4657423708101681,-0.6169922821686455,0.2571025547382944,-0.287935910041992,-0.0790471058259406,0.2884425738222826,0
-3.74010286345921,-1.8230781488498675,3.09404582405423,-3.1642318675986383,0.48040543701898636,0.43248372622440806,2.5175080738934548,0.07079040926543262,-0.714629933719027,0.5466608248675819,0.2953591750297843,1.7067070824616346,1.3310521919680718,-0.31416888909692253,0.8552512513128846,1.6077111319067592,-0.6855035529847943,-0.001712165144964892,-0.980624483488065,-1.448498784734111,0.5475868530222905,-0.7286333133126767,0
-3.8947211721907773,-2.353841573361923,4.318600764824642,-1.9190755384180744,1.3484452204788806,1.1247832526660175,2.7414961473200408,-1.5351730970294901,-0.12699059454887518,0.6150193546515234,-0.2134403358903913,0.45304152893815164,1.109138301608458,-1.1642876137267697,0.13314487864643787,1.7744736121215063,-0.8609106509566519,0.29539690241795874,0.5908076559833905,0.8701207803375627,0.8169237835421245,-0.2750157667699612,0
-3.8502158479104875,-0.41400977131278094,3.4137807834651657,-2.5911052003319592,-0.15587740937519076,1.3766793148321028,2.997215316117611,-0.3680271722934185,-0.44282077488395877,0.23766970233824647,1.2056923211400667,1.092431162509024,-0.4632422982453234,-0.02755888241163048,-0.9648272338085114,1.0635774198971735,-0.04757605167155999,1.4527805778984633,0.17060475117459675,-0.39431503996983736,0.2897372332425721,0.22515289541693687,0
-3.8311958583539374,-0.44960902328010194,3.4594568560731678,-2.430013384016888,-0.1881706227939303,1.3233679499017337,2.9158724350735095,-0.2293072847431779,-0.35690996645665585,0.3418341029850633,0.8517294638101752,0.5609831742446965,-0.7419566874076025,0.021866450453560084,-0.7146145545949876,1.001637015161661,-0.25591197974897545,0.5941598488318081,0.7951950514798423,0.2308470457739997,0.3240402502937698,0.3355567448387798,0
-3.8736957867808504,-0.6597125733525468,3.8187629701301704,-2.3553341850438634,-0.5445066194498581,1.019403720192971,2.7241861413090733,0.6914698822842227,-0.6840091955845808,0.5249958194098969,0.613221910199293,0.08560660059345518,-0.918786209000623,-0.5706947295374142,-1.1220766973848504,1.1595357186307418,-0.35263403891004547,0.49083627595145585,1.4081973807917585,1.0876385523058858,0.3608931141688506,0.5476471127409344,0
-3.9964353316751233,-1.9379747498640703,3.152522752363489,-3.383868102191171,-0.2727994486120444,1.3658227100546911,2.9078522440837147,0.20022421537535406,-0.17673249474215244,0.18652308679226523,-0.16139234929448115,0.6889134605853865,-0.5014241440138879,0.07604637298635718,-0.8201463528844218,1.3271891818567862,0.6362661275993234,1.4503412366058768,0.20641085543636983,-0.31516565654685336,-0.4894057046737829,-0.5007063201046636,0
-3.9316265898668403,-1.7695374372278103,2.7372664729963527,-3.916005425941892,-0.829526301246275,0.931965994399719,2.6457744542949544,1.2484747534391625,-0.5527534445953256,0.23758417468136683,-0.16165870935355806,0.7682432885142023,-0.6396713576888168,-0.019463158840129235,-0.9379947525186497,1.5315351919341729,0.6393751125434367,1.655338826928484,0.34574372416228694,-0.05565851680720952,-0.39724925319955723,-0.5240966375655335,0
-4.028853447953389,-2.036883136226321,3.439663571069364,-3.316825671067191,-0.18950251119357955,1.5177066066071496,3.0823500965480317,0.23428783457874702,-0.27625716308731985,0.36786823347577524,0.0787912871157196,0.601270031495532,0.3733233412892943,-0.9254536641994195,-0.5753639376050557,0.10099452030558756,0.561508756669251,-1.1214443798144946,1.0065512992069532,0.03792140654676233,-0.5529258735973135,-0.04414434294707279,0
-4.235077152049473,-1.5759266874474478,3.201750808063324,-3.5220553005919055,-0.08058087796383401,1.2651746990479236,3.985875021163397,-0.1772648981756093,-0.010852267548551153,1.1154269347269379,0.31477310257177354,-0.4699602690707453,-0.280210432366568,-0.01613615512324556,-0.5628921015424738,0.5451740923118532,-0.3943530122782614,-0.616049910523029,0.6588792027692297,-0.4064736475609536,0.39472820037328976,-0.005264020663911416,0
-4.230909159003695,-1.5788350506590114,3.1576074804312593,-3.5217745254511303,0.043965533560733384,1.3882326795265136,4.105840011080676,-0.7522553993860305,0.22997036035874588,1.1497634428501315,0.13963919106296396,-0.712723411298096,-0.10258543296056548,-0.5832639657941295,-1.040695423100248,0.2992210016313549,-0.30679870728146813,-0.2844407271791227,-0.33782321930938125,-1.8027572320854528,0.2368765284411195,0.4323031263535583,0
-4.322109307306387,-1.674627449849682,3.5191628389598626,-3.8307210318810063,-0.43531435411563946,1.0513936603536926,3.981047827406022,1.009788803336041,-0.8392838660422948,1.1256592214424974,1.0877235307498732,0.35831900452838594,0.4772945003972006,-0.655442150670751,-0.7674645775255128,0.21726830080045856,-0.1944835370991364,-0.8881884384261792,0.9185099299094155,-0.022257403782749898,0.29836103632839683,0.19481775057808146,0
-3.7584993935522495,-2.3612813992858097,3.3522421735909793,-4.183930268909354,-0.12781789060590093,0.7911250062350318,3.3300767615774713,0.7105714739442996,-0.5376733103970724,0.2472207708401687,0.7110199811862232,0.0488189054483976,-0.17464652431414093,0.36349713577549136,-0.6593570882436302,1.1124843055679223,-0.4016865821379358,1.9848686416793664,-0.39791403915293216,0.23979614851024558,-0.6984062936546138,0.8427617886521991,0
-3.765088645827802,-2.329642073318323,3.2974470715844975,-4.352668161900525,-0.04162924501515255,0.9171525974265643,3.593771177354912,0.5747106719538501,-0.526142871715662,0.31944235066367577,1.1548145497279987,0.5955626786595729,0.7693184345371473,-0.013160133671145543,-0.21296487403074316,-0.04837825008201871,-0.30405679848713474,0.07576944202445758,-1.0964154694112647,-1.3599381693342787,-0.9808280721290302,0.9093370227540098,0
-3.7652279323524405,-2.462352939115939,3.557974240857198,-4.110336547545882,-0.1422022577276387,0.8300181803278744,3.4313479285321016,0.9427999210628669,-0.6016671124011491,0.4717902204926452,0.7912499259119881,-0.15641315735253863,0.49724519188389915,-0.33403539189055986,-0.15175565911394256,-0.04979073126547114,-0.5618574602631061,-0.9790852235451067,0.5469155045509033,0.6848575224644958,-0.7650067748034176,0.9593773196787823,0
-3.259854633265697,-2.689163571006282,3.8391193961076246,-5.682580761451279,-1.1522905870929099,1.4151487635847175,4.1035507027233,0.9254763350269029,-0.2114235066788573,0.09723792582333926,-0.12498909600028867,0.6293671408234683,-0.07503486408523456,-0.17698149383458997,-1.3819123193412084,1.4335134267197913,0.7492372313574636,-1.278156968566103,-1.1098603565454217,-0.7935861474416109,1.7852965613258263,0.8780521136120943,0
-3.381591305564802,-2.970867429639839,4.5570958222324265,-5.336979254937317,-1.2426957543975392,1.3168208878152625,3.955287632376579,1.7077258917612945,-0.7911366265280964,0.0568618347396478,-0.03215567884831804,0.5406752083772833,-0.4107071513785203,-0.20611748604564184,-1.7141366336156376,2.152878297593018,0.7005232124615502,-0.296802152353007,0.15552684715927687,1.4249261609359176,1.939952506758691,1.037010692448417,0
-4.440365207499495,-3.912790473502295,4.745684581018843,-5.576485485030953,1.630545729259989,-0.0022950249330282876,0.04593976983436237,1.1552206720303624,-0.6215051372801207,-1.0296322579705326,0.8680187817337432,0.42034681351496556,1.0730173041908193,-0.3658099913989474,0.6419745722174274,1.1478506785407014,-1.8730624566708571,0.6963925326268412,0.32798816386257906,1.325216028515654,-1.2943600158404198,2.667815380219375,0
-3.781805778639209,-0.6759050680765608,0.10249521210791104,-5.618912391717676,-1.1399689514794702,1.5349779046387486,2.2509866271657692,-0.6094338635910891,0.8002459248079737,-0.038123297115689146,-1.0718872624082094,0.17262511704939743,-0.6226555958650422,0.6470322336931196,-0.35283327698248124,1.0012999100835855,0.49465744957090935,-0.548415475168398,0.5279809217824102,-0.05655537233266956,-0.16109426744967398,0.7109067612986042,0
-2.582034128357774,-1.968480637060301,1.8132724003594638,-1.5945159149759542,-0.12841037454295182,1.0578258833859153,1.7353002577345868,0.007932268412931315,0.3251491910167691,-1.5810994695862022,-0.30221518459019525,0.8619085419067034,-1.2438636001934962,-1.5028794502851026,-1.0200628964713663,0.19620871976184442,0.2650089504706594,-0.42510669927155903,0.9532704949629894,-1.6485903414350032,1.669306152865877,0.9986817706049965,0
-3.7373859415693955,-0.6591974050963213,4.115655623468502,0.04093865805815855,2.6023125885837857,0.8261602902978712,0.4107865988603962,-3.1618881370141687,0.4084745334181475,-0.9182993082628843,0.3687746195761327,1.5127259448497226,-0.44183418448002154,-1.2579879392577753,-0.43268718297593084,1.520635683324288,-0.4551921190077273,0.8226652387883632,-0.6046735651794735,-1.3556814736526392,0.99158459614256,0.384414277513851,0
-3.7149066097251464,-0.6548803300020024,4.058133139582701,-0.37202232754149794,1.8130913111980709,0.19881570847249372,0.033779143367698085,-1.2309841674875532,-0.3234698398292691,-0.7363963543457327,0.43430203165434794,1.4834775122379755,-0.5212098647956646,-1.5908054708104022,-0.39028409736137,1.5862875475650664,-0.5767778542939648,-0.0015450815468050646,0.5530883170298135,0.12093519311198328,1.0848362053632825,0.4621588508121764,0
-3.5808662896512877,1.5058994489734492,-0.39166563016418043,-2.797866826999215,-0.6111315507514349,0.1836522817136865,-0.03903598606339628,-0.9797904089244565,0.3910646724885261,-0.9518017282932009,-0.08302456416791164,1.1259581538902756,-1.7672447385560963,-0.6263453807756637,-0.323950244896512,0.5062767382833655,-0.5893933618977827,-0.4165855297694812,0.5352542990552303,-0.5141820443302654,1.0997669774180243,0.6702903629095208,0
-3.5642260668457366,-0.1488068287109445,3.11864360713641,-0.30117913086864034,-0.7067890227957675,0.37250308262097837,0.4898746051785909,1.5511440032685113,-1.5675490400635834,-0.2754002396746991,1.2018533165523135,1.7364266178631738,-0.9290380579122917,-0.7140317313771507,-1.1882133603195186,0.3266411114606655,0.4369870985900988,-1.5874584408589445,0.46021294144516084,-1.1400691789288537,0.25692183932925305,0.700917953797308,0
-3.8782573196619814,-0.2321532137638795,3.652774095451815,-0.5908338711104432,1.2090902080516086,0.736265596144515,0.5087268886157359,-1.416297995238164,-0.34095241294850415,-0.7590470949122174,1.0285749559372095,1.5131432157744114,-1.1436035209422046,-0.9808713325438381,-1.1242379848280866,0.9168612016726995,-0.13834257662426794,1.322673826782323,0.33117031494007043,-0.01669929367737803,1.1764910821438814,1.200313930903256,0
-3.7680182624954797,0.19646585831675306,2.784364516521224,-0.3465403431283036,0.36504019474471233,0.4932806394164994,0.3506665011417934,-0.5571724989089003,-0.38977406495564454,-0.39435147886748706,0.6523222841895642,1.0951371277508748,-1.0742874983928155,-1.6509793491645468,-1.535624912313269,0.34023550522261264,-0.07070914225107525,-1.009495060328705,0.44139694311761646,-0.6177260807872748,1.4282648281954982,0.9593617262966351,0
-4.127119044676074,-0.6313202031472382,4.888377022610713,1.7108832041693274,2.482848572215795,2.222311189612463,1.3508362158073701,-4.3279634275338115,0.513722657314468,-0.6795961158008337,1.004586987256922,0.957777344905776,-0.31005785341517933,-2.106173994902322,-2.118797084907019,-0.01769462502942539,0.1400378018536178,-0.07863763130901265,0.32832385504050593,-0.3845209566419835,1.051044169069386,1.5126534648361203,0
-4.160807240827945,0.1010539062762697,2.868137942231159,-0.5939125352140241,-0.24516225639226466,0.003318975036135152,0.662402426929678,1.3809570003394054,-1.4500013581114433,-0.5355454734746428,1.4201590994212343,2.3220979109433264,-1.0202641239350636,-1.2804221508206184,-1.3551250479567298,0.8488041363504246,-0.20353031502912033,1.656400707026465,-0.29688746971533797,-0.35611505256526765,0.6529520475408421,0.5504431303041232,0
-3.618246352385435,1.3791690380273933,-0.53590637802494,-2.7442142141129153,-0.7040115419445988,0.3797153191916659,0.0944042460589142,-0.9298181293208692,0.3837222221125138,-0.7636729668908888,-0.28829797156050435,1.1584150760846417,-1.643422255335222,-0.7446340365895471,-0.20194949872685428,0.5755909271252536,-0.48790725366332716,-0.3224958164983479,0.806220843080887,-0.6449293011515789,0.9718371332430403,0.36040750108848607,0
-3.27742563867323,0.08567798959347366,3.2343969034787348,-0.970445441422943,0.7317252844835498,-0.16024677231663148,0.4422562305948818,-0.7409566901226172,-0.8484572731027511,-0.09462759545994529,1.289107848428705,1.9835842509064776,-0.3719701907968074,-2.0780252714908594,-0.23316394242341779,-0.09935192833482216,0.10130970443400789,-1.2608239385267694,0.5064298477051513,0.19041775225147614,0.7391415353981696,0.6809253321120746,0
-3.4766562778596892,-0.5217084708018486,4.085493267436565,0.868861635409234,1.9583099849142895,1.6949600602818249,0.9443168068594867,-3.303090712608474,-0.18784689504011812,-1.0468693228198198,1.8021608974285341,2.7167780016643923,-0.2751065138116159,-0.9558078309603462,-0.14278768255016708,-0.040138583150421625,-0.07841734350047871,0.4797804017671527,-0.22412662708783251,-0.4585349585882208,0.2828161567967402,0.5300366198102905,0
-2.8635376757294964,2.03846350217418,-0.9588106535777989,-1.4962063681250861,-0.683743412476259,0.3847759458835618,-0.12293754082352164,-0.9016673980811094,0.10514635797930447,-0.5931741891378117,-0.031102017256800243,1.4932706372923261,-1.9107054069921794,-0.8220285653859886,-0.5327124570384886,0.7526653896795302,-0.34663237229954624,-0.4928475440081114,0.6971803775075567,-0.7279280526994455,1.1766986137478315,0.5608868659777004,0
-3.700428078509038,-0.09060857657243794,2.9348330920863033,-0.2229801163729252,1.034906668845208,0.42912305088451946,0.32726594417378896,-1.1980170349872492,-0.20119226928343664,-0.4457474885672295,0.6763658751209262,0.8946805740315941,-1.2222361635639967,-1.6442721908202784,-1.279182726583746,0.16499601619628954,0.23338039547443776,-0.81507713186871,0.8472402986996977,-0.4585805048277982,0.7163069189156566,1.0592938444619717,0
-3.8076425700754815,-0.5672842212150754,3.8651013101730913,-0.04177155873505757,0.8585352340858731,1.5874563605926395,0.19279114300401184,-1.2178806632131802,-0.8180753483009897,-1.1219257495769488,2.161877481533688,2.3114046048102885,-0.5730511334653591,-0.545522912977276,-1.248683041153785,0.4079756030141522,-0.21843553290410522,0.4592902434714464,0.8556637999568096,0.6764714099254944,0.9215304320405179,0.7701637752272378,0
-4.141655996618562,-0.3250166573031373,3.0419760205757007,0.23863791499820983,1.284276600402088,0.9637728924885068,0.6751903878083746,-1.2389615930363758,-0.9008402901131803,-0.8312104189846493,1.541441153454931,3.329552861985256,-0.8791455742404187,-0.6781568850814446,-0.5271170839623508,0.7080982566546853,0.2736475049679651,1.416314921778235,-0.663301114035546,-1.2182607559904817,0.9901938745150477,0.8317982197816094,0
-0.4479475241294292,1.8743018368380353,1.0926310410064386,-4.026076915941881,-1.209777080147404,1.7131408721895214,-1.497157716515243,-1.1794521910980067,0.5724784663505436,-1.1059449806134787,0.6088476879147259,0.4836396819636842,-1.8080897982029747,0.9109881131027442,-1.77244933216817,1.5801134045193856,1.4495447293096733,-1.1717665362583414,1.9976692560268277,-1.6371420142271942,-1.4114862315648855,-0.05118896588502966,0
-4.2309411207207415,-2.954640772538689,-0.6725578416676875,-6.221858554194941,0.47694488882525016,0.894932481125686,1.1472106752574747,-0.71376051344317,0.9545629294189272,-0.3461379618110489,-1.8711879852970401,0.8243984625945272,0.4878737192628741,-0.11912580725071348,0.30625098612743784,2.037440361384328,-1.5329203442966597,-0.5066226742547318,-1.035461471321496,-0.14819985931794294,3.6747766957242516,-1.577256627575397,0
-5.227001420411373,-1.715892971647632,4.564905166180364,-1.922766137543567,1.5710253322870533,2.5572661494284192,3.3406614570551136,-2.378195640080753,-0.18720284788414251,0.02589227241058271,1.8446620449962723,2.195193984381454,0.775451713430788,-0.4968463005607021,-0.26838410663160317,-0.24863496347524952,0.27673077941303087,-0.2354799223740143,0.667052904156254,-0.20186563524274395,0.019650200960605615,0.3335671016736786,0
-3.5943269261148085,-1.2726734839958274,2.7665332062101524,-2.846344938764514,-0.4785002119694799,0.666988508159463,1.9467489648323355,0.21869957136480347,-0.3710976982084297,0.5216207721688805,0.23477758614392547,-0.034177921916855994,-0.8530749991176126,-0.768301037049945,-0.9757992276636688,0.08267993264435976,0.34762268616893216,-0.5168905516788743,-0.10875930112203117,-0.204805502105619,-0.2227227990872027,0.5565882050060484,0
-3.722729505129969,-1.4775051682665266,3.481224056579544,-2.17134095569667,0.2961996193954493,1.313585732104008,2.3506258518269263,-0.8946807719601562,-0.17437875969665872,0.4243960120372371,0.5845368734584165,0.1364077302886627,-0.33878167839426465,-0.797211661124199,-0.5729238001356665,-0.5010898383140737,0.3187564503319256,-1.4715336463914415,0.4133285991565386,0.261739400999936,-0.21002560325334407,0.9548172421935776,0
-4.356116120281254,-0.39519141720571316,-0.05680381680596826,-5.386672989801911,-1.1544451282164123,1.2313067620228542,2.552556874619964,-0.7204935693303646,0.4419732618923023,0.5183942180619117,0.25162641949158476,-0.32632726401691253,-1.4813606135112773,0.6930253967011918,-0.46612831334016197,-0.1326299876671426,-0.662043255673404,-0.1850202587572035,0.07460929117646085,0.10380463567949383,0.5928744290767204,0.846774329404167,0
2.8597176013115018,-1.3756913200294254,8.111229099538209,-7.936455926881419,-3.3516107452644373,4.232242772633882,2.5769390963058982,0.7785845548563809,0.3442338312041009,-0.764209285223393,0.5817077439804766,-1.5256138385456823,-0.46453674915520976,1.7684617998319558,-2.8829982511014682,3.091921338161956,1.1821720728266172,0.025766588803105048,1.058686055226734,0.10027462476558184,-1.4517803740494053,0.22931139936715117,0
2.695000002316961,-1.6701219286987357,9.092558585478182,-6.418674609963225,-1.7824623148013858,5.376043077973103,3.235000131732876,-1.5156507541531885,1.065055165631071,-1.058691180672467,0.6427179922266252,-1.4144290793774872,-0.5917215138895341,3.7884445538857006,-0.9714869332239715,2.698665501793285,0.8727681514377195,-1.8044351239141254,1.6183814140078507,0.4169489209752881,-1.6398902522010825,-0.03885385533428858,0
-3.5912909477162347,-0.5954549619729239,2.934557488511945,-1.7944102293067499,0.26977570497274395,0.6868319354534131,2.5373316185838397,-0.5532241462669664,-0.05164719793341285,0.3243606429964368,-0.18774449446233862,0.04557499081483845,-1.1292261612855479,-0.4315912423145029,-0.6590637216522912,1.1382352091449537,-0.14090131035192777,0.9043580539364185,-0.09078104504159555,-0.6338042607921129,0.38718318214775393,0.34363843463725696,0
-3.570651282047832,-0.3585626853454435,2.5366393573996198,-2.6217202777854407,-0.10320613766807915,0.5142224942653698,2.6104997530140355,0.27874965697211596,-0.6424609650690457,0.2824637430602441,0.8990494834905867,1.4287778698027505,0.07470968294648525,-0.9013630897713284,-0.43584383903885393,0.2859244725308208,0.16228256734671478,-0.10971111436994378,-0.22936855572031437,-1.1134063654644746,0.3972067694187798,0.10800810489774035,0
-3.7638607836261566,-0.7532952038717162,3.5966054645544534,-1.8946561661777113,0.33080048323545835,0.8368038766076594,2.7591775097681324,0.18566994803599027,-0.909110460763759,0.13236817337552134,1.4117757309737955,1.884114298174369,0.11053590161525477,-0.5663388867151162,-0.4779015626526139,0.7819769279939782,0.22964789287699758,0.8248527189735511,0.6753132437148747,0.6334011255526192,0.3971312545374907,0.08830787398340002,0
-3.738265855927587,0.4973131449608932,-0.18023958084120265,-4.476471322981663,-0.3570846996525795,0.3899741991456168,1.8512999005293647,-0.783403155852063,0.4113099889188934,0.2750691940775677,-0.14716870691642553,0.3055120910082935,-1.3637294086345555,0.28833535320862286,-0.5776032623384344,0.7853510788875568,0.1782182247261647,-0.5720287013655627,0.11536503093572674,-0.07010907941876926,0.9289248610875213,0.9564911902800028,0
-3.6011980066498896,-1.6919854418179647,5.3531447401725885,0.06110535572470676,3.005334623771517,3.4569055698616906,4.582449627936885,-5.242357510139537,0.863373642003198,0.1270167214874804,1.601898389997245,1.4708981099032343,0.9772334613165276,-0.6064657102232262,-0.55482128225481,-0.1372162220232533,0.5394250718875552,0.9643978865624884,-0.04905446785636393,-1.0712270726858324,-0.2810865580191393,0.603262160512051,0
-3.2962343761406596,-0.8192788988608432,3.332822954028641,-2.2788564283461428,0.7467326208911267,1.6750045883748217,3.531885175511992,-0.885663773437012,-0.8023398474169282,0.14013932974611915,2.057151686676973,2.6286941384919906,0.49626870516340527,0.0018075508956951903,-0.2728691607174314,0.7438247059392317,0.6156446270130708,1.5971035396125879,0.4003965298267522,-0.17919499232118127,0.10614199242483431,-0.08145543438141185,0
-3.1329889967080953,-0.9997836206037053,3.1714613575864434,-1.69715494195688,0.34003542548126536,1.1565374396343016,3.0243867079411557,-0.687388232043057,0.24120409472472898,0.8221952186609296,-0.558853248294444,-0.8068239824554354,-1.3992139775888581,-0.46320598882859687,-0.344147961695426,0.9415924821273037,-0.2729199962913592,-0.41839310278097896,1.198936764546352,0.07204561473201855,0.27647496587870013,0.4032342605388519,0
-3.206861764823431,-0.9589225673268522,3.19138728108978,-2.6898701486010492,-0.540462894993876,0.5802658933422601,2.939387726177438,1.7110720083309878,-1.184011054255657,0.8232486354371711,0.9829127041925367,1.1199764729423185,-0.006911898162381332,-1.216128061780793,-0.48303457275726,0.36067852441359766,0.17056138181517724,-0.843648187785021,1.0750053496937122,-0.04924212001434256,0.022816956050375665,0.3523087449375237,0
-2.807220501353542,0.737259096650614,-0.5249029057782175,-3.79205467421946,-0.5833738133109267,0.8565208776640134,2.406487803304635,-0.4750554842212248,0.3560709110286928,0.476518794932067,-0.12965554984131397,0.2043065204896597,-1.3406282154386853,0.26788518035458303,-0.6135850121290028,0.6187307372764103,0.5322321114408491,-0.34404821011698516,0.9510611435450798,-0.5538283751567664,0.36330074530268064,0.6226982106328857,0
-3.5386359053033614,-0.242328778921811,-0.19600838019290404,-4.937991761946298,-0.3644101916482545,0.7232841294780499,1.7237462400512646,-0.6780592558475749,0.509839219343538,0.3327224317949867,-0.18751532296284135,-0.0836792428702206,-0.5551592066019368,0.37070357265770576,-0.29804917621964205,0.8801037530412272,-0.6587146382541889,-0.31915613059316816,0.4195487558321844,-0.41374301618541914,1.294542330472931,0.2128499626195051,0
-3.9434767315661103,-0.4788735817923983,4.462888380445203,-1.1287058412263453,3.4564882857517762,3.588699276519084,3.9675065435310612,-4.122871941607746,-0.5384541175211628,-1.1889993653493942,4.483342450894388,5.81202665986088,1.9465419289308308,3.929878354079987,3.8234336443399446,-0.5806841368604028,0.04715898081953144,-0.8486317308311703,0.5389805887928385,0.11892642690483458,0.47129069543113267,-0.16020206427065467,0
-3.484185838833848,-0.9012224682880533,3.402858477410996,-2.204082214003397,0.09816409999749738,0.8037519396834278,2.0234286904647023,0.08736066352812799,-0.1703796487948676,0.6303509075340769,-0.08770942213261135,-0.5368814075345358,-0.6511374094114812,-1.3090468814980678,-0.6327920314015372,0.45367847103284664,-0.7071104377146751,-1.0254104982960066,0.9701421453304603,0.449622387657069,0.12147298218754171,0.4561060168696439,0
-3.0840656320392337,-0.9702128536302052,3.1709190861512098,-2.6016188476391493,0.2966988157725158,1.218930499643989,2.8856902748851767,-0.9045007583565002,0.06383726836562524,0.2559896630721044,0.5043808378143086,0.5508438543043842,0.12149734062225043,-0.3984008555711669,-0.6954638215169603,0.493238711499364,0.4064667490552253,-0.020143377560084295,-0.15149597662199896,-0.925025285839576,0.08050070885180038,0.14424116760916028,0
-2.297599150059096,0.09224706140273668,-0.23843367373639332,-4.368580183064131,-0.5145323636750246,0.5661267547445593,2.378018604759363,-0.4570760191013681,0.6373077123215214,-0.12489236026383861,-0.6349529250871248,0.06114845804833885,-0.4235162578211093,-0.088399638578954,0.3215703138329141,0.7033538990671588,-0.4781032572234771,0.010626535363139024,0.5946688527392333,-0.32148196843635884,0.6395785297167326,0.45934567109528435,0
-2.182718211345993,0.7597687063162524,-0.23031886388904418,-3.9850831482000895,-0.6186270722070036,0.46663211237992197,2.6326102963295503,-0.4664659353987455,0.5066312599763146,0.13831841841486447,-0.23358773428097374,-0.10394436505002336,-0.6743115933567909,0.158126803605883,-0.09000772176028773,0.5352221077085849,-0.16249400525105934,-0.10048705496974171,0.531259317189962,-0.2131768053887944,0.5170993238651027,0.6213116434462796,0
-6.383797910974011,-2.650793686156823,-2.0860709798377717,-4.639323348987639,-0.23628630747155346,1.6704283616204825,1.8570866429805244,0.02905943517282631,1.0489628773455022,-1.3454279078548144,-1.4699241954656679,0.9470381736515192,-2.5720958235177416,0.7223464403162317,-1.0618050668459835,-0.5877857578231118,2.7759580893584617,-0.2858825617822801,2.4478206049321227,-1.2375012450486575,-1.6076177758693706,-0.09865419039068409,0
-9.85370554152831,-2.3985541538790374,-3.466250233165025,-3.6818654031155047,0.6088288723956576,1.4186650216946237,0.7490709923745379,0.19488188171968043,0.7449126155262592,0.12493099471811923,-1.078601622457948,0.22297669628752062,0.46134110854187554,0.693358912428722,-0.9903177610665479,0.25514135725707865,-1.7629270267482584,0.07600513044468696,1.342901392595894,-0.9614950041216156,1.8719569286197215,-0.2139084205348359,0
-17.89108771648421,-4.632801225055921,-6.948233208403847,-2.4745712654500953,0.22328315264239898,2.216515692418735,1.9465965390210809,0.6784145950592962,0.6526967156373042,0.3511028049440421,-1.6196839498326236,0.9254816811449474,-1.554180821260549,0.7901716480508351,-1.6163087062824906,-1.8316097241760678,-0.4385977335019752,0.30553519929661394,1.5108595371108906,-0.42092467534743677,0.32015254431157186,0.2506309250010526,0
-24.126920866233462,-6.990864609819853,-10.350605026920672,0.47020216868961073,-3.2992119452027158,5.2031418514384455,0.328636836869667,0.9565980395422294,0.7136924402494347,-2.0767582655556085,1.0263071924389038,-0.7002710054404403,-1.3351127031937897,0.7651628657628411,-1.560776270759821,-1.7910589919869124,-1.4533692779049634,-0.3810008077341251,-0.11637415635441946,0.2836615695301079,-0.20900142148175999,-0.028360109892749667,0
-28.372749140074994,-6.257680516549238,-12.077357271630603,2.025486553329912,-4.009151688814908,5.891099710640515,-0.25503861943239725,1.0323906217525995,0.9051548963103337,-2.4724532518225475,4.186183609340376,-3.466421013038157,-1.1863047386531735,-1.1312411165344414,1.2808058793213517,-0.010941910100503539,0.4814692505523471,0.08933312314278977,-0.044121654170773815,0.029486281782301445,-0.2872506684486315,-0.1157654359235166,0
